Manufacturer,Model,Year,Fuel_Type,Original_Price_ILS,Current_Price_ILS,Mileage_km,Hand,Ownership_Type
Mazda,Mazda 3,2021,Petrol,150000,149724,48440,3,Private
Tesla,Model 3,2021,Electric,200000,119222,55594,3,Private
Skoda,Octavia,2019,Petrol,160000,110527,87682,2,Private
Toyota,Corolla,2020,Hybrid,155000,120128,69671,3,Private
Kia,Sportage,2021,Petrol,175000,20000,66797,3,Leasing
Geely,Geometry C,2024,Electric,155000,144667,1971,1,Private
Hyundai,Tucson,2019,Petrol,175000,121154,86996,3,Private
Renault,Megane,2024,Diesel,140000,131840,1000,1,Private
Hyundai,Tucson,2021,Petrol,175000,107576,55044,2,Private
Hyundai,Tucson,2019,Petrol,175000,175000,80201,2,Private
Renault,Megane,2023,Diesel,140000,140000,12954,2,Private
Geely,Geometry C,2021,Electric,155000,155000,46083,1,Private
Toyota,Corolla,2018,Hybrid,155000,56872,110910,3,Leasing
Mazda,Mazda 3,2019,Petrol,150000,50461,94438,1,Company
Hyundai,Tucson,2018,Petrol,175000,85241,107111,1,Leasing
Kia,Sportage,2018,Petrol,175000,103178,105948,3,Private
Toyota,Corolla,2022,Hybrid,155000,69143,43477,3,Private
Kia,Sportage,2024,Petrol,175000,138938,1690,1,Leasing
BYD,Atto 3,2023,Electric,165000,111573,19488,1,Leasing
Mazda,Mazda 3,2020,Petrol,150000,142025,66859,3,Private
Geely,Geometry C,2022,Electric,155000,89658,37285,2,Leasing
Mazda,Mazda 3,2021,Petrol,150000,98087,55572,1,Private
Geely,Geometry C,2020,Electric,155000,38388,78368,1,Private
Geely,Geometry C,2023,Electric,155000,143468,16540,1,Private
Renault,Megane,2024,Diesel,140000,131976,1000,1,Private
Toyota,Corolla,2019,Hybrid,155000,124277,87150,2,Private
Tesla,Model 3,2018,Electric,200000,95403,107678,3,Private
Kia,Sportage,2023,Petrol,175000,136975,19724,2,Private
Skoda,Octavia,2024,Petrol,160000,116374,5714,1,Private
Renault,Megane,2022,Diesel,140000,73022,39759,2,Private
Toyota,Corolla,2018,Hybrid,155000,119406,103047,1,Leasing
BYD,Atto 3,2020,Electric,165000,113463,69168,2,Private
Mazda,Mazda 3,2021,Petrol,150000,97425,53282,3,Company
Geely,Geometry C,2018,Electric,155000,34916,111085,2,Company
Kia,Sportage,2024,Petrol,175000,129640,5219,1,Private
Hyundai,Tucson,2018,Petrol,175000,53423,110632,2,Leasing
Mazda,Mazda 3,2018,Petrol,150000,35101,112824,3,Leasing
Toyota,Corolla,2021,Hybrid,155000,145910,48675,3,Company
Renault,Megane,2021,Diesel,140000,140000,44750,1,Private
Hyundai,Tucson,2019,Petrol,175000,46406,95843,2,Private
BYD,Atto 3,2018,Electric,165000,59380,107975,3,Leasing
Kia,Sportage,2023,Petrol,175000,173764,16083,1,Private
Skoda,Octavia,2022,Petrol,160000,72463,40552,3,Leasing
Toyota,Corolla,2022,Hybrid,155000,133109,35851,1,Private
Toyota,Corolla,2018,Hybrid,155000,80432,107942,2,Company
Geely,Geometry C,2022,Electric,155000,114045,36952,1,Private
Kia,Sportage,2021,Petrol,175000,140519,51737,1,Private
Kia,Sportage,2019,Petrol,175000,65482,93885,1,Private
Kia,Sportage,2023,Petrol,175000,139734,19154,2,Private
Hyundai,Tucson,2019,Petrol,175000,117859,85955,1,Leasing
Skoda,Octavia,2024,Petrol,160000,107671,4525,1,Leasing
Mazda,Mazda 3,2018,Petrol,150000,104129,104980,1,Private
Kia,Sportage,2024,Petrol,175000,168537,1000,1,Private
Kia,Sportage,2018,Petrol,175000,101390,105952,2,Private
Skoda,Octavia,2018,Petrol,160000,108534,103534,1,Leasing
Tesla,Model 3,2024,Electric,200000,183185,1000,1,Private
BYD,Atto 3,2023,Electric,165000,54209,28719,2,Private
Kia,Sportage,2018,Petrol,175000,56852,111169,3,Private
Tesla,Model 3,2019,Electric,200000,128773,86140,2,Company
Skoda,Octavia,2018,Petrol,160000,20000,116306,1,Private
Mazda,Mazda 3,2024,Petrol,150000,88386,8277,1,Private
Kia,Sportage,2022,Petrol,175000,151306,33685,2,Private
Tesla,Model 3,2024,Electric,200000,189872,1000,1,Private
Mazda,Mazda 3,2021,Petrol,150000,43348,63360,1,Private
Skoda,Octavia,2022,Petrol,160000,140019,34378,2,Private
Toyota,Corolla,2022,Hybrid,155000,107055,38623,1,Private
Mazda,Mazda 3,2019,Petrol,150000,77087,90349,3,Leasing
Kia,Sportage,2021,Petrol,175000,140742,52073,1,Private
Tesla,Model 3,2021,Electric,200000,109590,56196,2,Private
Hyundai,Tucson,2022,Petrol,175000,136021,35457,3,Private
Renault,Megane,2022,Diesel,140000,120991,33053,2,Private
Renault,Megane,2021,Diesel,140000,45123,58248,1,Leasing
Tesla,Model 3,2018,Electric,200000,20000,117352,3,Private
Mazda,Mazda 3,2024,Petrol,150000,70669,8440,1,Company
Toyota,Corolla,2024,Hybrid,155000,126977,4127,1,Private
BYD,Atto 3,2018,Electric,165000,35394,112067,2,Private
BYD,Atto 3,2021,Electric,165000,75539,55960,3,Company
Tesla,Model 3,2022,Electric,200000,155580,35377,3,Private
Tesla,Model 3,2021,Electric,200000,41002,63068,3,Private
Toyota,Corolla,2022,Hybrid,155000,114712,38022,2,Private
Geely,Geometry C,2019,Electric,155000,142017,82091,1,Private
Mazda,Mazda 3,2018,Petrol,150000,71283,108395,1,Leasing
Kia,Sportage,2022,Petrol,175000,52843,43391,2,Company
Kia,Sportage,2022,Petrol,175000,175000,31602,1,Private
BYD,Atto 3,2021,Electric,165000,64993,57237,3,Leasing
Geely,Geometry C,2024,Electric,155000,129750,2680,1,Private
Toyota,Corolla,2023,Hybrid,155000,70172,24794,1,Company
Tesla,Model 3,2023,Electric,200000,163430,16568,1,Company
Kia,Sportage,2020,Petrol,175000,106943,72122,1,Private
Toyota,Corolla,2022,Hybrid,155000,112785,38489,2,Private
Geely,Geometry C,2020,Electric,155000,90777,71445,1,Private
Renault,Megane,2019,Diesel,140000,26410,94881,2,Private
BYD,Atto 3,2020,Electric,165000,81098,73708,1,Private
Kia,Sportage,2022,Petrol,175000,37806,45380,2,Company
Geely,Geometry C,2019,Electric,155000,115535,83841,1,Leasing
Toyota,Corolla,2020,Hybrid,155000,89603,72947,1,Leasing
Toyota,Corolla,2022,Hybrid,155000,111228,37093,1,Company
Tesla,Model 3,2024,Electric,200000,171906,1000,1,Leasing
Kia,Sportage,2018,Petrol,175000,109826,104301,1,Company
Toyota,Corolla,2018,Hybrid,155000,113644,104753,2,Private
Hyundai,Tucson,2023,Petrol,175000,133749,18574,2,Leasing
Geely,Geometry C,2018,Electric,155000,20000,115756,3,Private
Tesla,Model 3,2023,Electric,200000,200000,13175,2,Private
Hyundai,Tucson,2019,Petrol,175000,65425,93430,2,Private
Hyundai,Tucson,2021,Petrol,175000,175000,43853,3,Private
Kia,Sportage,2018,Petrol,175000,20000,117806,1,Leasing
Toyota,Corolla,2019,Hybrid,155000,96169,90640,2,Private
Kia,Sportage,2024,Petrol,175000,161303,1000,1,Private
Skoda,Octavia,2021,Petrol,160000,118682,51430,3,Leasing
Hyundai,Tucson,2022,Petrol,175000,175000,30703,2,Private
Hyundai,Tucson,2021,Petrol,175000,130815,52820,2,Private
Hyundai,Tucson,2018,Petrol,175000,87327,107616,2,Private
Geely,Geometry C,2024,Electric,155000,132981,1000,1,Leasing
Toyota,Corolla,2019,Hybrid,155000,94603,91069,1,Private
BYD,Atto 3,2024,Electric,165000,134761,3998,1,Private
Renault,Megane,2019,Diesel,140000,58021,90345,1,Private
Kia,Sportage,2024,Petrol,175000,111717,4334,1,Leasing
Hyundai,Tucson,2019,Petrol,175000,73611,92355,2,Private
Geely,Geometry C,2024,Electric,155000,143850,1000,1,Private
Geely,Geometry C,2018,Electric,155000,70053,107761,1,Private
Kia,Sportage,2018,Petrol,175000,111807,103630,3,Leasing
Renault,Megane,2018,Diesel,140000,50147,107983,3,Private
BYD,Atto 3,2019,Electric,165000,128545,82923,3,Company
Toyota,Corolla,2022,Hybrid,155000,104360,38977,2,Private
BYD,Atto 3,2023,Electric,165000,165000,15038,1,Private
Kia,Sportage,2020,Petrol,175000,148733,67680,3,Private
Skoda,Octavia,2019,Petrol,160000,46546,93987,3,Leasing
Renault,Megane,2023,Diesel,140000,101379,18726,1,Leasing
Renault,Megane,2019,Diesel,140000,21117,94665,2,Company
BYD,Atto 3,2018,Electric,165000,104679,104191,1,Private
Skoda,Octavia,2022,Petrol,160000,95481,39821,1,Private
Hyundai,Tucson,2019,Petrol,175000,101069,90053,1,Private
Renault,Megane,2019,Diesel,140000,20000,101949,3,Private
Hyundai,Tucson,2023,Petrol,175000,169245,14977,1,Leasing
Kia,Sportage,2020,Petrol,175000,104179,72917,1,Private
Kia,Sportage,2022,Petrol,175000,107947,37765,1,Leasing
BYD,Atto 3,2018,Electric,165000,73532,106648,3,Leasing
Skoda,Octavia,2018,Petrol,160000,43996,112738,3,Private
Toyota,Corolla,2018,Hybrid,155000,56650,111434,1,Company
Kia,Sportage,2023,Petrol,175000,175000,6302,2,Private
BYD,Atto 3,2024,Electric,165000,137751,1000,1,Leasing
Skoda,Octavia,2018,Petrol,160000,33386,113271,1,Leasing
Toyota,Corolla,2023,Hybrid,155000,98704,21293,1,Leasing
Skoda,Octavia,2022,Petrol,160000,160000,31454,3,Private
BYD,Atto 3,2024,Electric,165000,159537,1000,1,Private
Hyundai,Tucson,2020,Petrol,175000,89370,73886,3,Private
Tesla,Model 3,2021,Electric,200000,200000,45106,3,Private
Renault,Megane,2023,Diesel,140000,61782,25480,2,Private
BYD,Atto 3,2021,Electric,165000,54277,60024,3,Private
Renault,Megane,2018,Diesel,140000,21214,111362,2,Company
Tesla,Model 3,2022,Electric,200000,154674,33987,3,Company
Mazda,Mazda 3,2020,Petrol,150000,110752,69854,3,Private
Geely,Geometry C,2019,Electric,155000,110834,84939,1,Leasing
Mazda,Mazda 3,2019,Petrol,150000,140152,81725,3,Leasing
Kia,Sportage,2023,Petrol,175000,150625,17966,2,Private
Skoda,Octavia,2019,Petrol,160000,141612,83404,2,Private
BYD,Atto 3,2018,Electric,165000,71209,106655,3,Company
Toyota,Corolla,2022,Hybrid,155000,152092,30467,2,Leasing
Kia,Sportage,2023,Petrol,175000,175000,15131,1,Private
Kia,Sportage,2019,Petrol,175000,109514,87265,1,Leasing
Hyundai,Tucson,2023,Petrol,175000,175000,7608,2,Leasing
Renault,Megane,2022,Diesel,140000,127092,29796,3,Company
Kia,Sportage,2023,Petrol,175000,95474,25074,1,Private
Renault,Megane,2018,Diesel,140000,47384,108625,1,Private
Renault,Megane,2023,Diesel,140000,88669,22062,1,Private
Hyundai,Tucson,2020,Petrol,175000,175000,62596,2,Private
BYD,Atto 3,2021,Electric,165000,143985,48594,3,Private
Mazda,Mazda 3,2018,Petrol,150000,46996,111079,3,Leasing
Kia,Sportage,2021,Petrol,175000,48133,60836,1,Leasing
Hyundai,Tucson,2020,Petrol,175000,65165,76791,3,Private
Tesla,Model 3,2023,Electric,200000,200000,14863,1,Private
Skoda,Octavia,2021,Petrol,160000,52526,60258,1,Leasing
Mazda,Mazda 3,2018,Petrol,150000,20000,119392,1,Private
Mazda,Mazda 3,2018,Petrol,150000,150000,94079,2,Private
Hyundai,Tucson,2024,Petrol,175000,136800,4750,1,Private
Geely,Geometry C,2023,Electric,155000,112598,20697,2,Private
Mazda,Mazda 3,2022,Petrol,150000,63822,44102,1,Private
Toyota,Corolla,2019,Hybrid,155000,41367,97852,1,Private
Hyundai,Tucson,2021,Petrol,175000,114952,54736,1,Private
BYD,Atto 3,2018,Electric,165000,78282,106887,3,Private
Hyundai,Tucson,2024,Petrol,175000,129402,2466,1,Leasing
BYD,Atto 3,2024,Electric,165000,157942,1000,1,Private
Toyota,Corolla,2023,Hybrid,155000,155000,15599,1,Private
Geely,Geometry C,2022,Electric,155000,23487,47492,3,Private
Kia,Sportage,2020,Petrol,175000,102626,70461,3,Company
Geely,Geometry C,2024,Electric,155000,142381,1000,1,Private
Renault,Megane,2020,Diesel,140000,33167,76083,3,Leasing
Renault,Megane,2018,Diesel,140000,29422,111093,2,Private
Geely,Geometry C,2022,Electric,155000,111070,34448,3,Company
Skoda,Octavia,2019,Petrol,160000,87434,90578,3,Private
Geely,Geometry C,2020,Electric,155000,88239,71802,2,Private
Mazda,Mazda 3,2018,Petrol,150000,56673,111407,2,Private
Hyundai,Tucson,2020,Petrol,175000,151895,66787,3,Private
Renault,Megane,2018,Diesel,140000,20000,114389,1,Private
Toyota,Corolla,2022,Hybrid,155000,155000,29252,3,Private
Mazda,Mazda 3,2022,Petrol,150000,105801,38927,1,Private
Mazda,Mazda 3,2023,Petrol,150000,90490,24115,1,Private
Renault,Megane,2021,Diesel,140000,102986,50582,3,Private
Mazda,Mazda 3,2021,Petrol,150000,138950,49636,3,Private
Hyundai,Tucson,2021,Petrol,175000,83025,57968,2,Private
Toyota,Corolla,2022,Hybrid,155000,128558,35826,1,Private
Tesla,Model 3,2022,Electric,200000,142226,37171,1,Private
Renault,Megane,2024,Diesel,140000,129457,1000,1,Private
BYD,Atto 3,2021,Electric,165000,78538,57374,3,Private
Skoda,Octavia,2022,Petrol,160000,137749,35358,1,Private
Skoda,Octavia,2022,Petrol,160000,146251,33494,1,Private
Geely,Geometry C,2020,Electric,155000,62036,75157,3,Private
Toyota,Corolla,2020,Hybrid,155000,20000,84269,3,Private
Geely,Geometry C,2018,Electric,155000,155000,96771,3,Private
Geely,Geometry C,2019,Electric,155000,101725,85608,2,Leasing
Tesla,Model 3,2020,Electric,200000,125932,71115,3,Private
Hyundai,Tucson,2023,Petrol,175000,175000,14008,1,Private
Tesla,Model 3,2022,Electric,200000,156576,35917,2,Private
Renault,Megane,2019,Diesel,140000,20000,95941,3,Leasing
Renault,Megane,2020,Diesel,140000,75875,70108,3,Leasing
Geely,Geometry C,2022,Electric,155000,95285,38733,2,Private
Mazda,Mazda 3,2022,Petrol,150000,115897,34148,2,Company
Hyundai,Tucson,2023,Petrol,175000,175000,13832,1,Private
Toyota,Corolla,2018,Hybrid,155000,131149,101200,1,Leasing
Mazda,Mazda 3,2019,Petrol,150000,53701,93731,1,Company
Tesla,Model 3,2022,Electric,200000,156680,33222,2,Company
Skoda,Octavia,2018,Petrol,160000,61414,110458,2,Private
Renault,Megane,2020,Diesel,140000,92562,69067,3,Private
Mazda,Mazda 3,2022,Petrol,150000,32350,45554,3,Leasing
Kia,Sportage,2020,Petrol,175000,136580,69224,2,Private
Kia,Sportage,2022,Petrol,175000,57652,45405,1,Private
BYD,Atto 3,2019,Electric,165000,112722,86382,3,Private
Renault,Megane,2021,Diesel,140000,49753,57655,1,Company
BYD,Atto 3,2023,Electric,165000,162704,16281,1,Private
Hyundai,Tucson,2022,Petrol,175000,66087,43746,3,Private
Hyundai,Tucson,2024,Petrol,175000,63411,12577,1,Private
Tesla,Model 3,2024,Electric,200000,190461,1000,1,Private
Mazda,Mazda 3,2020,Petrol,150000,128149,68750,2,Private
Geely,Geometry C,2023,Electric,155000,96659,22686,2,Private
BYD,Atto 3,2021,Electric,165000,163330,46566,3,Private
Hyundai,Tucson,2020,Petrol,175000,95684,73582,1,Private
Hyundai,Tucson,2023,Petrol,175000,77813,24075,2,Leasing
Skoda,Octavia,2020,Petrol,160000,78227,75710,1,Private
Skoda,Octavia,2023,Petrol,160000,160000,14952,2,Private
Hyundai,Tucson,2018,Petrol,175000,122467,102267,1,Leasing
BYD,Atto 3,2019,Electric,165000,122133,84991,3,Private
Hyundai,Tucson,2019,Petrol,175000,109947,88594,3,Private
Kia,Sportage,2020,Petrol,175000,95105,72298,2,Company
BYD,Atto 3,2023,Electric,165000,147872,14765,1,Leasing
BYD,Atto 3,2021,Electric,165000,48664,60757,3,Private
Hyundai,Tucson,2023,Petrol,175000,128730,20320,2,Private
Kia,Sportage,2019,Petrol,175000,115814,88232,1,Private
Mazda,Mazda 3,2020,Petrol,150000,150000,61866,2,Private
Tesla,Model 3,2018,Electric,200000,126840,103783,3,Private
Toyota,Corolla,2024,Hybrid,155000,151588,1000,1,Private
Renault,Megane,2021,Diesel,140000,24548,60922,2,Company
Toyota,Corolla,2020,Hybrid,155000,83163,75787,1,Private
BYD,Atto 3,2019,Electric,165000,24813,96584,3,Private
Skoda,Octavia,2022,Petrol,160000,107972,38196,3,Private
Toyota,Corolla,2020,Hybrid,155000,124608,69618,2,Private
Hyundai,Tucson,2024,Petrol,175000,110327,6941,1,Private
Geely,Geometry C,2023,Electric,155000,138327,17000,2,Private
Hyundai,Tucson,2024,Petrol,175000,164801,1000,1,Private
Geely,Geometry C,2021,Electric,155000,67233,58036,3,Private
BYD,Atto 3,2022,Electric,165000,165000,29771,3,Private
Kia,Sportage,2023,Petrol,175000,145044,18384,2,Private
Tesla,Model 3,2021,Electric,200000,175100,47585,3,Company
Skoda,Octavia,2021,Petrol,160000,55685,61022,3,Private
Toyota,Corolla,2021,Hybrid,155000,155000,45972,3,Leasing
BYD,Atto 3,2019,Electric,165000,121598,83813,1,Company
Toyota,Corolla,2020,Hybrid,155000,83745,75146,2,Private
Hyundai,Tucson,2020,Petrol,175000,65436,76581,3,Private
Mazda,Mazda 3,2021,Petrol,150000,94108,55732,2,Private
BYD,Atto 3,2019,Electric,165000,56346,93063,2,Private
Skoda,Octavia,2022,Petrol,160000,160000,30732,3,Private
Mazda,Mazda 3,2024,Petrol,150000,143843,1000,1,Private
Renault,Megane,2024,Diesel,140000,122452,1824,1,Private
Renault,Megane,2018,Diesel,140000,20000,113527,3,Company
Tesla,Model 3,2018,Electric,200000,30809,113935,2,Private
Skoda,Octavia,2024,Petrol,160000,135800,1000,1,Leasing
Geely,Geometry C,2020,Electric,155000,73261,73643,2,Private
Skoda,Octavia,2020,Petrol,160000,83472,74987,1,Private
Toyota,Corolla,2023,Hybrid,155000,111038,21505,2,Private
Toyota,Corolla,2021,Hybrid,155000,70187,59857,3,Private
Toyota,Corolla,2018,Hybrid,155000,20000,118141,3,Private
Kia,Sportage,2023,Petrol,175000,103144,24345,1,Private
Hyundai,Tucson,2023,Petrol,175000,120564,21488,2,Private
Tesla,Model 3,2019,Electric,200000,183587,81846,3,Private
Hyundai,Tucson,2021,Petrol,175000,113824,54854,3,Private
Mazda,Mazda 3,2024,Petrol,150000,142262,1000,1,Private
Kia,Sportage,2019,Petrol,175000,28242,97653,2,Private
BYD,Atto 3,2023,Electric,165000,100106,22854,1,Private
Hyundai,Tucson,2019,Petrol,175000,115936,86912,1,Company
Mazda,Mazda 3,2024,Petrol,150000,135400,1646,1,Private
Toyota,Corolla,2019,Hybrid,155000,90075,91974,1,Private
BYD,Atto 3,2023,Electric,165000,127370,19119,2,Private
Mazda,Mazda 3,2023,Petrol,150000,83238,24820,2,Private
Geely,Geometry C,2024,Electric,155000,132767,1000,1,Leasing
Toyota,Corolla,2019,Hybrid,155000,20000,98747,3,Leasing
Kia,Sportage,2021,Petrol,175000,25756,63097,2,Leasing
Mazda,Mazda 3,2019,Petrol,150000,127024,85859,1,Private
Hyundai,Tucson,2018,Petrol,175000,95897,107073,1,Private
Geely,Geometry C,2023,Electric,155000,139851,17350,1,Private
Hyundai,Tucson,2020,Petrol,175000,35043,80361,2,Private
Toyota,Corolla,2020,Hybrid,155000,72646,76614,3,Private
BYD,Atto 3,2019,Electric,165000,52345,93406,1,Private
Toyota,Corolla,2021,Hybrid,155000,125124,52632,3,Private
Skoda,Octavia,2018,Petrol,160000,119959,102887,2,Private
Tesla,Model 3,2023,Electric,200000,68670,28399,2,Private
Kia,Sportage,2023,Petrol,175000,120609,21474,2,Private
Skoda,Octavia,2021,Petrol,160000,21871,63732,2,Company
Geely,Geometry C,2024,Electric,155000,150267,1000,1,Private
Toyota,Corolla,2021,Hybrid,155000,96153,54406,3,Company
Kia,Sportage,2023,Petrol,175000,100685,24065,1,Private
Renault,Megane,2024,Diesel,140000,117208,1000,1,Leasing
Skoda,Octavia,2021,Petrol,160000,155199,48647,2,Private
Geely,Geometry C,2018,Electric,155000,100853,103551,1,Private
Mazda,Mazda 3,2019,Petrol,150000,64445,91942,3,Leasing
Tesla,Model 3,2021,Electric,200000,20000,66464,2,Private
Skoda,Octavia,2019,Petrol,160000,22755,97380,2,Leasing
Mazda,Mazda 3,2021,Petrol,150000,69602,59417,2,Private
Hyundai,Tucson,2020,Petrol,175000,156900,66817,2,Private
Geely,Geometry C,2022,Electric,155000,64639,42565,2,Private
Toyota,Corolla,2023,Hybrid,155000,127271,19434,2,Private
Renault,Megane,2022,Diesel,140000,100972,35421,2,Private
BYD,Atto 3,2019,Electric,165000,52737,93628,1,Private
Mazda,Mazda 3,2020,Petrol,150000,118565,69705,3,Private
Geely,Geometry C,2019,Electric,155000,20000,98197,3,Private
Kia,Sportage,2018,Petrol,175000,89828,107503,3,Private
Kia,Sportage,2024,Petrol,175000,172856,1000,1,Private
Toyota,Corolla,2022,Hybrid,155000,116226,36852,3,Private
BYD,Atto 3,2021,Electric,165000,75896,56353,1,Leasing
Kia,Sportage,2024,Petrol,175000,142852,3650,1,Private
Mazda,Mazda 3,2022,Petrol,150000,103409,38091,3,Private
Skoda,Octavia,2023,Petrol,160000,150223,17490,1,Private
Renault,Megane,2024,Diesel,140000,117401,1000,1,Leasing
Tesla,Model 3,2019,Electric,200000,41200,95164,1,Company
Kia,Sportage,2018,Petrol,175000,164203,98199,3,Private
Hyundai,Tucson,2021,Petrol,175000,30454,64302,2,Private
BYD,Atto 3,2022,Electric,165000,62166,43355,1,Private
Renault,Megane,2018,Diesel,140000,59829,106953,1,Private
Toyota,Corolla,2019,Hybrid,155000,93267,89561,1,Leasing
Renault,Megane,2020,Diesel,140000,66882,72763,2,Private
Mazda,Mazda 3,2022,Petrol,150000,103102,38299,1,Private
Renault,Megane,2018,Diesel,140000,65745,104611,3,Leasing
Renault,Megane,2020,Diesel,140000,94365,67987,2,Company
Kia,Sportage,2024,Petrol,175000,96049,6494,1,Leasing
Tesla,Model 3,2022,Electric,200000,89410,41928,2,Private
Toyota,Corolla,2024,Hybrid,155000,106183,3594,1,Leasing
Geely,Geometry C,2019,Electric,155000,110902,85693,1,Private
Hyundai,Tucson,2019,Petrol,175000,135967,85597,1,Private
Hyundai,Tucson,2023,Petrol,175000,98783,22158,2,Leasing
Toyota,Corolla,2019,Hybrid,155000,98164,89861,3,Private
Geely,Geometry C,2019,Electric,155000,87609,88893,2,Private
Mazda,Mazda 3,2024,Petrol,150000,128672,1000,1,Leasing
Hyundai,Tucson,2022,Petrol,175000,132973,34756,2,Leasing
Skoda,Octavia,2023,Petrol,160000,79964,26036,1,Private
Hyundai,Tucson,2019,Petrol,175000,64543,91998,3,Company
Mazda,Mazda 3,2021,Petrol,150000,140302,50743,1,Private
Toyota,Corolla,2020,Hybrid,155000,89681,74827,1,Private
Geely,Geometry C,2022,Electric,155000,155000,27196,3,Private
Renault,Megane,2018,Diesel,140000,32587,110695,3,Private
Geely,Geometry C,2019,Electric,155000,55255,91708,1,Leasing
Hyundai,Tucson,2018,Petrol,175000,45983,111432,2,Leasing
Toyota,Corolla,2023,Hybrid,155000,155000,6933,2,Leasing
BYD,Atto 3,2020,Electric,165000,57322,75171,2,Leasing
BYD,Atto 3,2024,Electric,165000,147981,2376,1,Private
Renault,Megane,2023,Diesel,140000,140000,9505,1,Private
Skoda,Octavia,2023,Petrol,160000,82095,25285,2,Private
Toyota,Corolla,2024,Hybrid,155000,124575,1000,1,Leasing
Mazda,Mazda 3,2021,Petrol,150000,71015,59376,2,Private
Kia,Sportage,2024,Petrol,175000,169520,1000,1,Private
Skoda,Octavia,2022,Petrol,160000,93583,37929,3,Leasing
BYD,Atto 3,2023,Electric,165000,164296,14415,2,Private
Geely,Geometry C,2021,Electric,155000,155000,44667,2,Private
BYD,Atto 3,2021,Electric,165000,110004,52251,2,Company
Mazda,Mazda 3,2018,Petrol,150000,71807,109308,2,Private
Hyundai,Tucson,2020,Petrol,175000,122420,69361,1,Company
Kia,Sportage,2019,Petrol,175000,61854,93857,3,Private
Tesla,Model 3,2021,Electric,200000,130908,53039,1,Leasing
Mazda,Mazda 3,2024,Petrol,150000,97365,6952,1,Private
Geely,Geometry C,2021,Electric,155000,114583,50988,1,Leasing
BYD,Atto 3,2022,Electric,165000,99306,38343,2,Private
Skoda,Octavia,2021,Petrol,160000,149693,49229,2,Private
Skoda,Octavia,2024,Petrol,160000,155364,1000,1,Private
Geely,Geometry C,2022,Electric,155000,75971,41265,1,Private
Mazda,Mazda 3,2023,Petrol,150000,61375,28166,1,Private
BYD,Atto 3,2024,Electric,165000,140102,1000,1,Leasing
Geely,Geometry C,2022,Electric,155000,63143,40633,2,Company
Mazda,Mazda 3,2019,Petrol,150000,100394,87213,3,Company
Geely,Geometry C,2022,Electric,155000,155000,30679,1,Private
Geely,Geometry C,2024,Electric,155000,115617,2349,1,Company
Geely,Geometry C,2024,Electric,155000,62425,9573,1,Leasing
Skoda,Octavia,2023,Petrol,160000,160000,12639,1,Private
Geely,Geometry C,2019,Electric,155000,155000,75393,2,Private
Mazda,Mazda 3,2023,Petrol,150000,81707,22722,2,Leasing
Kia,Sportage,2024,Petrol,175000,164119,1000,1,Private
Tesla,Model 3,2021,Electric,200000,52810,61913,2,Private
Skoda,Octavia,2021,Petrol,160000,102920,55373,2,Private
Toyota,Corolla,2024,Hybrid,155000,144687,1000,1,Private
BYD,Atto 3,2020,Electric,165000,87562,72574,2,Private
Hyundai,Tucson,2020,Petrol,175000,105975,72566,1,Private
Mazda,Mazda 3,2018,Petrol,150000,140022,100808,3,Private
Hyundai,Tucson,2019,Petrol,175000,20000,100099,2,Private
Kia,Sportage,2020,Petrol,175000,175000,62848,2,Private
Toyota,Corolla,2024,Hybrid,155000,148608,1000,1,Private
Skoda,Octavia,2020,Petrol,160000,75474,74117,1,Leasing
Toyota,Corolla,2024,Hybrid,155000,126828,1000,1,Leasing
Skoda,Octavia,2019,Petrol,160000,89612,89794,3,Private
Tesla,Model 3,2018,Electric,200000,102362,105489,2,Leasing
Geely,Geometry C,2021,Electric,155000,79699,56793,2,Private
Geely,Geometry C,2020,Electric,155000,78044,73383,1,Private
Kia,Sportage,2021,Petrol,175000,90384,57660,2,Private
Renault,Megane,2019,Diesel,140000,68966,88805,2,Private
Geely,Geometry C,2024,Electric,155000,145510,1000,1,Private
Tesla,Model 3,2021,Electric,200000,112781,56018,3,Private
Hyundai,Tucson,2019,Petrol,175000,91604,89879,3,Private
Mazda,Mazda 3,2023,Petrol,150000,143816,15989,2,Private
Kia,Sportage,2021,Petrol,175000,96442,56621,2,Private
Tesla,Model 3,2020,Electric,200000,125564,69484,2,Company
Geely,Geometry C,2020,Electric,155000,22463,79219,1,Leasing
Skoda,Octavia,2020,Petrol,160000,153289,64195,2,Leasing
Kia,Sportage,2020,Petrol,175000,156648,64859,2,Leasing
Toyota,Corolla,2018,Hybrid,155000,110921,105971,2,Private
Kia,Sportage,2023,Petrol,175000,142241,17663,1,Leasing
BYD,Atto 3,2022,Electric,165000,66136,40443,3,Leasing
Skoda,Octavia,2022,Petrol,160000,147819,33366,1,Private
Geely,Geometry C,2018,Electric,155000,134570,98573,3,Private
Geely,Geometry C,2021,Electric,155000,99962,52518,3,Company
Geely,Geometry C,2022,Electric,155000,77853,40512,3,Private
Toyota,Corolla,2023,Hybrid,155000,136649,19072,2,Private
Hyundai,Tucson,2022,Petrol,175000,165462,32331,1,Private
Geely,Geometry C,2022,Electric,155000,118978,36180,1,Private
Renault,Megane,2018,Diesel,140000,83195,102397,3,Leasing
Renault,Megane,2022,Diesel,140000,103286,35450,3,Private
Kia,Sportage,2021,Petrol,175000,146938,49942,2,Leasing
Hyundai,Tucson,2019,Petrol,175000,65117,91943,3,Leasing
Mazda,Mazda 3,2023,Petrol,150000,141629,17472,1,Private
Renault,Megane,2020,Diesel,140000,68368,71078,2,Company
Toyota,Corolla,2020,Hybrid,155000,94205,74260,1,Private
Skoda,Octavia,2018,Petrol,160000,136482,101799,2,Private
BYD,Atto 3,2021,Electric,165000,121563,52450,1,Private
Skoda,Octavia,2023,Petrol,160000,160000,9028,1,Private
Geely,Geometry C,2018,Electric,155000,73999,106404,3,Private
Kia,Sportage,2020,Petrol,175000,127935,68019,1,Company
Renault,Megane,2021,Diesel,140000,55873,56895,1,Leasing
Toyota,Corolla,2022,Hybrid,155000,101884,37741,2,Company
Renault,Megane,2018,Diesel,140000,61047,105584,1,Leasing
BYD,Atto 3,2019,Electric,165000,73854,90733,2,Private
BYD,Atto 3,2019,Electric,165000,71775,90966,1,Private
Geely,Geometry C,2024,Electric,155000,148971,1000,1,Private
Hyundai,Tucson,2020,Petrol,175000,108476,71507,2,Private
Mazda,Mazda 3,2021,Petrol,150000,91384,54094,3,Leasing
Hyundai,Tucson,2022,Petrol,175000,132467,36291,2,Private
Kia,Sportage,2020,Petrol,175000,141237,68276,1,Private
Tesla,Model 3,2022,Electric,200000,166812,33149,1,Leasing
Tesla,Model 3,2023,Electric,200000,147087,21092,1,Private
Mazda,Mazda 3,2018,Petrol,150000,45778,113002,2,Private
Geely,Geometry C,2024,Electric,155000,151840,1000,1,Private
Geely,Geometry C,2023,Electric,155000,92307,23162,1,Private
Mazda,Mazda 3,2021,Petrol,150000,56518,59633,1,Leasing
BYD,Atto 3,2020,Electric,165000,85669,72247,3,Private
Toyota,Corolla,2018,Hybrid,155000,87297,107193,2,Leasing
BYD,Atto 3,2021,Electric,165000,147183,49309,1,Private
Renault,Megane,2020,Diesel,140000,55902,72709,3,Company
Skoda,Octavia,2020,Petrol,160000,142659,66509,2,Private
Tesla,Model 3,2023,Electric,200000,164256,16190,2,Company
Tesla,Model 3,2020,Electric,200000,91992,73197,1,Company
BYD,Atto 3,2018,Electric,165000,26242,112519,1,Company
Tesla,Model 3,2022,Electric,200000,20000,49164,1,Leasing
Kia,Sportage,2020,Petrol,175000,175000,62971,2,Leasing
Toyota,Corolla,2022,Hybrid,155000,155000,29692,3,Private
Renault,Megane,2022,Diesel,140000,130614,31674,3,Private
BYD,Atto 3,2020,Electric,165000,63693,75551,2,Private
Kia,Sportage,2022,Petrol,175000,92141,40275,3,Private
Toyota,Corolla,2022,Hybrid,155000,155000,28377,3,Company
Skoda,Octavia,2022,Petrol,160000,98767,37204,2,Leasing
Toyota,Corolla,2021,Hybrid,155000,138158,51382,2,Private
BYD,Atto 3,2023,Electric,165000,144993,17813,1,Private
Toyota,Corolla,2023,Hybrid,155000,146938,15021,1,Company
Toyota,Corolla,2020,Hybrid,155000,44129,78872,1,Company
Kia,Sportage,2024,Petrol,175000,132605,2073,1,Company
Geely,Geometry C,2021,Electric,155000,45489,61459,1,Private
Renault,Megane,2020,Diesel,140000,112795,66488,1,Private
Mazda,Mazda 3,2019,Petrol,150000,125809,85750,2,Private
Skoda,Octavia,2019,Petrol,160000,111020,87950,2,Private
Geely,Geometry C,2023,Electric,155000,144086,14264,1,Company
Toyota,Corolla,2024,Hybrid,155000,103866,6046,1,Private
Renault,Megane,2022,Diesel,140000,140000,28802,1,Leasing
Hyundai,Tucson,2024,Petrol,175000,165020,1000,1,Private
Skoda,Octavia,2020,Petrol,160000,137494,67590,3,Private
Hyundai,Tucson,2022,Petrol,175000,134539,36150,2,Private
Skoda,Octavia,2021,Petrol,160000,89264,57043,2,Private
Hyundai,Tucson,2024,Petrol,175000,163140,1000,1,Private
Skoda,Octavia,2022,Petrol,160000,151328,32212,3,Private
Geely,Geometry C,2023,Electric,155000,135285,18299,1,Private
Toyota,Corolla,2024,Hybrid,155000,143673,1386,1,Private
BYD,Atto 3,2023,Electric,165000,129230,19048,2,Private
Tesla,Model 3,2024,Electric,200000,190306,1000,1,Private
Mazda,Mazda 3,2019,Petrol,150000,135240,84384,2,Private
Geely,Geometry C,2021,Electric,155000,110054,52378,1,Private
Hyundai,Tucson,2023,Petrol,175000,164852,16360,2,Private
Geely,Geometry C,2022,Electric,155000,89802,36775,3,Leasing
Geely,Geometry C,2020,Electric,155000,67961,73038,2,Leasing
Toyota,Corolla,2023,Hybrid,155000,82711,23299,2,Company
Toyota,Corolla,2019,Hybrid,155000,83946,90391,3,Leasing
Mazda,Mazda 3,2022,Petrol,150000,126819,33225,1,Leasing
Renault,Megane,2021,Diesel,140000,70308,55911,1,Private
Kia,Sportage,2020,Petrol,175000,143350,67980,1,Private
Mazda,Mazda 3,2021,Petrol,150000,115979,53634,2,Private
Geely,Geometry C,2021,Electric,155000,42377,59558,3,Leasing
BYD,Atto 3,2024,Electric,165000,139475,1000,1,Leasing
Skoda,Octavia,2018,Petrol,160000,20000,115085,1,Leasing
Geely,Geometry C,2024,Electric,155000,117614,1860,1,Company
Renault,Megane,2023,Diesel,140000,132635,15062,2,Private
Kia,Sportage,2022,Petrol,175000,175000,27280,1,Private
Skoda,Octavia,2019,Petrol,160000,79238,90595,2,Leasing
Kia,Sportage,2018,Petrol,175000,125031,103704,2,Private
Geely,Geometry C,2021,Electric,155000,54475,59976,2,Private
BYD,Atto 3,2024,Electric,165000,140657,3576,1,Private
Skoda,Octavia,2022,Petrol,160000,84769,39590,2,Leasing
Hyundai,Tucson,2022,Petrol,175000,93989,40904,2,Private
Tesla,Model 3,2021,Electric,200000,161419,50288,1,Company
Geely,Geometry C,2020,Electric,155000,73241,73856,1,Private
Kia,Sportage,2022,Petrol,175000,72121,41766,1,Company
Mazda,Mazda 3,2021,Petrol,150000,110120,54104,3,Private
Toyota,Corolla,2020,Hybrid,155000,97014,73153,2,Private
Geely,Geometry C,2019,Electric,155000,113269,84314,1,Leasing
Toyota,Corolla,2018,Hybrid,155000,113423,103302,3,Company
Geely,Geometry C,2024,Electric,155000,152322,1000,1,Private
BYD,Atto 3,2021,Electric,165000,120818,52084,1,Private
Hyundai,Tucson,2023,Petrol,175000,175000,9961,1,Company
Skoda,Octavia,2023,Petrol,160000,116080,18923,2,Leasing
Kia,Sportage,2023,Petrol,175000,162630,17711,1,Private
Hyundai,Tucson,2020,Petrol,175000,58340,77616,3,Private
BYD,Atto 3,2020,Electric,165000,165000,59047,3,Company
Tesla,Model 3,2018,Electric,200000,90280,107755,2,Private
Skoda,Octavia,2019,Petrol,160000,75754,92129,3,Private
BYD,Atto 3,2024,Electric,165000,156226,1000,1,Private
Toyota,Corolla,2020,Hybrid,155000,98048,73530,1,Private
Tesla,Model 3,2019,Electric,200000,51955,95273,2,Private
Skoda,Octavia,2022,Petrol,160000,156773,33213,1,Private
Skoda,Octavia,2024,Petrol,160000,138040,1000,1,Company
Geely,Geometry C,2022,Electric,155000,28819,47283,1,Private
Mazda,Mazda 3,2020,Petrol,150000,114924,70462,2,Private
BYD,Atto 3,2022,Electric,165000,165000,26149,1,Private
BYD,Atto 3,2021,Electric,165000,65988,58462,3,Private
Geely,Geometry C,2022,Electric,155000,135432,33964,1,Private
Renault,Megane,2020,Diesel,140000,50079,75431,1,Private
Kia,Sportage,2022,Petrol,175000,81696,39896,3,Leasing
BYD,Atto 3,2024,Electric,165000,156719,1000,1,Private
BYD,Atto 3,2022,Electric,165000,165000,29738,3,Private
Geely,Geometry C,2020,Electric,155000,62312,73818,2,Company
Kia,Sportage,2024,Petrol,175000,158313,2183,1,Private
Renault,Megane,2019,Diesel,140000,45353,92021,3,Private
Tesla,Model 3,2021,Electric,200000,159185,51479,2,Private
Geely,Geometry C,2021,Electric,155000,105030,53592,2,Private
Renault,Megane,2024,Diesel,140000,102582,4974,1,Private
Skoda,Octavia,2020,Petrol,160000,106559,71187,3,Private
Mazda,Mazda 3,2019,Petrol,150000,131004,84688,1,Private
Geely,Geometry C,2023,Electric,155000,155000,12008,2,Company
Mazda,Mazda 3,2023,Petrol,150000,81205,25298,1,Private
Hyundai,Tucson,2024,Petrol,175000,163175,1000,1,Private
Skoda,Octavia,2018,Petrol,160000,53503,110376,3,Leasing
Skoda,Octavia,2018,Petrol,160000,78566,107268,1,Leasing
Toyota,Corolla,2018,Hybrid,155000,125287,101971,3,Leasing
Toyota,Corolla,2024,Hybrid,155000,149947,1000,1,Private
Geely,Geometry C,2018,Electric,155000,74603,106158,1,Leasing
Mazda,Mazda 3,2018,Petrol,150000,99661,105701,1,Private
BYD,Atto 3,2019,Electric,165000,61502,91280,1,Company
BYD,Atto 3,2020,Electric,165000,96883,70383,1,Leasing
Toyota,Corolla,2020,Hybrid,155000,155000,63108,2,Private
Kia,Sportage,2020,Petrol,175000,123873,68725,3,Leasing
BYD,Atto 3,2021,Electric,165000,73105,57467,3,Private
Renault,Megane,2024,Diesel,140000,136541,1000,1,Private
Kia,Sportage,2020,Petrol,175000,101976,72348,2,Private
Toyota,Corolla,2023,Hybrid,155000,155000,14801,1,Private
Tesla,Model 3,2023,Electric,200000,200000,14357,2,Private
Tesla,Model 3,2020,Electric,200000,179729,65609,2,Private
Toyota,Corolla,2022,Hybrid,155000,98142,39504,3,Private
Skoda,Octavia,2022,Petrol,160000,98767,40275,1,Private
Geely,Geometry C,2018,Electric,155000,69449,107863,2,Private
Tesla,Model 3,2021,Electric,200000,143292,52663,2,Private
BYD,Atto 3,2018,Electric,165000,63192,108481,3,Private
Geely,Geometry C,2020,Electric,155000,144771,64780,2,Private
Skoda,Octavia,2019,Petrol,160000,108144,86391,1,Company
Geely,Geometry C,2023,Electric,155000,126541,18884,2,Private
Hyundai,Tucson,2023,Petrol,175000,93807,24872,2,Private
Toyota,Corolla,2023,Hybrid,155000,103470,22776,1,Private
Hyundai,Tucson,2022,Petrol,175000,22827,46776,3,Leasing
Renault,Megane,2023,Diesel,140000,138523,13112,2,Leasing
Toyota,Corolla,2018,Hybrid,155000,72472,111106,1,Private
BYD,Atto 3,2018,Electric,165000,79771,107185,1,Private
Skoda,Octavia,2023,Petrol,160000,160000,13678,1,Private
BYD,Atto 3,2022,Electric,165000,106373,35295,3,Leasing
Renault,Megane,2021,Diesel,140000,20000,61841,2,Leasing
Mazda,Mazda 3,2018,Petrol,150000,27083,114451,1,Leasing
Toyota,Corolla,2018,Hybrid,155000,91146,106768,2,Leasing
Hyundai,Tucson,2023,Petrol,175000,125875,21488,2,Private
Kia,Sportage,2021,Petrol,175000,117713,54379,2,Private
Mazda,Mazda 3,2020,Petrol,150000,74537,75713,2,Private
Toyota,Corolla,2018,Hybrid,155000,66362,110988,3,Private
Skoda,Octavia,2022,Petrol,160000,156558,33070,1,Private
Hyundai,Tucson,2022,Petrol,175000,120849,37650,2,Private
Tesla,Model 3,2024,Electric,200000,159324,4471,1,Private
Skoda,Octavia,2020,Petrol,160000,149053,65542,2,Private
Skoda,Octavia,2021,Petrol,160000,96511,56135,3,Private
Skoda,Octavia,2019,Petrol,160000,62757,93686,1,Private
Tesla,Model 3,2019,Electric,200000,99122,89206,3,Leasing
Kia,Sportage,2020,Petrol,175000,110877,71479,2,Private
BYD,Atto 3,2018,Electric,165000,40693,111898,1,Private
Tesla,Model 3,2021,Electric,200000,192138,47069,2,Company
Tesla,Model 3,2022,Electric,200000,84598,43245,1,Private
Mazda,Mazda 3,2023,Petrol,150000,67732,25237,1,Leasing
Kia,Sportage,2023,Petrol,175000,148645,18530,1,Private
Tesla,Model 3,2024,Electric,200000,166960,2777,1,Private
Toyota,Corolla,2024,Hybrid,155000,149826,1000,1,Private
Skoda,Octavia,2021,Petrol,160000,160000,47771,1,Private
Kia,Sportage,2023,Petrol,175000,145494,18274,2,Private
BYD,Atto 3,2019,Electric,165000,20000,102133,2,Private
Kia,Sportage,2023,Petrol,175000,118804,20164,1,Leasing
Geely,Geometry C,2024,Electric,155000,133275,2681,1,Private
Toyota,Corolla,2022,Hybrid,155000,114797,37832,2,Private
Toyota,Corolla,2019,Hybrid,155000,100834,89788,1,Private
Toyota,Corolla,2024,Hybrid,155000,81856,9657,1,Private
Kia,Sportage,2024,Petrol,175000,132306,2686,1,Leasing
Kia,Sportage,2024,Petrol,175000,93501,6671,1,Leasing
Geely,Geometry C,2023,Electric,155000,127687,19403,1,Private
Geely,Geometry C,2020,Electric,155000,20000,80793,3,Private
Kia,Sportage,2020,Petrol,175000,137084,67999,2,Private
Hyundai,Tucson,2023,Petrol,175000,155936,17682,2,Private
BYD,Atto 3,2024,Electric,165000,155188,1000,1,Private
Skoda,Octavia,2024,Petrol,160000,157381,1000,1,Private
Kia,Sportage,2020,Petrol,175000,84765,72755,3,Leasing
BYD,Atto 3,2020,Electric,165000,107910,70583,2,Private
Hyundai,Tucson,2023,Petrol,175000,157468,16052,1,Leasing
Geely,Geometry C,2021,Electric,155000,62693,59259,1,Private
Mazda,Mazda 3,2019,Petrol,150000,63207,93343,3,Private
Skoda,Octavia,2022,Petrol,160000,151250,31409,2,Company
Kia,Sportage,2022,Petrol,175000,106472,39920,1,Private
Skoda,Octavia,2020,Petrol,160000,90448,73552,1,Private
Toyota,Corolla,2019,Hybrid,155000,140254,85461,2,Private
Toyota,Corolla,2023,Hybrid,155000,81763,25596,2,Private
Kia,Sportage,2023,Petrol,175000,147911,18799,2,Private
BYD,Atto 3,2024,Electric,165000,158781,1000,1,Private
BYD,Atto 3,2024,Electric,165000,131465,3696,1,Private
Tesla,Model 3,2024,Electric,200000,158110,4081,1,Private
Kia,Sportage,2024,Petrol,175000,163896,1000,1,Private
Renault,Megane,2023,Diesel,140000,118866,18334,1,Private
Mazda,Mazda 3,2022,Petrol,150000,93296,37675,3,Leasing
Skoda,Octavia,2020,Petrol,160000,77360,73580,3,Company
Kia,Sportage,2022,Petrol,175000,32616,48247,1,Private
Tesla,Model 3,2020,Electric,200000,173718,66118,2,Private
Tesla,Model 3,2020,Electric,200000,89627,73197,3,Leasing
Kia,Sportage,2020,Petrol,175000,75972,74420,1,Leasing
Geely,Geometry C,2021,Electric,155000,29615,62843,3,Private
Mazda,Mazda 3,2020,Petrol,150000,120393,69539,2,Private
Tesla,Model 3,2020,Electric,200000,120241,70494,2,Leasing
Geely,Geometry C,2023,Electric,155000,155000,3355,1,Company
Mazda,Mazda 3,2023,Petrol,150000,111447,20791,1,Private
Geely,Geometry C,2018,Electric,155000,70100,107198,2,Private
Mazda,Mazda 3,2021,Petrol,150000,150000,47319,2,Private
Hyundai,Tucson,2021,Petrol,175000,124205,52054,2,Leasing
Renault,Megane,2023,Diesel,140000,95230,20948,2,Private
Hyundai,Tucson,2022,Petrol,175000,131223,37334,1,Private
Renault,Megane,2021,Diesel,140000,98887,51670,1,Private
BYD,Atto 3,2021,Electric,165000,98737,53245,3,Leasing
Mazda,Mazda 3,2022,Petrol,150000,71999,42064,3,Private
Tesla,Model 3,2019,Electric,200000,135677,87482,1,Private
Renault,Megane,2024,Diesel,140000,119146,1000,1,Company
Kia,Sportage,2023,Petrol,175000,144684,17017,1,Leasing
Hyundai,Tucson,2020,Petrol,175000,175000,63350,2,Private
BYD,Atto 3,2020,Electric,165000,96182,70845,1,Leasing
Renault,Megane,2021,Diesel,140000,52450,58372,2,Private
Renault,Megane,2021,Diesel,140000,105762,50751,2,Private
BYD,Atto 3,2022,Electric,165000,87850,40255,2,Private
Renault,Megane,2023,Diesel,140000,62945,25502,2,Private
Mazda,Mazda 3,2018,Petrol,150000,59337,109565,2,Leasing
Renault,Megane,2019,Diesel,140000,62665,89811,1,Private
Hyundai,Tucson,2020,Petrol,175000,85571,72869,1,Company
Tesla,Model 3,2019,Electric,200000,144754,84804,1,Leasing
Skoda,Octavia,2020,Petrol,160000,137083,67992,2,Private
Geely,Geometry C,2023,Electric,155000,123644,19654,2,Private
Tesla,Model 3,2023,Electric,200000,55723,27520,2,Leasing
Mazda,Mazda 3,2018,Petrol,150000,23517,116129,1,Private
Skoda,Octavia,2021,Petrol,160000,105353,55162,3,Private
Skoda,Octavia,2022,Petrol,160000,120933,34901,2,Company
Geely,Geometry C,2023,Electric,155000,70548,24089,1,Leasing
Tesla,Model 3,2023,Electric,200000,193709,15434,2,Private
Tesla,Model 3,2019,Electric,200000,20000,102647,1,Private
Toyota,Corolla,2021,Hybrid,155000,94689,57122,1,Private
Toyota,Corolla,2024,Hybrid,155000,152533,1000,1,Private
Mazda,Mazda 3,2023,Petrol,150000,150000,13360,2,Private
Mazda,Mazda 3,2022,Petrol,150000,59250,43955,3,Private
Toyota,Corolla,2023,Hybrid,155000,132136,16971,1,Company
Hyundai,Tucson,2022,Petrol,175000,81772,41654,3,Private
Geely,Geometry C,2021,Electric,155000,56939,57751,2,Leasing
BYD,Atto 3,2023,Electric,165000,165000,7579,2,Company
Hyundai,Tucson,2018,Petrol,175000,20000,116623,3,Private
Geely,Geometry C,2018,Electric,155000,32365,112405,2,Private
Toyota,Corolla,2018,Hybrid,155000,31977,115780,2,Private
Mazda,Mazda 3,2023,Petrol,150000,150000,10827,1,Leasing
Geely,Geometry C,2018,Electric,155000,103746,102713,3,Private
Tesla,Model 3,2020,Electric,200000,56286,78042,2,Private
Hyundai,Tucson,2023,Petrol,175000,81293,26514,1,Private
Skoda,Octavia,2019,Petrol,160000,106365,88740,1,Private
Geely,Geometry C,2021,Electric,155000,74552,57245,3,Private
Kia,Sportage,2023,Petrol,175000,166814,17457,1,Private
Toyota,Corolla,2024,Hybrid,155000,133168,1000,1,Company
Hyundai,Tucson,2021,Petrol,175000,140435,51607,3,Private
Renault,Megane,2024,Diesel,140000,115704,1000,1,Company
Hyundai,Tucson,2020,Petrol,175000,103819,71065,2,Company
Renault,Megane,2019,Diesel,140000,112024,81847,3,Company
Toyota,Corolla,2024,Hybrid,155000,114058,5534,1,Private
Mazda,Mazda 3,2024,Petrol,150000,145435,1000,1,Private
BYD,Atto 3,2024,Electric,165000,159630,1000,1,Private
Kia,Sportage,2019,Petrol,175000,114759,88391,1,Private
Skoda,Octavia,2022,Petrol,160000,122081,37146,2,Private
BYD,Atto 3,2024,Electric,165000,91822,8563,1,Private
Geely,Geometry C,2019,Electric,155000,39109,94556,3,Private
Tesla,Model 3,2021,Electric,200000,127139,54528,3,Private
Kia,Sportage,2019,Petrol,175000,66185,93323,3,Private
Tesla,Model 3,2024,Electric,200000,183800,1000,1,Private
Skoda,Octavia,2022,Petrol,160000,94873,37612,2,Leasing
Mazda,Mazda 3,2019,Petrol,150000,100313,88884,1,Private
Skoda,Octavia,2021,Petrol,160000,111090,53670,3,Private
Geely,Geometry C,2021,Electric,155000,82756,56253,1,Private
Toyota,Corolla,2018,Hybrid,155000,66375,110079,2,Leasing
Skoda,Octavia,2020,Petrol,160000,120901,68010,1,Leasing
Toyota,Corolla,2018,Hybrid,155000,137803,102078,2,Private
Skoda,Octavia,2020,Petrol,160000,92249,72986,2,Private
Skoda,Octavia,2022,Petrol,160000,155060,32038,1,Private
Tesla,Model 3,2023,Electric,200000,200000,6818,2,Private
Tesla,Model 3,2019,Electric,200000,148876,84263,2,Company
Mazda,Mazda 3,2021,Petrol,150000,122868,52437,3,Private
Kia,Sportage,2018,Petrol,175000,140700,101880,3,Private
Renault,Megane,2022,Diesel,140000,75987,39378,1,Private
Toyota,Corolla,2020,Hybrid,155000,147591,66653,2,Private
BYD,Atto 3,2020,Electric,165000,162626,63065,2,Private
Hyundai,Tucson,2024,Petrol,175000,142488,1000,1,Company
Mazda,Mazda 3,2022,Petrol,150000,135044,32842,2,Leasing
Kia,Sportage,2024,Petrol,175000,117367,6852,1,Private
Hyundai,Tucson,2019,Petrol,175000,23267,97147,1,Leasing
Hyundai,Tucson,2020,Petrol,175000,96984,73511,2,Private
BYD,Atto 3,2022,Electric,165000,88369,39764,3,Private
Renault,Megane,2019,Diesel,140000,124407,80244,2,Private
Kia,Sportage,2019,Petrol,175000,77004,90717,3,Leasing
BYD,Atto 3,2018,Electric,165000,96709,103680,2,Leasing
Toyota,Corolla,2021,Hybrid,155000,53207,60397,2,Leasing
Kia,Sportage,2018,Petrol,175000,20000,116247,1,Private
Geely,Geometry C,2024,Electric,155000,117029,5353,1,Private
Tesla,Model 3,2024,Electric,200000,129447,4261,1,Leasing
Renault,Megane,2024,Diesel,140000,119899,1000,1,Leasing
Geely,Geometry C,2023,Electric,155000,155000,13797,1,Private
Hyundai,Tucson,2019,Petrol,175000,106384,88876,3,Private
Skoda,Octavia,2022,Petrol,160000,159874,30607,2,Leasing
Hyundai,Tucson,2023,Petrol,175000,175000,13525,1,Private
Hyundai,Tucson,2020,Petrol,175000,89890,72363,2,Leasing
BYD,Atto 3,2024,Electric,165000,151256,1000,1,Private
Renault,Megane,2024,Diesel,140000,128671,1000,1,Private
Toyota,Corolla,2024,Hybrid,155000,144023,1000,1,Private
Tesla,Model 3,2022,Electric,200000,144384,36708,1,Private
Mazda,Mazda 3,2022,Petrol,150000,141219,33480,1,Private
BYD,Atto 3,2024,Electric,165000,160580,1000,1,Private
Mazda,Mazda 3,2021,Petrol,150000,106912,54547,1,Private
BYD,Atto 3,2019,Electric,165000,20000,98490,1,Leasing
Kia,Sportage,2024,Petrol,175000,142304,1000,1,Leasing
Skoda,Octavia,2022,Petrol,160000,160000,29530,3,Private
Kia,Sportage,2023,Petrol,175000,175000,11829,2,Leasing
BYD,Atto 3,2018,Electric,165000,113020,103229,1,Private
Tesla,Model 3,2023,Electric,200000,173511,18551,2,Private
Geely,Geometry C,2019,Electric,155000,107865,84830,2,Leasing
Geely,Geometry C,2022,Electric,155000,121373,36062,1,Private
Hyundai,Tucson,2020,Petrol,175000,175000,64324,1,Private
Mazda,Mazda 3,2022,Petrol,150000,150000,26599,3,Private
Mazda,Mazda 3,2022,Petrol,150000,143708,31238,2,Leasing
BYD,Atto 3,2021,Electric,165000,137301,50615,3,Private
Kia,Sportage,2021,Petrol,175000,173333,48968,1,Private
Toyota,Corolla,2022,Hybrid,155000,141644,34280,1,Private
Skoda,Octavia,2022,Petrol,160000,84744,41364,3,Private
Geely,Geometry C,2019,Electric,155000,62130,91627,1,Private
Geely,Geometry C,2019,Electric,155000,78421,89689,2,Private
Renault,Megane,2023,Diesel,140000,77849,24144,1,Private
Hyundai,Tucson,2022,Petrol,175000,120419,37927,1,Private
Tesla,Model 3,2019,Electric,200000,27464,96408,2,Leasing
Skoda,Octavia,2023,Petrol,160000,160000,13011,2,Leasing
Renault,Megane,2018,Diesel,140000,20000,113183,1,Leasing
Skoda,Octavia,2020,Petrol,160000,53740,76210,3,Company
Kia,Sportage,2023,Petrol,175000,175000,13953,1,Private
Toyota,Corolla,2022,Hybrid,155000,111215,37011,1,Leasing
Hyundai,Tucson,2022,Petrol,175000,134081,34793,1,Leasing
Toyota,Corolla,2022,Hybrid,155000,155000,31418,3,Private
Renault,Megane,2022,Diesel,140000,38724,42777,3,Leasing
Skoda,Octavia,2024,Petrol,160000,150646,1000,1,Private
Geely,Geometry C,2024,Electric,155000,117534,4382,1,Private
Mazda,Mazda 3,2024,Petrol,150000,137550,1000,1,Private
BYD,Atto 3,2023,Electric,165000,111240,19639,1,Leasing
Toyota,Corolla,2018,Hybrid,155000,49002,113735,1,Private
Kia,Sportage,2022,Petrol,175000,135386,35825,3,Private
BYD,Atto 3,2018,Electric,165000,74165,106380,3,Leasing
Geely,Geometry C,2023,Electric,155000,81378,24649,2,Private
Skoda,Octavia,2020,Petrol,160000,112726,70519,2,Private
Mazda,Mazda 3,2020,Petrol,150000,108165,70799,1,Private
Kia,Sportage,2024,Petrol,175000,160239,1000,1,Private
Skoda,Octavia,2019,Petrol,160000,72461,92206,3,Private
BYD,Atto 3,2023,Electric,165000,165000,13171,1,Leasing
Skoda,Octavia,2024,Petrol,160000,144539,2134,1,Private
BYD,Atto 3,2018,Electric,165000,20000,113053,3,Company
Tesla,Model 3,2018,Electric,200000,45001,111745,1,Leasing
Geely,Geometry C,2021,Electric,155000,137303,49176,1,Private
Skoda,Octavia,2018,Petrol,160000,20000,116142,3,Leasing
Geely,Geometry C,2019,Electric,155000,80496,89293,1,Private
Toyota,Corolla,2020,Hybrid,155000,56435,78701,2,Private
Renault,Megane,2018,Diesel,140000,113092,99030,3,Private
Skoda,Octavia,2024,Petrol,160000,154802,1000,1,Private
Toyota,Corolla,2019,Hybrid,155000,123107,87400,1,Private
Skoda,Octavia,2020,Petrol,160000,123584,69539,1,Private
Hyundai,Tucson,2021,Petrol,175000,151892,49798,2,Private
Hyundai,Tucson,2018,Petrol,175000,56669,111382,1,Private
Kia,Sportage,2021,Petrol,175000,149815,49918,3,Private
Kia,Sportage,2024,Petrol,175000,143757,1000,1,Leasing
Tesla,Model 3,2018,Electric,200000,184217,98043,3,Private
Skoda,Octavia,2020,Petrol,160000,94891,73302,2,Private
Hyundai,Tucson,2019,Petrol,175000,92651,90977,1,Private
Skoda,Octavia,2023,Petrol,160000,143982,17505,2,Private
Tesla,Model 3,2019,Electric,200000,57130,93410,1,Leasing
Skoda,Octavia,2023,Petrol,160000,143116,18630,1,Private
Mazda,Mazda 3,2022,Petrol,150000,139055,32625,3,Private
Skoda,Octavia,2019,Petrol,160000,106479,87984,3,Private
Skoda,Octavia,2022,Petrol,160000,133421,34676,3,Private
Renault,Megane,2023,Diesel,140000,140000,11184,2,Leasing
Geely,Geometry C,2024,Electric,155000,129073,1000,1,Company
Kia,Sportage,2024,Petrol,175000,94808,8733,1,Private
Skoda,Octavia,2022,Petrol,160000,69319,43001,3,Private
Mazda,Mazda 3,2022,Petrol,150000,95978,38771,3,Private
Kia,Sportage,2023,Petrol,175000,109640,23151,1,Private
Mazda,Mazda 3,2019,Petrol,150000,98791,88331,3,Private
Renault,Megane,2024,Diesel,140000,130419,1001,1,Private
Tesla,Model 3,2018,Electric,200000,85518,108041,3,Private
Geely,Geometry C,2023,Electric,155000,53716,28518,1,Private
Renault,Megane,2018,Diesel,140000,26589,110981,1,Company
Geely,Geometry C,2021,Electric,155000,72950,55595,2,Company
Hyundai,Tucson,2020,Petrol,175000,100806,72655,3,Private
Geely,Geometry C,2021,Electric,155000,119919,52242,1,Private
Renault,Megane,2023,Diesel,140000,97204,18292,2,Company
Tesla,Model 3,2018,Electric,200000,84439,108690,2,Private
Hyundai,Tucson,2024,Petrol,175000,140285,1000,1,Company
Hyundai,Tucson,2024,Petrol,175000,100225,5903,1,Company
Skoda,Octavia,2022,Petrol,160000,157662,32863,1,Private
Skoda,Octavia,2024,Petrol,160000,131441,1000,1,Leasing
BYD,Atto 3,2022,Electric,165000,89691,40128,2,Private
Hyundai,Tucson,2024,Petrol,175000,119212,6397,1,Private
Skoda,Octavia,2023,Petrol,160000,160000,6915,2,Private
Renault,Megane,2021,Diesel,140000,58354,56542,2,Company
Toyota,Corolla,2023,Hybrid,155000,80888,26152,1,Private
Mazda,Mazda 3,2023,Petrol,150000,142851,17110,1,Private
Mazda,Mazda 3,2020,Petrol,150000,80496,74599,1,Private
Renault,Megane,2020,Diesel,140000,28433,78023,3,Private
Geely,Geometry C,2024,Electric,155000,147405,1000,1,Private
Toyota,Corolla,2024,Hybrid,155000,134219,2946,1,Private
Hyundai,Tucson,2018,Petrol,175000,96639,106693,2,Private
Geely,Geometry C,2022,Electric,155000,84726,39202,3,Private
Kia,Sportage,2019,Petrol,175000,89572,90615,1,Private
Kia,Sportage,2023,Petrol,175000,175000,11280,1,Leasing
Geely,Geometry C,2019,Electric,155000,34826,94253,1,Leasing
Skoda,Octavia,2020,Petrol,160000,134743,67863,1,Private
Mazda,Mazda 3,2019,Petrol,150000,136665,84145,2,Private
Tesla,Model 3,2019,Electric,200000,73699,92801,2,Private
Renault,Megane,2021,Diesel,140000,99978,49948,1,Leasing
Renault,Megane,2018,Diesel,140000,89200,102437,1,Private
BYD,Atto 3,2022,Electric,165000,165000,30848,3,Private
Hyundai,Tucson,2022,Petrol,175000,171880,31133,3,Private
Geely,Geometry C,2023,Electric,155000,98919,23035,1,Private
BYD,Atto 3,2022,Electric,165000,154281,30336,1,Leasing
Renault,Megane,2021,Diesel,140000,57333,57795,3,Private
Tesla,Model 3,2024,Electric,200000,161370,1000,1,Leasing
Hyundai,Tucson,2021,Petrol,175000,175000,47031,3,Private
Mazda,Mazda 3,2021,Petrol,150000,107361,54111,2,Private
BYD,Atto 3,2022,Electric,165000,165000,28695,3,Private
Renault,Megane,2018,Diesel,140000,20000,114707,3,Leasing
Kia,Sportage,2023,Petrol,175000,175000,14536,2,Private
Geely,Geometry C,2024,Electric,155000,124921,4009,1,Private
Kia,Sportage,2019,Petrol,175000,127393,87015,1,Private
Hyundai,Tucson,2021,Petrol,175000,83021,56223,3,Leasing
Mazda,Mazda 3,2018,Petrol,150000,114541,103871,2,Private
Kia,Sportage,2023,Petrol,175000,108853,22949,2,Private
Tesla,Model 3,2023,Electric,200000,200000,14924,2,Private
Kia,Sportage,2021,Petrol,175000,78257,58736,3,Private
Renault,Megane,2023,Diesel,140000,140000,14478,2,Private
Renault,Megane,2024,Diesel,140000,115116,1000,1,Leasing
Geely,Geometry C,2020,Electric,155000,20000,81032,3,Private
BYD,Atto 3,2022,Electric,165000,20000,48425,3,Leasing
Kia,Sportage,2021,Petrol,175000,109755,55323,3,Private
Toyota,Corolla,2021,Hybrid,155000,138486,51141,2,Private
Skoda,Octavia,2020,Petrol,160000,73276,73663,3,Leasing
Kia,Sportage,2023,Petrol,175000,141013,17298,2,Company
BYD,Atto 3,2018,Electric,165000,49747,109538,1,Company
Geely,Geometry C,2022,Electric,155000,155000,22388,1,Private
Geely,Geometry C,2023,Electric,155000,77863,22712,2,Company
Toyota,Corolla,2022,Hybrid,155000,91958,40977,1,Private
Skoda,Octavia,2020,Petrol,160000,24547,80515,1,Leasing
Toyota,Corolla,2020,Hybrid,155000,155000,63723,2,Company
Skoda,Octavia,2018,Petrol,160000,81256,106572,3,Leasing
Kia,Sportage,2018,Petrol,175000,115299,104015,2,Private
BYD,Atto 3,2023,Electric,165000,32259,31240,2,Private
Skoda,Octavia,2020,Petrol,160000,100628,72747,1,Private
BYD,Atto 3,2021,Electric,165000,119342,52558,1,Private
Toyota,Corolla,2021,Hybrid,155000,86530,57853,2,Private
Hyundai,Tucson,2019,Petrol,175000,136854,85897,1,Private
Toyota,Corolla,2022,Hybrid,155000,80516,40803,1,Leasing
Kia,Sportage,2023,Petrol,175000,123033,20843,2,Private
Mazda,Mazda 3,2019,Petrol,150000,84818,91241,2,Private
Tesla,Model 3,2019,Electric,200000,169653,81872,2,Leasing
Kia,Sportage,2020,Petrol,175000,163418,65304,2,Private
Kia,Sportage,2023,Petrol,175000,151216,18798,2,Private
Kia,Sportage,2018,Petrol,175000,31117,114126,2,Private
Toyota,Corolla,2023,Hybrid,155000,138285,18667,2,Private
Renault,Megane,2023,Diesel,140000,140000,13081,1,Private
Toyota,Corolla,2021,Hybrid,155000,79531,58953,1,Private
Kia,Sportage,2018,Petrol,175000,45572,110930,3,Leasing
Toyota,Corolla,2021,Hybrid,155000,129054,51937,2,Private
Mazda,Mazda 3,2024,Petrol,150000,141098,1000,1,Private
BYD,Atto 3,2023,Electric,165000,165000,13545,2,Private
Hyundai,Tucson,2019,Petrol,175000,105303,88824,2,Private
Toyota,Corolla,2023,Hybrid,155000,155000,11192,1,Private
Hyundai,Tucson,2023,Petrol,175000,171326,15482,2,Private
Toyota,Corolla,2024,Hybrid,155000,151407,1000,1,Private
Geely,Geometry C,2022,Electric,155000,102665,38017,1,Private
Kia,Sportage,2024,Petrol,175000,168022,1000,1,Private
Toyota,Corolla,2018,Hybrid,155000,28354,116314,2,Private
Mazda,Mazda 3,2018,Petrol,150000,78350,109052,1,Private
Skoda,Octavia,2024,Petrol,160000,114907,5696,1,Private
Toyota,Corolla,2018,Hybrid,155000,65445,110090,2,Company
Kia,Sportage,2021,Petrol,175000,33819,62043,3,Leasing
Hyundai,Tucson,2019,Petrol,175000,59615,94141,2,Private
Geely,Geometry C,2024,Electric,155000,151416,1000,1,Private
Geely,Geometry C,2022,Electric,155000,115541,35260,3,Private
Renault,Megane,2023,Diesel,140000,122472,15319,1,Leasing
Renault,Megane,2018,Diesel,140000,62397,106679,1,Private
Renault,Megane,2019,Diesel,140000,46830,91597,3,Private
Toyota,Corolla,2019,Hybrid,155000,37238,98268,2,Private
Hyundai,Tucson,2018,Petrol,175000,25493,114629,3,Private
Renault,Megane,2024,Diesel,140000,112013,1000,1,Leasing
Tesla,Model 3,2024,Electric,200000,182584,1508,1,Private
Toyota,Corolla,2019,Hybrid,155000,98543,90877,1,Private
Kia,Sportage,2018,Petrol,175000,101785,104986,3,Leasing
Kia,Sportage,2021,Petrol,175000,175000,45250,1,Private
BYD,Atto 3,2022,Electric,165000,141605,34209,1,Private
Renault,Megane,2022,Diesel,140000,40754,44112,3,Private
Mazda,Mazda 3,2018,Petrol,150000,98178,106295,2,Private
BYD,Atto 3,2024,Electric,165000,157143,1000,1,Private
Hyundai,Tucson,2023,Petrol,175000,175000,14929,2,Private
Renault,Megane,2023,Diesel,140000,83912,22683,2,Private
BYD,Atto 3,2019,Electric,165000,85766,89847,1,Private
Hyundai,Tucson,2021,Petrol,175000,108053,53487,3,Company
Renault,Megane,2019,Diesel,140000,69252,88742,3,Private
Skoda,Octavia,2022,Petrol,160000,85518,41471,2,Private
Skoda,Octavia,2023,Petrol,160000,160000,12885,2,Leasing
Tesla,Model 3,2020,Electric,200000,138184,69110,1,Leasing
Kia,Sportage,2019,Petrol,175000,60216,94115,1,Private
Toyota,Corolla,2019,Hybrid,155000,65140,93415,1,Leasing
Skoda,Octavia,2019,Petrol,160000,123773,86341,2,Private
Skoda,Octavia,2021,Petrol,160000,35057,63452,3,Private
Toyota,Corolla,2018,Hybrid,155000,72085,110900,1,Private
Hyundai,Tucson,2019,Petrol,175000,76726,92717,1,Private
Tesla,Model 3,2020,Electric,200000,112139,72384,2,Private
Geely,Geometry C,2024,Electric,155000,146164,1000,1,Private
Tesla,Model 3,2021,Electric,200000,108702,56765,1,Private
Skoda,Octavia,2019,Petrol,160000,102024,87258,1,Leasing
Mazda,Mazda 3,2021,Petrol,150000,101971,54023,1,Leasing
Skoda,Octavia,2021,Petrol,160000,64882,58099,2,Company
Toyota,Corolla,2020,Hybrid,155000,111465,71469,2,Private
Skoda,Octavia,2022,Petrol,160000,61334,44523,1,Private
Hyundai,Tucson,2021,Petrol,175000,136046,50424,2,Leasing
Geely,Geometry C,2020,Electric,155000,104988,68950,3,Private
Mazda,Mazda 3,2022,Petrol,150000,93267,37898,1,Leasing
Toyota,Corolla,2022,Hybrid,155000,62485,44753,2,Private
Skoda,Octavia,2019,Petrol,160000,129708,83823,1,Leasing
Mazda,Mazda 3,2021,Petrol,150000,146877,48389,1,Company
BYD,Atto 3,2018,Electric,165000,20000,115992,2,Private
Kia,Sportage,2019,Petrol,175000,57173,94010,3,Private
Renault,Megane,2019,Diesel,140000,61214,89888,1,Private
Skoda,Octavia,2022,Petrol,160000,156256,32555,3,Private
Hyundai,Tucson,2020,Petrol,175000,96585,73126,1,Private
Tesla,Model 3,2024,Electric,200000,93019,8354,1,Company
Mazda,Mazda 3,2023,Petrol,150000,150000,15493,1,Private
BYD,Atto 3,2022,Electric,165000,65043,43132,1,Private
Renault,Megane,2024,Diesel,140000,134335,1000,1,Private
BYD,Atto 3,2022,Electric,165000,51990,44392,2,Private
Tesla,Model 3,2024,Electric,200000,197366,1000,1,Private
Renault,Megane,2022,Diesel,140000,140000,25962,3,Company
BYD,Atto 3,2024,Electric,165000,88108,6555,1,Leasing
Tesla,Model 3,2023,Electric,200000,188543,16878,2,Private
Tesla,Model 3,2019,Electric,200000,94542,90835,2,Private
Tesla,Model 3,2018,Electric,200000,58373,110086,3,Leasing
Kia,Sportage,2019,Petrol,175000,131443,85684,2,Private
BYD,Atto 3,2024,Electric,165000,159479,1000,1,Private
Geely,Geometry C,2024,Electric,155000,111228,6060,1,Private
Hyundai,Tucson,2020,Petrol,175000,128544,69534,3,Private
Hyundai,Tucson,2018,Petrol,175000,98393,106511,3,Private
BYD,Atto 3,2022,Electric,165000,20000,48855,2,Private
Toyota,Corolla,2020,Hybrid,155000,100164,72597,2,Private
Skoda,Octavia,2024,Petrol,160000,154445,1000,1,Private
Geely,Geometry C,2021,Electric,155000,95221,52784,3,Leasing
Renault,Megane,2020,Diesel,140000,72378,72011,3,Private
Geely,Geometry C,2024,Electric,155000,126539,1000,1,Company
BYD,Atto 3,2020,Electric,165000,21817,80659,2,Private
Hyundai,Tucson,2024,Petrol,175000,169267,1000,1,Private
Mazda,Mazda 3,2023,Petrol,150000,146909,17105,1,Private
Tesla,Model 3,2022,Electric,200000,169869,34656,1,Private
BYD,Atto 3,2021,Electric,165000,165000,44818,3,Private
Tesla,Model 3,2021,Electric,200000,57339,59708,3,Company
Mazda,Mazda 3,2022,Petrol,150000,140633,33789,2,Private
Kia,Sportage,2022,Petrol,175000,123473,37391,3,Private
Toyota,Corolla,2018,Hybrid,155000,99450,105453,1,Leasing
BYD,Atto 3,2022,Electric,165000,103628,35643,3,Leasing
Renault,Megane,2018,Diesel,140000,26465,111622,2,Private
Skoda,Octavia,2018,Petrol,160000,83990,106469,1,Company
Mazda,Mazda 3,2021,Petrol,150000,86290,57672,2,Private
Renault,Megane,2022,Diesel,140000,140000,27765,1,Leasing
Kia,Sportage,2019,Petrol,175000,70979,93022,1,Private
Geely,Geometry C,2024,Electric,155000,142718,1000,1,Private
Hyundai,Tucson,2022,Petrol,175000,123344,35089,3,Leasing
Tesla,Model 3,2022,Electric,200000,82252,41689,1,Leasing
Mazda,Mazda 3,2023,Petrol,150000,150000,15044,1,Private
Geely,Geometry C,2018,Electric,155000,65880,108154,2,Private
Mazda,Mazda 3,2019,Petrol,150000,96466,87844,1,Company
Mazda,Mazda 3,2021,Petrol,150000,137640,51412,1,Private
Hyundai,Tucson,2018,Petrol,175000,85534,106508,2,Leasing
Toyota,Corolla,2018,Hybrid,155000,121591,103744,3,Private
Kia,Sportage,2023,Petrol,175000,175000,8448,1,Private
Toyota,Corolla,2022,Hybrid,155000,121822,36126,3,Private
Mazda,Mazda 3,2021,Petrol,150000,150000,46284,2,Private
Hyundai,Tucson,2020,Petrol,175000,86357,73047,2,Company
BYD,Atto 3,2019,Electric,165000,126447,84541,2,Private
Geely,Geometry C,2023,Electric,155000,120693,19287,2,Private
BYD,Atto 3,2024,Electric,165000,136330,1000,1,Company
Hyundai,Tucson,2020,Petrol,175000,128764,69282,1,Private
Renault,Megane,2018,Diesel,140000,70496,104189,1,Leasing
Tesla,Model 3,2021,Electric,200000,160061,51007,3,Private
Toyota,Corolla,2021,Hybrid,155000,155000,49167,3,Private
Mazda,Mazda 3,2024,Petrol,150000,145231,1000,1,Private
Hyundai,Tucson,2021,Petrol,175000,113349,54928,3,Private
Hyundai,Tucson,2020,Petrol,175000,95226,72895,3,Private
Toyota,Corolla,2024,Hybrid,155000,142022,2212,1,Private
Mazda,Mazda 3,2018,Petrol,150000,49425,112545,2,Private
Tesla,Model 3,2023,Electric,200000,190080,14003,2,Leasing
BYD,Atto 3,2018,Electric,165000,23999,113418,3,Private
Renault,Megane,2022,Diesel,140000,120079,31078,2,Leasing
Toyota,Corolla,2021,Hybrid,155000,124274,52018,1,Company
Hyundai,Tucson,2021,Petrol,175000,110528,53155,3,Leasing
Mazda,Mazda 3,2020,Petrol,150000,125021,69671,1,Private
Geely,Geometry C,2018,Electric,155000,136848,99059,1,Private
Toyota,Corolla,2018,Hybrid,155000,76146,110110,1,Private
Mazda,Mazda 3,2022,Petrol,150000,63445,43784,2,Private
Renault,Megane,2024,Diesel,140000,129613,1000,1,Private
BYD,Atto 3,2018,Electric,165000,134993,100089,2,Private
Mazda,Mazda 3,2024,Petrol,150000,127567,1000,1,Leasing
Skoda,Octavia,2021,Petrol,160000,100093,55589,1,Private
Renault,Megane,2022,Diesel,140000,121731,32098,2,Private
Skoda,Octavia,2023,Petrol,160000,91474,22405,1,Leasing
Hyundai,Tucson,2024,Petrol,175000,168239,1000,1,Private
Tesla,Model 3,2024,Electric,200000,74645,10210,1,Leasing
Mazda,Mazda 3,2019,Petrol,150000,39190,95844,1,Leasing
Kia,Sportage,2018,Petrol,175000,92085,105938,1,Leasing
Mazda,Mazda 3,2021,Petrol,150000,43071,61293,1,Company
Toyota,Corolla,2022,Hybrid,155000,121707,35091,3,Company
BYD,Atto 3,2020,Electric,165000,60436,75761,3,Private
Mazda,Mazda 3,2018,Petrol,150000,61938,109794,1,Leasing
Kia,Sportage,2019,Petrol,175000,71684,92704,2,Private
Skoda,Octavia,2022,Petrol,160000,88029,40380,3,Private
Skoda,Octavia,2022,Petrol,160000,128001,34245,2,Leasing
Skoda,Octavia,2024,Petrol,160000,149758,1000,1,Private
Toyota,Corolla,2022,Hybrid,155000,114195,38145,1,Private
Tesla,Model 3,2019,Electric,200000,126620,86416,2,Leasing
Skoda,Octavia,2023,Petrol,160000,147488,17099,1,Private
Tesla,Model 3,2020,Electric,200000,78119,74662,2,Leasing
BYD,Atto 3,2019,Electric,165000,20000,98124,1,Private
Skoda,Octavia,2021,Petrol,160000,62241,60514,1,Private
Mazda,Mazda 3,2018,Petrol,150000,69900,108478,2,Company
Geely,Geometry C,2024,Electric,155000,133451,1000,1,Company
Kia,Sportage,2018,Petrol,175000,32491,113942,3,Private
BYD,Atto 3,2018,Electric,165000,20000,117246,3,Private
Geely,Geometry C,2022,Electric,155000,137345,32536,2,Private
Kia,Sportage,2023,Petrol,175000,150426,18981,1,Private
Hyundai,Tucson,2024,Petrol,175000,155341,2864,1,Private
BYD,Atto 3,2018,Electric,165000,30347,113124,1,Private
BYD,Atto 3,2022,Electric,165000,153143,30027,2,Leasing
Toyota,Corolla,2024,Hybrid,155000,130098,1429,1,Company
BYD,Atto 3,2020,Electric,165000,142819,65817,3,Private
Kia,Sportage,2021,Petrol,175000,72098,57377,3,Company
Hyundai,Tucson,2019,Petrol,175000,123614,85206,3,Leasing
Mazda,Mazda 3,2018,Petrol,150000,139001,101237,2,Private
Hyundai,Tucson,2018,Petrol,175000,139660,101374,2,Private
Toyota,Corolla,2021,Hybrid,155000,91702,56720,3,Private
Geely,Geometry C,2024,Electric,155000,124959,1000,1,Leasing
Skoda,Octavia,2020,Petrol,160000,136941,67435,1,Private
BYD,Atto 3,2021,Electric,165000,49784,60733,2,Private
Mazda,Mazda 3,2024,Petrol,150000,137244,1000,1,Private
Tesla,Model 3,2018,Electric,200000,83411,108840,1,Private
Hyundai,Tucson,2021,Petrol,175000,80731,58726,2,Private
Mazda,Mazda 3,2019,Petrol,150000,63792,93712,3,Private
Hyundai,Tucson,2021,Petrol,175000,150511,50812,1,Private
Kia,Sportage,2022,Petrol,175000,126100,37851,1,Private
Geely,Geometry C,2022,Electric,155000,93541,38921,1,Private
Skoda,Octavia,2019,Petrol,160000,92666,89603,2,Private
Mazda,Mazda 3,2020,Petrol,150000,102674,70497,2,Company
Skoda,Octavia,2022,Petrol,160000,96559,40094,2,Private
BYD,Atto 3,2024,Electric,165000,162586,1000,1,Private
Tesla,Model 3,2021,Electric,200000,92180,57106,1,Company
Toyota,Corolla,2023,Hybrid,155000,90974,24443,1,Private
Kia,Sportage,2019,Petrol,175000,127719,86253,2,Private
BYD,Atto 3,2018,Electric,165000,80854,106892,3,Private
Mazda,Mazda 3,2024,Petrol,150000,138172,1000,1,Private
Hyundai,Tucson,2019,Petrol,175000,93123,89139,1,Leasing
Renault,Megane,2020,Diesel,140000,25878,78493,2,Private
Mazda,Mazda 3,2020,Petrol,150000,131074,68425,1,Private
Renault,Megane,2022,Diesel,140000,127826,30324,1,Leasing
Hyundai,Tucson,2020,Petrol,175000,158018,63968,3,Company
BYD,Atto 3,2021,Electric,165000,135872,50333,3,Private
Hyundai,Tucson,2018,Petrol,175000,105248,104650,3,Company
Geely,Geometry C,2020,Electric,155000,28249,79209,3,Private
Kia,Sportage,2019,Petrol,175000,108556,87438,2,Leasing
Toyota,Corolla,2020,Hybrid,155000,117563,70184,3,Private
Renault,Megane,2022,Diesel,140000,80390,38972,2,Private
Tesla,Model 3,2023,Electric,200000,200000,14733,2,Private
Mazda,Mazda 3,2018,Petrol,150000,78819,108301,2,Private
Hyundai,Tucson,2018,Petrol,175000,51163,111971,1,Private
Skoda,Octavia,2023,Petrol,160000,82361,25334,2,Private
Kia,Sportage,2023,Petrol,175000,175000,12625,1,Private
Tesla,Model 3,2018,Electric,200000,72010,108622,2,Leasing
BYD,Atto 3,2019,Electric,165000,90713,88382,3,Private
Toyota,Corolla,2020,Hybrid,155000,108038,71595,3,Private
Tesla,Model 3,2020,Electric,200000,61864,76113,1,Company
Hyundai,Tucson,2021,Petrol,175000,159199,49186,1,Private
Renault,Megane,2020,Diesel,140000,64921,72759,2,Private
Skoda,Octavia,2024,Petrol,160000,148769,1000,1,Private
Toyota,Corolla,2020,Hybrid,155000,59340,76756,2,Company
Geely,Geometry C,2018,Electric,155000,46083,110634,1,Private
Geely,Geometry C,2023,Electric,155000,90173,21331,1,Leasing
Mazda,Mazda 3,2021,Petrol,150000,92750,56889,1,Private
BYD,Atto 3,2020,Electric,165000,62792,74450,2,Leasing
Geely,Geometry C,2022,Electric,155000,91900,38738,3,Private
Hyundai,Tucson,2024,Petrol,175000,96483,9365,1,Private
Mazda,Mazda 3,2018,Petrol,150000,35158,112890,2,Leasing
Hyundai,Tucson,2024,Petrol,175000,149935,1000,1,Company
BYD,Atto 3,2024,Electric,165000,103067,5272,1,Leasing
Geely,Geometry C,2019,Electric,155000,106535,86383,1,Private
Kia,Sportage,2022,Petrol,175000,110573,39313,1,Private
Geely,Geometry C,2020,Electric,155000,37474,78296,2,Private
Skoda,Octavia,2020,Petrol,160000,63406,75431,1,Company
Renault,Megane,2023,Diesel,140000,110650,18316,2,Private
Mazda,Mazda 3,2018,Petrol,150000,32299,113550,2,Company
Geely,Geometry C,2019,Electric,155000,64703,90154,3,Company
Toyota,Corolla,2024,Hybrid,155000,145130,1000,1,Private
Renault,Megane,2019,Diesel,140000,95958,85027,3,Private
Mazda,Mazda 3,2022,Petrol,150000,108592,37247,2,Private
Tesla,Model 3,2018,Electric,200000,200000,96929,2,Private
Kia,Sportage,2022,Petrol,175000,154566,33965,3,Private
Toyota,Corolla,2024,Hybrid,155000,54513,10691,1,Company
Kia,Sportage,2020,Petrol,175000,36724,78590,2,Leasing
BYD,Atto 3,2018,Electric,165000,84350,106671,1,Private
Toyota,Corolla,2024,Hybrid,155000,147769,1000,1,Private
Renault,Megane,2023,Diesel,140000,140000,14245,2,Private
Geely,Geometry C,2023,Electric,155000,155000,7780,2,Private
Geely,Geometry C,2021,Electric,155000,148144,48126,2,Private
Tesla,Model 3,2023,Electric,200000,113947,21670,1,Leasing
Geely,Geometry C,2023,Electric,155000,153919,13160,1,Leasing
Toyota,Corolla,2023,Hybrid,155000,114470,20803,2,Private
Renault,Megane,2022,Diesel,140000,30004,43867,3,Company
Hyundai,Tucson,2022,Petrol,175000,111018,38790,2,Private
Renault,Megane,2021,Diesel,140000,73707,55072,2,Private
Toyota,Corolla,2024,Hybrid,155000,85892,8737,1,Private
Tesla,Model 3,2022,Electric,200000,140746,37238,2,Private
BYD,Atto 3,2021,Electric,165000,27693,62006,2,Company
Kia,Sportage,2020,Petrol,175000,94961,73914,1,Private
Hyundai,Tucson,2023,Petrol,175000,159707,17885,2,Private
Kia,Sportage,2022,Petrol,175000,133772,36212,3,Private
Kia,Sportage,2023,Petrol,175000,76317,26937,1,Private
Hyundai,Tucson,2024,Petrol,175000,165018,1000,1,Private
Kia,Sportage,2020,Petrol,175000,138663,68447,1,Private
Renault,Megane,2020,Diesel,140000,99513,67837,3,Private
Kia,Sportage,2021,Petrol,175000,175000,46967,1,Private
Toyota,Corolla,2024,Hybrid,155000,141544,1000,1,Private
Skoda,Octavia,2020,Petrol,160000,133668,67588,2,Private
Renault,Megane,2023,Diesel,140000,130179,13738,1,Company
Renault,Megane,2021,Diesel,140000,68121,56376,3,Private
Skoda,Octavia,2019,Petrol,160000,115799,85889,2,Leasing
Skoda,Octavia,2022,Petrol,160000,160000,29903,1,Private
Tesla,Model 3,2018,Electric,200000,106470,105840,3,Private
Tesla,Model 3,2019,Electric,200000,68040,91889,3,Leasing
Mazda,Mazda 3,2021,Petrol,150000,95800,54243,2,Company
BYD,Atto 3,2020,Electric,165000,165000,60879,3,Private
Mazda,Mazda 3,2022,Petrol,150000,132027,32663,3,Leasing
Hyundai,Tucson,2018,Petrol,175000,108183,104597,1,Leasing
Geely,Geometry C,2020,Electric,155000,96983,70385,3,Private
Kia,Sportage,2020,Petrol,175000,67143,74972,3,Company
Toyota,Corolla,2019,Hybrid,155000,20000,99687,1,Company
Hyundai,Tucson,2021,Petrol,175000,175000,40707,2,Leasing
Hyundai,Tucson,2018,Petrol,175000,111613,105139,2,Private
Tesla,Model 3,2023,Electric,200000,74989,27953,2,Private
Renault,Megane,2022,Diesel,140000,43402,43644,3,Private
Tesla,Model 3,2018,Electric,200000,70348,109826,2,Private
Geely,Geometry C,2024,Electric,155000,138701,2615,1,Private
Geely,Geometry C,2020,Electric,155000,93643,71359,2,Private
Skoda,Octavia,2020,Petrol,160000,139745,66684,2,Private
Hyundai,Tucson,2024,Petrol,175000,134358,2073,1,Leasing
BYD,Atto 3,2023,Electric,165000,165000,13367,2,Private
Tesla,Model 3,2022,Electric,200000,200000,31199,2,Private
Toyota,Corolla,2021,Hybrid,155000,142069,50656,2,Private
Geely,Geometry C,2018,Electric,155000,67240,106876,1,Company
BYD,Atto 3,2024,Electric,165000,155677,1000,1,Private
Skoda,Octavia,2021,Petrol,160000,120789,53170,1,Private
BYD,Atto 3,2024,Electric,165000,100234,5798,1,Leasing
Renault,Megane,2018,Diesel,140000,26351,110568,2,Leasing
Mazda,Mazda 3,2020,Petrol,150000,71046,75936,2,Private
Mazda,Mazda 3,2024,Petrol,150000,142109,1000,1,Private
Toyota,Corolla,2019,Hybrid,155000,155000,77642,3,Private
Toyota,Corolla,2021,Hybrid,155000,155000,45621,2,Private
Renault,Megane,2023,Diesel,140000,88167,21655,2,Private
Geely,Geometry C,2020,Electric,155000,54729,74692,3,Leasing
Kia,Sportage,2023,Petrol,175000,175000,13631,2,Private
BYD,Atto 3,2020,Electric,165000,56972,76813,1,Private
Renault,Megane,2024,Diesel,140000,136152,1000,1,Private
Hyundai,Tucson,2021,Petrol,175000,88100,58049,1,Private
Renault,Megane,2023,Diesel,140000,140000,9640,2,Private
Mazda,Mazda 3,2018,Petrol,150000,108066,104407,3,Private
Geely,Geometry C,2024,Electric,155000,128292,1000,1,Company
Kia,Sportage,2019,Petrol,175000,24634,98037,2,Private
Tesla,Model 3,2019,Electric,200000,38963,96515,2,Private
Renault,Megane,2018,Diesel,140000,64873,105416,1,Leasing
Tesla,Model 3,2024,Electric,200000,193387,1000,1,Private
Kia,Sportage,2023,Petrol,175000,151900,19107,1,Private
Skoda,Octavia,2018,Petrol,160000,77361,108422,2,Private
Skoda,Octavia,2023,Petrol,160000,151428,14432,1,Company
Geely,Geometry C,2022,Electric,155000,122100,33501,2,Company
Toyota,Corolla,2020,Hybrid,155000,114629,71486,2,Private
Toyota,Corolla,2021,Hybrid,155000,155000,49545,3,Private
Hyundai,Tucson,2021,Petrol,175000,92199,57596,1,Private
Tesla,Model 3,2020,Electric,200000,167343,64805,3,Company
Hyundai,Tucson,2021,Petrol,175000,61157,60664,3,Private
Mazda,Mazda 3,2023,Petrol,150000,150000,15061,1,Private
Geely,Geometry C,2024,Electric,155000,150553,1000,1,Private
Mazda,Mazda 3,2018,Petrol,150000,80808,108451,1,Private
Tesla,Model 3,2024,Electric,200000,195686,1000,1,Private
Hyundai,Tucson,2024,Petrol,175000,116360,6741,1,Private
Hyundai,Tucson,2024,Petrol,175000,143524,3560,1,Private
Mazda,Mazda 3,2022,Petrol,150000,108554,37261,3,Private
Tesla,Model 3,2019,Electric,200000,72894,92239,1,Company
Mazda,Mazda 3,2018,Petrol,150000,56203,111990,1,Private
BYD,Atto 3,2019,Electric,165000,123727,84116,2,Leasing
Mazda,Mazda 3,2018,Petrol,150000,78794,108598,3,Private
Toyota,Corolla,2018,Hybrid,155000,124364,103812,1,Private
Kia,Sportage,2019,Petrol,175000,68443,93143,1,Private
Mazda,Mazda 3,2023,Petrol,150000,150000,16213,1,Private
Tesla,Model 3,2022,Electric,200000,200000,29582,2,Private
Renault,Megane,2021,Diesel,140000,42556,60302,1,Private
Renault,Megane,2021,Diesel,140000,50618,57333,3,Leasing
Skoda,Octavia,2021,Petrol,160000,121191,53030,2,Private
Toyota,Corolla,2022,Hybrid,155000,106030,38780,2,Private
Toyota,Corolla,2023,Hybrid,155000,155000,15043,1,Private
Toyota,Corolla,2018,Hybrid,155000,64411,111314,3,Private
Skoda,Octavia,2021,Petrol,160000,105356,54377,3,Private
Geely,Geometry C,2022,Electric,155000,92306,36815,2,Leasing
Renault,Megane,2020,Diesel,140000,86160,69908,2,Private
Toyota,Corolla,2021,Hybrid,155000,125376,52970,2,Private
BYD,Atto 3,2024,Electric,165000,157059,1000,1,Private
Renault,Megane,2018,Diesel,140000,47169,108899,1,Private
Kia,Sportage,2020,Petrol,175000,66500,76189,3,Private
BYD,Atto 3,2021,Electric,165000,91436,55549,2,Private
Hyundai,Tucson,2021,Petrol,175000,92481,57305,1,Private
Hyundai,Tucson,2020,Petrol,175000,130827,67911,2,Leasing
Renault,Megane,2018,Diesel,140000,92160,102330,3,Private
Mazda,Mazda 3,2022,Petrol,150000,150000,32174,2,Private
Toyota,Corolla,2023,Hybrid,155000,91134,23847,2,Private
Mazda,Mazda 3,2022,Petrol,150000,102516,38592,2,Private
Toyota,Corolla,2018,Hybrid,155000,20000,120031,3,Leasing
Tesla,Model 3,2018,Electric,200000,48272,111049,2,Leasing
Kia,Sportage,2018,Petrol,175000,164774,97601,1,Leasing
Renault,Megane,2024,Diesel,140000,83431,5455,1,Leasing
Kia,Sportage,2021,Petrol,175000,133175,52546,1,Private
Skoda,Octavia,2019,Petrol,160000,84483,91420,1,Private
Mazda,Mazda 3,2022,Petrol,150000,102756,37287,1,Leasing
Skoda,Octavia,2022,Petrol,160000,119821,36390,2,Private
Toyota,Corolla,2019,Hybrid,155000,114146,87581,2,Private
Geely,Geometry C,2019,Electric,155000,101924,85077,1,Company
Renault,Megane,2019,Diesel,140000,72098,87743,1,Leasing
Kia,Sportage,2018,Petrol,175000,63446,110234,2,Private
Kia,Sportage,2018,Petrol,175000,58128,111327,1,Private
Geely,Geometry C,2024,Electric,155000,111809,6127,1,Private
Toyota,Corolla,2018,Hybrid,155000,93948,107082,3,Private
Hyundai,Tucson,2018,Petrol,175000,20000,119120,1,Leasing
Tesla,Model 3,2021,Electric,200000,52116,62188,2,Private
Kia,Sportage,2023,Petrol,175000,162220,16352,2,Private
Toyota,Corolla,2024,Hybrid,155000,90814,8374,1,Private
BYD,Atto 3,2019,Electric,165000,60118,90970,3,Leasing
Toyota,Corolla,2022,Hybrid,155000,87153,41462,1,Private
Mazda,Mazda 3,2022,Petrol,150000,123144,36309,1,Private
Kia,Sportage,2022,Petrol,175000,161017,31362,3,Leasing
Geely,Geometry C,2019,Electric,155000,54643,91260,2,Leasing
Toyota,Corolla,2020,Hybrid,155000,59962,78305,1,Private
BYD,Atto 3,2023,Electric,165000,134834,18735,2,Private
Skoda,Octavia,2023,Petrol,160000,95228,21281,2,Leasing
Toyota,Corolla,2022,Hybrid,155000,99645,39810,3,Private
Tesla,Model 3,2019,Electric,200000,125196,87731,3,Private
Tesla,Model 3,2020,Electric,200000,132981,70224,1,Private
Mazda,Mazda 3,2018,Petrol,150000,115668,101501,3,Leasing
Geely,Geometry C,2020,Electric,155000,103284,68854,2,Leasing
Geely,Geometry C,2021,Electric,155000,76962,54983,3,Leasing
Hyundai,Tucson,2018,Petrol,175000,75368,108019,1,Leasing
Hyundai,Tucson,2020,Petrol,175000,81738,74962,1,Private
Skoda,Octavia,2019,Petrol,160000,59527,94390,1,Private
Skoda,Octavia,2021,Petrol,160000,133276,50148,1,Leasing
Geely,Geometry C,2020,Electric,155000,39432,78297,2,Private
Renault,Megane,2019,Diesel,140000,63500,89568,2,Private
Kia,Sportage,2021,Petrol,175000,59854,60569,3,Private
Kia,Sportage,2018,Petrol,175000,45015,111220,2,Company
BYD,Atto 3,2020,Electric,165000,137159,65823,3,Private
Tesla,Model 3,2021,Electric,200000,54258,61616,3,Private
Geely,Geometry C,2022,Electric,155000,87744,39447,2,Private
Kia,Sportage,2020,Petrol,175000,89958,74115,1,Private
Tesla,Model 3,2019,Electric,200000,200000,80163,2,Private
BYD,Atto 3,2024,Electric,165000,160051,1000,1,Private
Hyundai,Tucson,2018,Petrol,175000,175000,94904,3,Private
Tesla,Model 3,2018,Electric,200000,153805,101547,3,Private
Skoda,Octavia,2018,Petrol,160000,79246,106912,3,Leasing
Mazda,Mazda 3,2024,Petrol,150000,112250,5154,1,Private
Skoda,Octavia,2023,Petrol,160000,94761,24039,1,Private
BYD,Atto 3,2023,Electric,165000,165000,6771,2,Private
BYD,Atto 3,2018,Electric,165000,90804,105581,3,Private
Skoda,Octavia,2022,Petrol,160000,93940,40208,1,Private
Skoda,Octavia,2023,Petrol,160000,140865,18677,1,Private
Mazda,Mazda 3,2024,Petrol,150000,124268,3642,1,Private
Toyota,Corolla,2022,Hybrid,155000,155000,32573,1,Private
Mazda,Mazda 3,2021,Petrol,150000,63587,60119,2,Private
Geely,Geometry C,2024,Electric,155000,91453,7745,1,Private
Kia,Sportage,2021,Petrol,175000,91057,57950,1,Private
Kia,Sportage,2018,Petrol,175000,122638,104049,3,Private
Toyota,Corolla,2021,Hybrid,155000,52451,62064,3,Private
BYD,Atto 3,2023,Electric,165000,165000,11321,2,Company
Tesla,Model 3,2024,Electric,200000,95337,10678,1,Private
Geely,Geometry C,2020,Electric,155000,126597,67136,2,Private
Toyota,Corolla,2023,Hybrid,155000,126312,20033,1,Private
Tesla,Model 3,2022,Electric,200000,165148,34455,1,Private
Toyota,Corolla,2019,Hybrid,155000,155000,80551,2,Private
Geely,Geometry C,2024,Electric,155000,56484,10090,1,Leasing
Mazda,Mazda 3,2024,Petrol,150000,141332,1152,1,Private
Kia,Sportage,2024,Petrol,175000,160589,1000,1,Private
Toyota,Corolla,2021,Hybrid,155000,155000,44213,3,Private
Toyota,Corolla,2024,Hybrid,155000,109624,5837,1,Private
Kia,Sportage,2022,Petrol,175000,162241,32380,3,Private
Geely,Geometry C,2020,Electric,155000,119361,68230,2,Private
Hyundai,Tucson,2024,Petrol,175000,163195,1913,1,Private
Renault,Megane,2021,Diesel,140000,134811,46782,3,Private
Mazda,Mazda 3,2021,Petrol,150000,82333,57434,2,Private
Tesla,Model 3,2021,Electric,200000,166925,50645,3,Private
Mazda,Mazda 3,2024,Petrol,150000,93636,5107,1,Leasing
Skoda,Octavia,2020,Petrol,160000,121585,69445,2,Private
Hyundai,Tucson,2024,Petrol,175000,145878,1000,1,Company
Mazda,Mazda 3,2024,Petrol,150000,68340,8579,1,Leasing
Mazda,Mazda 3,2018,Petrol,150000,79601,107512,1,Leasing
Tesla,Model 3,2024,Electric,200000,169135,1023,1,Leasing
Skoda,Octavia,2023,Petrol,160000,146146,17444,1,Private
Kia,Sportage,2018,Petrol,175000,123220,104013,2,Private
Skoda,Octavia,2021,Petrol,160000,157378,49263,1,Private
Hyundai,Tucson,2021,Petrol,175000,175000,39523,3,Private
Renault,Megane,2022,Diesel,140000,88629,35897,1,Leasing
Tesla,Model 3,2020,Electric,200000,146835,68182,1,Company
BYD,Atto 3,2019,Electric,165000,92897,88626,1,Private
BYD,Atto 3,2019,Electric,165000,165000,77145,2,Private
Renault,Megane,2020,Diesel,140000,139358,62122,3,Private
Mazda,Mazda 3,2020,Petrol,150000,136792,66578,3,Private
Kia,Sportage,2024,Petrol,175000,166494,1000,1,Private
Toyota,Corolla,2018,Hybrid,155000,92629,107577,3,Private
Mazda,Mazda 3,2019,Petrol,150000,147520,80615,1,Leasing
Skoda,Octavia,2023,Petrol,160000,142401,16642,1,Leasing
Geely,Geometry C,2024,Electric,155000,142909,1000,1,Private
Skoda,Octavia,2021,Petrol,160000,107259,53188,1,Leasing
Geely,Geometry C,2020,Electric,155000,78353,71873,2,Leasing
Hyundai,Tucson,2023,Petrol,175000,175000,8983,2,Private
Toyota,Corolla,2021,Hybrid,155000,113284,55336,1,Private
Skoda,Octavia,2020,Petrol,160000,68189,74779,3,Company
Geely,Geometry C,2020,Electric,155000,155000,62475,3,Private
Skoda,Octavia,2024,Petrol,160000,149819,1000,1,Private
BYD,Atto 3,2019,Electric,165000,165000,77974,3,Private
Toyota,Corolla,2023,Hybrid,155000,84607,25544,1,Private
Toyota,Corolla,2022,Hybrid,155000,128960,34041,3,Leasing
Renault,Megane,2018,Diesel,140000,66997,106080,1,Private
Kia,Sportage,2018,Petrol,175000,73835,109011,3,Private
Hyundai,Tucson,2018,Petrol,175000,81973,107021,1,Leasing
BYD,Atto 3,2019,Electric,165000,111900,84788,3,Leasing
Toyota,Corolla,2019,Hybrid,155000,108469,89030,1,Private
Skoda,Octavia,2022,Petrol,160000,160000,30188,2,Private
Renault,Megane,2018,Diesel,140000,44559,109025,1,Private
Kia,Sportage,2020,Petrol,175000,175000,63883,2,Private
Geely,Geometry C,2020,Electric,155000,76950,72145,2,Company
BYD,Atto 3,2020,Electric,165000,49172,75489,3,Company
BYD,Atto 3,2021,Electric,165000,125694,51646,1,Private
Geely,Geometry C,2023,Electric,155000,94168,23165,2,Private
Tesla,Model 3,2023,Electric,200000,146467,17975,2,Company
Kia,Sportage,2019,Petrol,175000,109259,87031,1,Company
Renault,Megane,2021,Diesel,140000,20000,63563,1,Private
Tesla,Model 3,2022,Electric,200000,200000,25131,1,Private
Hyundai,Tucson,2019,Petrol,175000,127480,86094,2,Private
Renault,Megane,2020,Diesel,140000,62970,73299,2,Private
Geely,Geometry C,2020,Electric,155000,125601,65750,2,Leasing
Hyundai,Tucson,2020,Petrol,175000,121473,70673,3,Private
Toyota,Corolla,2023,Hybrid,155000,70981,27306,1,Private
Tesla,Model 3,2020,Electric,200000,156201,67268,3,Private
Toyota,Corolla,2018,Hybrid,155000,83117,108921,3,Private
BYD,Atto 3,2020,Electric,165000,94227,69899,3,Company
Toyota,Corolla,2024,Hybrid,155000,151080,1000,1,Private
Tesla,Model 3,2021,Electric,200000,200000,43380,2,Leasing
Toyota,Corolla,2021,Hybrid,155000,104397,55361,3,Private
Tesla,Model 3,2021,Electric,200000,176174,49505,3,Private
Kia,Sportage,2019,Petrol,175000,40320,96217,2,Private
Toyota,Corolla,2020,Hybrid,155000,57727,78140,3,Private
Toyota,Corolla,2021,Hybrid,155000,108970,55674,1,Private
Skoda,Octavia,2020,Petrol,160000,133950,67520,3,Private
Tesla,Model 3,2022,Electric,200000,152194,36481,1,Private
Geely,Geometry C,2022,Electric,155000,155000,30921,3,Private
BYD,Atto 3,2022,Electric,165000,104551,37730,3,Private
Skoda,Octavia,2018,Petrol,160000,28762,113389,3,Leasing
Toyota,Corolla,2022,Hybrid,155000,155000,29710,3,Private
BYD,Atto 3,2019,Electric,165000,120060,84620,2,Private
Hyundai,Tucson,2021,Petrol,175000,109434,53081,3,Leasing
Hyundai,Tucson,2018,Petrol,175000,128397,102510,1,Company
Mazda,Mazda 3,2024,Petrol,150000,146616,1000,1,Private
Renault,Megane,2022,Diesel,140000,137431,30799,3,Private
Renault,Megane,2024,Diesel,140000,93324,6261,1,Private
Hyundai,Tucson,2019,Petrol,175000,86965,90806,2,Private
Toyota,Corolla,2018,Hybrid,155000,112064,105205,1,Private
Mazda,Mazda 3,2019,Petrol,150000,116068,86816,2,Private
Toyota,Corolla,2019,Hybrid,155000,126623,86658,2,Private
Renault,Megane,2019,Diesel,140000,20000,95409,2,Leasing
Hyundai,Tucson,2018,Petrol,175000,145083,101395,3,Private
Skoda,Octavia,2020,Petrol,160000,62513,75857,1,Leasing
Mazda,Mazda 3,2021,Petrol,150000,95187,55918,1,Private
BYD,Atto 3,2019,Electric,165000,64198,91894,1,Private
Geely,Geometry C,2023,Electric,155000,112333,18711,1,Company
BYD,Atto 3,2018,Electric,165000,44302,111030,3,Private
BYD,Atto 3,2023,Electric,165000,86072,24286,2,Private
Toyota,Corolla,2024,Hybrid,155000,148382,1439,1,Private
Renault,Megane,2018,Diesel,140000,21059,111429,2,Leasing
BYD,Atto 3,2020,Electric,165000,165000,61231,1,Private
Toyota,Corolla,2020,Hybrid,155000,105002,72471,1,Private
Toyota,Corolla,2018,Hybrid,155000,116611,102818,2,Company
Hyundai,Tucson,2018,Petrol,175000,134983,103008,1,Private
Geely,Geometry C,2024,Electric,155000,136251,2593,1,Private
Skoda,Octavia,2018,Petrol,160000,100680,104677,3,Leasing
Skoda,Octavia,2020,Petrol,160000,148920,66864,1,Private
Geely,Geometry C,2022,Electric,155000,94339,36998,1,Leasing
Skoda,Octavia,2019,Petrol,160000,52346,95470,1,Private
Mazda,Mazda 3,2020,Petrol,150000,20000,84460,2,Leasing
Kia,Sportage,2024,Petrol,175000,140654,1000,1,Company
Mazda,Mazda 3,2020,Petrol,150000,102513,71782,1,Private
Skoda,Octavia,2018,Petrol,160000,98091,105926,3,Private
BYD,Atto 3,2019,Electric,165000,60601,90841,3,Leasing
Tesla,Model 3,2022,Electric,200000,102437,40740,3,Private
Mazda,Mazda 3,2024,Petrol,150000,100251,6479,1,Private
Geely,Geometry C,2020,Electric,155000,68835,74832,1,Private
Renault,Megane,2020,Diesel,140000,64881,72042,2,Leasing
Toyota,Corolla,2024,Hybrid,155000,120343,1654,1,Company
BYD,Atto 3,2020,Electric,165000,20000,80205,2,Leasing
Toyota,Corolla,2021,Hybrid,155000,89561,55901,2,Leasing
Geely,Geometry C,2024,Electric,155000,115689,2882,1,Company
Kia,Sportage,2022,Petrol,175000,175000,28457,2,Leasing
Toyota,Corolla,2022,Hybrid,155000,102304,39694,2,Private
Kia,Sportage,2024,Petrol,175000,118796,6401,1,Private
Geely,Geometry C,2022,Electric,155000,136525,32595,2,Private
Tesla,Model 3,2024,Electric,200000,196419,1000,1,Private
Kia,Sportage,2019,Petrol,175000,153971,83931,2,Private
Skoda,Octavia,2024,Petrol,160000,157273,1000,1,Private
Renault,Megane,2023,Diesel,140000,80513,21531,1,Leasing
Renault,Megane,2021,Diesel,140000,79913,55139,1,Private
Kia,Sportage,2019,Petrol,175000,150993,84133,1,Private
Geely,Geometry C,2021,Electric,155000,78440,55774,1,Leasing
Skoda,Octavia,2018,Petrol,160000,20000,117394,1,Leasing
BYD,Atto 3,2024,Electric,165000,136135,3600,1,Private
Geely,Geometry C,2024,Electric,155000,142572,1000,1,Private
Mazda,Mazda 3,2023,Petrol,150000,84657,22133,2,Leasing
Tesla,Model 3,2019,Electric,200000,57048,93759,1,Leasing
Hyundai,Tucson,2023,Petrol,175000,175000,13928,2,Private
Renault,Megane,2024,Diesel,140000,111778,1000,1,Company
Toyota,Corolla,2020,Hybrid,155000,116339,71270,3,Private
Kia,Sportage,2020,Petrol,175000,144651,68134,3,Private
Tesla,Model 3,2022,Electric,200000,178564,31646,3,Leasing
Kia,Sportage,2019,Petrol,175000,98764,89207,3,Private
Toyota,Corolla,2024,Hybrid,155000,129337,1000,1,Company
Hyundai,Tucson,2018,Petrol,175000,20000,116922,2,Private
Kia,Sportage,2020,Petrol,175000,94124,73698,1,Private
BYD,Atto 3,2019,Electric,165000,20000,100392,3,Private
Toyota,Corolla,2023,Hybrid,155000,123055,19812,2,Private
Kia,Sportage,2020,Petrol,175000,33379,78578,3,Leasing
BYD,Atto 3,2018,Electric,165000,74577,107275,2,Private
Renault,Megane,2020,Diesel,140000,140000,58436,3,Private
Mazda,Mazda 3,2019,Petrol,150000,91722,89252,3,Private
Geely,Geometry C,2023,Electric,155000,155000,12245,2,Private
Mazda,Mazda 3,2019,Petrol,150000,94379,87725,3,Leasing
Toyota,Corolla,2019,Hybrid,155000,153405,82655,1,Private
Toyota,Corolla,2021,Hybrid,155000,132470,52288,3,Private
Hyundai,Tucson,2024,Petrol,175000,35960,13415,1,Leasing
Kia,Sportage,2021,Petrol,175000,157643,50572,1,Private
Skoda,Octavia,2018,Petrol,160000,137851,100579,3,Private
Mazda,Mazda 3,2024,Petrol,150000,119959,1000,1,Leasing
Kia,Sportage,2022,Petrol,175000,123275,37456,3,Private
Renault,Megane,2023,Diesel,140000,126976,16182,1,Private
Toyota,Corolla,2018,Hybrid,155000,60235,111958,3,Private
Skoda,Octavia,2018,Petrol,160000,113189,102406,3,Leasing
BYD,Atto 3,2024,Electric,165000,139899,1000,1,Leasing
Renault,Megane,2024,Diesel,140000,118875,2488,1,Private
Skoda,Octavia,2024,Petrol,160000,156879,1000,1,Private
Toyota,Corolla,2018,Hybrid,155000,101986,105988,1,Company
Mazda,Mazda 3,2020,Petrol,150000,82996,72755,2,Leasing
Hyundai,Tucson,2024,Petrol,175000,141186,1000,1,Leasing
Mazda,Mazda 3,2021,Petrol,150000,136697,50127,1,Private
Kia,Sportage,2019,Petrol,175000,104027,88068,1,Company
Kia,Sportage,2020,Petrol,175000,145586,66678,1,Leasing
Tesla,Model 3,2022,Electric,200000,200000,27171,3,Private
BYD,Atto 3,2019,Electric,165000,35429,94591,1,Leasing
Geely,Geometry C,2023,Electric,155000,135716,15603,2,Company
Hyundai,Tucson,2018,Petrol,175000,81169,108559,3,Private
BYD,Atto 3,2018,Electric,165000,52750,110025,2,Private
Toyota,Corolla,2019,Hybrid,155000,111775,88957,1,Private
Hyundai,Tucson,2018,Petrol,175000,124651,103649,2,Private
Kia,Sportage,2021,Petrol,175000,56863,59506,2,Leasing
Tesla,Model 3,2019,Electric,200000,66740,93581,2,Private
Geely,Geometry C,2021,Electric,155000,124222,49963,1,Leasing
Hyundai,Tucson,2020,Petrol,175000,66127,75454,2,Leasing
Tesla,Model 3,2023,Electric,200000,200000,14343,2,Private
Toyota,Corolla,2018,Hybrid,155000,59051,112388,2,Private
Toyota,Corolla,2023,Hybrid,155000,145266,14890,1,Leasing
Geely,Geometry C,2020,Electric,155000,47422,76159,1,Leasing
Toyota,Corolla,2020,Hybrid,155000,155000,66152,1,Private
BYD,Atto 3,2021,Electric,165000,140994,50395,2,Private
Renault,Megane,2018,Diesel,140000,68141,105440,3,Private
Hyundai,Tucson,2022,Petrol,175000,89936,38819,3,Leasing
Hyundai,Tucson,2021,Petrol,175000,175000,44959,1,Company
Geely,Geometry C,2019,Electric,155000,31841,95912,1,Private
Toyota,Corolla,2024,Hybrid,155000,55221,10493,1,Company
Kia,Sportage,2021,Petrol,175000,175000,47072,2,Private
Toyota,Corolla,2021,Hybrid,155000,120649,51424,3,Company
BYD,Atto 3,2019,Electric,165000,75945,89367,2,Leasing
Skoda,Octavia,2020,Petrol,160000,87402,71931,3,Leasing
Kia,Sportage,2023,Petrol,175000,159710,16099,1,Leasing
Tesla,Model 3,2020,Electric,200000,142280,68253,3,Company
Kia,Sportage,2019,Petrol,175000,111801,88453,1,Private
Tesla,Model 3,2021,Electric,200000,142271,51811,1,Company
Kia,Sportage,2019,Petrol,175000,89278,90909,2,Private
Skoda,Octavia,2024,Petrol,160000,116986,5068,1,Private
Hyundai,Tucson,2022,Petrol,175000,150597,32493,3,Company
BYD,Atto 3,2020,Electric,165000,125057,67928,3,Private
Kia,Sportage,2019,Petrol,175000,32012,97504,1,Private
Mazda,Mazda 3,2023,Petrol,150000,116156,18675,1,Company
Hyundai,Tucson,2019,Petrol,175000,109286,88368,3,Private
Skoda,Octavia,2018,Petrol,160000,55251,111920,1,Private
Geely,Geometry C,2020,Electric,155000,118519,67509,3,Private
Toyota,Corolla,2024,Hybrid,155000,141592,1000,1,Private
Skoda,Octavia,2018,Petrol,160000,123988,102546,2,Private
Toyota,Corolla,2023,Hybrid,155000,98921,23704,1,Private
Skoda,Octavia,2020,Petrol,160000,131150,66102,3,Company
Tesla,Model 3,2019,Electric,200000,133419,87179,3,Private
BYD,Atto 3,2024,Electric,165000,131645,1000,1,Leasing
Toyota,Corolla,2021,Hybrid,155000,105495,55588,3,Private
Skoda,Octavia,2019,Petrol,160000,115760,86682,3,Private
Kia,Sportage,2018,Petrol,175000,119088,103569,2,Private
Renault,Megane,2022,Diesel,140000,97305,34337,3,Leasing
Tesla,Model 3,2020,Electric,200000,57511,77925,2,Private
Tesla,Model 3,2020,Electric,200000,176716,65648,1,Private
Kia,Sportage,2021,Petrol,175000,95475,57012,2,Private
Toyota,Corolla,2019,Hybrid,155000,68107,92891,1,Company
Tesla,Model 3,2023,Electric,200000,142003,20840,2,Private
Mazda,Mazda 3,2021,Petrol,150000,141325,50519,1,Private
Skoda,Octavia,2019,Petrol,160000,68560,92950,2,Private
Geely,Geometry C,2022,Electric,155000,20000,48701,1,Private
Mazda,Mazda 3,2020,Petrol,150000,67273,76477,3,Private
Tesla,Model 3,2019,Electric,200000,172005,81298,2,Leasing
Tesla,Model 3,2022,Electric,200000,132667,37701,1,Private
Geely,Geometry C,2022,Electric,155000,99304,37733,3,Private
Skoda,Octavia,2024,Petrol,160000,136841,1144,1,Leasing
Kia,Sportage,2020,Petrol,175000,146257,67019,3,Private
Hyundai,Tucson,2020,Petrol,175000,169933,64102,3,Private
BYD,Atto 3,2024,Electric,165000,154757,1000,1,Private
Geely,Geometry C,2023,Electric,155000,155000,13342,1,Private
BYD,Atto 3,2024,Electric,165000,133332,3410,1,Private
Tesla,Model 3,2023,Electric,200000,172694,18919,1,Private
Toyota,Corolla,2019,Hybrid,155000,133389,84820,1,Leasing
Mazda,Mazda 3,2019,Petrol,150000,20000,100715,2,Company
Toyota,Corolla,2021,Hybrid,155000,140769,51651,2,Private
Skoda,Octavia,2020,Petrol,160000,86474,73872,1,Private
Tesla,Model 3,2022,Electric,200000,178678,33955,2,Private
Toyota,Corolla,2023,Hybrid,155000,155000,14452,1,Private
Hyundai,Tucson,2020,Petrol,175000,108312,71584,2,Private
Renault,Megane,2020,Diesel,140000,90201,69720,1,Private
Toyota,Corolla,2023,Hybrid,155000,155000,13143,1,Private
Geely,Geometry C,2021,Electric,155000,81431,55022,2,Company
Kia,Sportage,2018,Petrol,175000,116721,104049,3,Private
Renault,Megane,2024,Diesel,140000,119419,1000,1,Leasing
Mazda,Mazda 3,2022,Petrol,150000,150000,30764,2,Private
Mazda,Mazda 3,2021,Petrol,150000,132033,49431,3,Company
BYD,Atto 3,2024,Electric,165000,137724,1000,1,Leasing
Geely,Geometry C,2020,Electric,155000,103529,69463,2,Private
BYD,Atto 3,2020,Electric,165000,165000,60490,3,Company
Toyota,Corolla,2022,Hybrid,155000,104346,37912,1,Leasing
Kia,Sportage,2021,Petrol,175000,174632,47439,3,Private
Tesla,Model 3,2022,Electric,200000,199908,31108,1,Private
Renault,Megane,2023,Diesel,140000,42355,26992,1,Leasing
Renault,Megane,2018,Diesel,140000,66799,105274,1,Company
Kia,Sportage,2018,Petrol,175000,20000,117083,1,Company
Toyota,Corolla,2023,Hybrid,155000,155000,15969,1,Private
Mazda,Mazda 3,2018,Petrol,150000,137934,100056,2,Private
Renault,Megane,2020,Diesel,140000,79550,69501,1,Leasing
Skoda,Octavia,2022,Petrol,160000,118957,37234,1,Private
BYD,Atto 3,2022,Electric,165000,103544,36447,1,Company
BYD,Atto 3,2019,Electric,165000,76430,90336,1,Private
Kia,Sportage,2021,Petrol,175000,28155,64648,2,Private
Skoda,Octavia,2022,Petrol,160000,90093,41301,1,Private
Toyota,Corolla,2022,Hybrid,155000,128912,35373,3,Private
Geely,Geometry C,2022,Electric,155000,75187,41021,2,Private
Kia,Sportage,2021,Petrol,175000,171472,48201,2,Private
Renault,Megane,2018,Diesel,140000,54066,106722,3,Leasing
Renault,Megane,2018,Diesel,140000,20000,115171,1,Private
BYD,Atto 3,2022,Electric,165000,96321,37423,2,Leasing
Tesla,Model 3,2023,Electric,200000,151319,20841,1,Private
Mazda,Mazda 3,2021,Petrol,150000,74701,59431,1,Private
Toyota,Corolla,2022,Hybrid,155000,155000,26136,3,Private
BYD,Atto 3,2024,Electric,165000,111054,4334,1,Company
BYD,Atto 3,2020,Electric,165000,110532,69733,1,Private
Geely,Geometry C,2023,Electric,155000,138202,16883,2,Private
Kia,Sportage,2019,Petrol,175000,85392,91022,2,Private
Hyundai,Tucson,2020,Petrol,175000,111367,69523,3,Leasing
Toyota,Corolla,2018,Hybrid,155000,41353,113352,1,Leasing
Kia,Sportage,2020,Petrol,175000,96736,71574,3,Leasing
Tesla,Model 3,2018,Electric,200000,74638,109451,3,Private
Mazda,Mazda 3,2023,Petrol,150000,150000,7233,2,Leasing
Skoda,Octavia,2024,Petrol,160000,150414,1000,1,Private
Mazda,Mazda 3,2022,Petrol,150000,136052,31844,1,Company
Renault,Megane,2023,Diesel,140000,61722,24009,2,Leasing
Geely,Geometry C,2021,Electric,155000,101182,54043,2,Private
Skoda,Octavia,2022,Petrol,160000,115512,35557,2,Leasing
Kia,Sportage,2019,Petrol,175000,114622,87730,3,Private
Renault,Megane,2022,Diesel,140000,56169,42393,1,Private
Tesla,Model 3,2024,Electric,200000,188597,1000,1,Private
Tesla,Model 3,2020,Electric,200000,170835,66961,1,Private
Mazda,Mazda 3,2019,Petrol,150000,80118,89994,2,Leasing
Skoda,Octavia,2020,Petrol,160000,104677,71988,2,Private
Mazda,Mazda 3,2024,Petrol,150000,137525,1000,1,Private
BYD,Atto 3,2024,Electric,165000,137319,1000,1,Leasing
Tesla,Model 3,2024,Electric,200000,194683,1000,1,Private
Toyota,Corolla,2023,Hybrid,155000,155000,14139,2,Private
Hyundai,Tucson,2018,Petrol,175000,20000,116635,2,Private
Skoda,Octavia,2018,Petrol,160000,104265,105012,3,Private
Skoda,Octavia,2023,Petrol,160000,153769,17153,1,Private
Skoda,Octavia,2023,Petrol,160000,119184,20935,2,Private
Tesla,Model 3,2020,Electric,200000,158256,65917,2,Leasing
Tesla,Model 3,2018,Electric,200000,63680,110677,2,Private
Kia,Sportage,2018,Petrol,175000,44955,112742,1,Private
Renault,Megane,2019,Diesel,140000,64631,88495,1,Company
Geely,Geometry C,2020,Electric,155000,153068,63863,1,Private
Mazda,Mazda 3,2023,Petrol,150000,150000,14833,1,Private
BYD,Atto 3,2020,Electric,165000,95376,71516,1,Private
Hyundai,Tucson,2021,Petrol,175000,131925,50879,2,Leasing
Kia,Sportage,2021,Petrol,175000,150668,50189,2,Private
Mazda,Mazda 3,2024,Petrol,150000,139637,1000,1,Private
Skoda,Octavia,2022,Petrol,160000,134467,35064,1,Private
Geely,Geometry C,2018,Electric,155000,76930,105229,3,Leasing
Tesla,Model 3,2018,Electric,200000,79421,107942,2,Leasing
BYD,Atto 3,2021,Electric,165000,57895,59343,3,Private
Kia,Sportage,2024,Petrol,175000,168486,1000,1,Private
Tesla,Model 3,2018,Electric,200000,20000,119646,2,Private
Kia,Sportage,2021,Petrol,175000,118003,54842,2,Private
Renault,Megane,2021,Diesel,140000,32834,61232,2,Private
Mazda,Mazda 3,2020,Petrol,150000,119515,69700,2,Private
BYD,Atto 3,2022,Electric,165000,153641,32097,3,Private
Skoda,Octavia,2024,Petrol,160000,95698,5445,1,Leasing
Skoda,Octavia,2018,Petrol,160000,110547,104688,3,Private
Mazda,Mazda 3,2024,Petrol,150000,145900,1000,1,Private
Tesla,Model 3,2018,Electric,200000,152940,101280,2,Private
BYD,Atto 3,2019,Electric,165000,114523,85063,1,Company
Geely,Geometry C,2022,Electric,155000,117456,36209,1,Private
Renault,Megane,2024,Diesel,140000,134148,1000,1,Private
Geely,Geometry C,2023,Electric,155000,65349,24745,2,Leasing
Tesla,Model 3,2024,Electric,200000,189271,1000,1,Private
Mazda,Mazda 3,2019,Petrol,150000,102793,88615,3,Private
Geely,Geometry C,2018,Electric,155000,95559,104641,1,Private
Renault,Megane,2023,Diesel,140000,118263,17452,2,Private
Hyundai,Tucson,2020,Petrol,175000,119805,68624,3,Leasing
BYD,Atto 3,2018,Electric,165000,102362,104690,1,Private
Geely,Geometry C,2019,Electric,155000,74142,90020,1,Private
Hyundai,Tucson,2020,Petrol,175000,62914,77389,1,Private
Hyundai,Tucson,2019,Petrol,175000,80422,90456,3,Leasing
Renault,Megane,2023,Diesel,140000,38802,29219,2,Private
Geely,Geometry C,2024,Electric,155000,130224,1000,1,Leasing
Geely,Geometry C,2023,Electric,155000,72338,23550,2,Company
BYD,Atto 3,2024,Electric,165000,154872,1476,1,Private
Hyundai,Tucson,2023,Petrol,175000,175000,12863,2,Private
Kia,Sportage,2023,Petrol,175000,69823,25176,2,Leasing
Kia,Sportage,2023,Petrol,175000,175000,9442,2,Leasing
Mazda,Mazda 3,2023,Petrol,150000,99753,20192,1,Leasing
Skoda,Octavia,2022,Petrol,160000,152605,32830,2,Private
Geely,Geometry C,2020,Electric,155000,123140,66307,2,Company
Toyota,Corolla,2022,Hybrid,155000,155000,29232,2,Private
Toyota,Corolla,2023,Hybrid,155000,130893,18682,2,Private
BYD,Atto 3,2021,Electric,165000,60220,58376,1,Leasing
Kia,Sportage,2021,Petrol,175000,61983,60710,2,Private
Kia,Sportage,2022,Petrol,175000,42087,46266,3,Private
Toyota,Corolla,2022,Hybrid,155000,87828,40825,2,Private
Toyota,Corolla,2018,Hybrid,155000,84194,108961,1,Private
Tesla,Model 3,2024,Electric,200000,122852,5721,1,Leasing
Toyota,Corolla,2018,Hybrid,155000,65066,111214,2,Private
Toyota,Corolla,2023,Hybrid,155000,132083,19236,2,Private
Kia,Sportage,2020,Petrol,175000,100658,72433,3,Private
BYD,Atto 3,2023,Electric,165000,163746,12997,2,Company
Hyundai,Tucson,2021,Petrol,175000,163187,49480,1,Private
Hyundai,Tucson,2023,Petrol,175000,76800,24980,1,Leasing
Toyota,Corolla,2023,Hybrid,155000,154370,16509,1,Private
BYD,Atto 3,2019,Electric,165000,136759,81737,2,Company
Hyundai,Tucson,2023,Petrol,175000,128458,21620,1,Private
Mazda,Mazda 3,2023,Petrol,150000,150000,9133,2,Private
Tesla,Model 3,2024,Electric,200000,186251,1000,1,Private
Geely,Geometry C,2024,Electric,155000,131240,1000,1,Leasing
Tesla,Model 3,2020,Electric,200000,200000,60530,3,Leasing
Toyota,Corolla,2018,Hybrid,155000,82060,109513,1,Private
Hyundai,Tucson,2020,Petrol,175000,147892,68112,1,Private
Kia,Sportage,2022,Petrol,175000,85714,41808,2,Private
Renault,Megane,2024,Diesel,140000,119121,1000,1,Company
Skoda,Octavia,2021,Petrol,160000,158845,48886,2,Private
Kia,Sportage,2024,Petrol,175000,161524,1000,1,Private
Toyota,Corolla,2023,Hybrid,155000,124161,20073,1,Private
Hyundai,Tucson,2022,Petrol,175000,166474,32911,1,Private
Kia,Sportage,2020,Petrol,175000,62793,75581,3,Leasing
Toyota,Corolla,2024,Hybrid,155000,127783,1000,1,Company
Renault,Megane,2024,Diesel,140000,91081,4317,1,Company
Tesla,Model 3,2021,Electric,200000,200000,45281,2,Private
Mazda,Mazda 3,2019,Petrol,150000,90804,90784,1,Private
Tesla,Model 3,2019,Electric,200000,20000,98698,3,Private
Tesla,Model 3,2022,Electric,200000,148035,36426,2,Private
Hyundai,Tucson,2019,Petrol,175000,70826,92435,3,Private
Geely,Geometry C,2018,Electric,155000,23793,113503,1,Private
Kia,Sportage,2023,Petrol,175000,138469,20019,1,Private
Renault,Megane,2018,Diesel,140000,55805,107422,1,Private
Tesla,Model 3,2021,Electric,200000,101933,56964,3,Private
Renault,Megane,2022,Diesel,140000,50633,42585,3,Private
Skoda,Octavia,2019,Petrol,160000,32908,95951,2,Company
Geely,Geometry C,2022,Electric,155000,65079,41187,1,Leasing
BYD,Atto 3,2024,Electric,165000,115013,3595,1,Company
Renault,Megane,2023,Diesel,140000,53818,27098,1,Private
Kia,Sportage,2023,Petrol,175000,147387,17039,2,Company
Kia,Sportage,2020,Petrol,175000,76863,75288,3,Private
Kia,Sportage,2023,Petrol,175000,151567,18914,1,Private
Kia,Sportage,2020,Petrol,175000,127540,67828,3,Leasing
Geely,Geometry C,2018,Electric,155000,107374,102726,3,Private
Renault,Megane,2023,Diesel,140000,118943,17663,2,Private
Tesla,Model 3,2021,Electric,200000,66389,60248,3,Private
Hyundai,Tucson,2024,Petrol,175000,165588,1000,1,Private
Tesla,Model 3,2023,Electric,200000,163956,17220,2,Leasing
Kia,Sportage,2019,Petrol,175000,100805,89672,2,Private
Skoda,Octavia,2021,Petrol,160000,91316,56281,3,Private
Toyota,Corolla,2020,Hybrid,155000,155000,56776,3,Private
Hyundai,Tucson,2019,Petrol,175000,45638,95632,3,Private
BYD,Atto 3,2021,Electric,165000,74162,57868,1,Private
BYD,Atto 3,2023,Electric,165000,107444,20178,2,Leasing
BYD,Atto 3,2021,Electric,165000,90044,56244,2,Private
Hyundai,Tucson,2018,Petrol,175000,57580,111095,1,Private
Kia,Sportage,2021,Petrol,175000,119402,54448,1,Private
Renault,Megane,2022,Diesel,140000,66051,38731,2,Leasing
BYD,Atto 3,2022,Electric,165000,135196,32703,2,Leasing
BYD,Atto 3,2022,Electric,165000,57059,43475,3,Private
Skoda,Octavia,2019,Petrol,160000,93504,89817,1,Private
Toyota,Corolla,2023,Hybrid,155000,137779,16320,2,Leasing
Toyota,Corolla,2020,Hybrid,155000,78657,73793,3,Leasing
Tesla,Model 3,2022,Electric,200000,139576,37044,2,Private
Renault,Megane,2022,Diesel,140000,84665,36291,3,Leasing
BYD,Atto 3,2018,Electric,165000,107179,103174,3,Private
Mazda,Mazda 3,2018,Petrol,150000,147973,99845,2,Private
Skoda,Octavia,2019,Petrol,160000,83620,91057,3,Private
Renault,Megane,2021,Diesel,140000,20000,63837,3,Leasing
Tesla,Model 3,2019,Electric,200000,34064,97036,2,Private
Renault,Megane,2024,Diesel,140000,127691,2039,1,Private
Hyundai,Tucson,2022,Petrol,175000,105276,39358,1,Private
Mazda,Mazda 3,2020,Petrol,150000,150000,63424,1,Private
Tesla,Model 3,2023,Electric,200000,194032,14146,1,Leasing
BYD,Atto 3,2024,Electric,165000,107413,7172,1,Private
Kia,Sportage,2021,Petrol,175000,126345,52689,3,Private
Geely,Geometry C,2021,Electric,155000,105033,53403,1,Private
Kia,Sportage,2019,Petrol,175000,86885,91005,1,Private
Hyundai,Tucson,2024,Petrol,175000,172689,1000,1,Private
Geely,Geometry C,2022,Electric,155000,126395,32596,1,Leasing
Geely,Geometry C,2018,Electric,155000,51943,108453,3,Company
Skoda,Octavia,2022,Petrol,160000,142260,31669,2,Leasing
Hyundai,Tucson,2024,Petrol,175000,151341,2536,1,Private
BYD,Atto 3,2022,Electric,165000,165000,31165,1,Private
Skoda,Octavia,2020,Petrol,160000,57166,77907,1,Private
Tesla,Model 3,2020,Electric,200000,178627,65817,2,Private
BYD,Atto 3,2021,Electric,165000,42359,60372,2,Leasing
Kia,Sportage,2022,Petrol,175000,134293,36132,3,Private
Toyota,Corolla,2024,Hybrid,155000,121284,4467,1,Private
Tesla,Model 3,2024,Electric,200000,184106,1000,1,Private
Renault,Megane,2021,Diesel,140000,63738,57112,2,Private
Skoda,Octavia,2024,Petrol,160000,149520,1000,1,Private
Tesla,Model 3,2022,Electric,200000,200000,21864,2,Leasing
Toyota,Corolla,2024,Hybrid,155000,69076,11397,1,Private
Toyota,Corolla,2022,Hybrid,155000,150403,32522,2,Private
Hyundai,Tucson,2018,Petrol,175000,104977,103998,3,Company
Hyundai,Tucson,2024,Petrol,175000,141981,1000,1,Leasing
BYD,Atto 3,2019,Electric,165000,134093,83281,2,Private
Mazda,Mazda 3,2020,Petrol,150000,68571,76269,2,Private
Hyundai,Tucson,2022,Petrol,175000,60216,42666,2,Company
Kia,Sportage,2020,Petrol,175000,147600,67859,1,Private
Geely,Geometry C,2024,Electric,155000,125144,1000,1,Leasing
Tesla,Model 3,2024,Electric,200000,189253,1000,1,Private
Renault,Megane,2020,Diesel,140000,44300,75974,2,Private
BYD,Atto 3,2023,Electric,165000,85623,24745,2,Private
BYD,Atto 3,2018,Electric,165000,45567,109710,2,Leasing
BYD,Atto 3,2018,Electric,165000,20000,117586,3,Private
Mazda,Mazda 3,2019,Petrol,150000,68646,93235,2,Private
Toyota,Corolla,2023,Hybrid,155000,155000,12930,2,Private
Skoda,Octavia,2020,Petrol,160000,105960,70207,2,Leasing
Hyundai,Tucson,2023,Petrol,175000,175000,11875,2,Leasing
Mazda,Mazda 3,2023,Petrol,150000,127320,18217,2,Private
Geely,Geometry C,2022,Electric,155000,64027,40450,3,Leasing
Mazda,Mazda 3,2019,Petrol,150000,83505,89485,1,Company
Toyota,Corolla,2019,Hybrid,155000,45018,95692,1,Leasing
Geely,Geometry C,2024,Electric,155000,152172,1000,1,Private
Tesla,Model 3,2020,Electric,200000,128594,69140,3,Leasing
Toyota,Corolla,2020,Hybrid,155000,88867,74375,2,Private
Kia,Sportage,2022,Petrol,175000,79189,40331,3,Company
Renault,Megane,2019,Diesel,140000,81626,87043,2,Private
Hyundai,Tucson,2022,Petrol,175000,92077,38810,3,Leasing
Mazda,Mazda 3,2022,Petrol,150000,148189,32782,2,Private
Renault,Megane,2019,Diesel,140000,81839,85471,3,Company
Kia,Sportage,2019,Petrol,175000,123785,86687,3,Private
Toyota,Corolla,2023,Hybrid,155000,155000,10368,2,Private
Skoda,Octavia,2022,Petrol,160000,100913,38585,3,Private
Tesla,Model 3,2021,Electric,200000,20000,67326,2,Company
Mazda,Mazda 3,2021,Petrol,150000,112893,54502,1,Private
Kia,Sportage,2019,Petrol,175000,175000,79661,2,Private
Kia,Sportage,2018,Petrol,175000,160754,97735,2,Leasing
Kia,Sportage,2021,Petrol,175000,174308,48095,3,Private
Toyota,Corolla,2024,Hybrid,155000,107960,3496,1,Leasing
Skoda,Octavia,2023,Petrol,160000,160000,13378,2,Private
Hyundai,Tucson,2023,Petrol,175000,170801,15891,2,Private
Skoda,Octavia,2022,Petrol,160000,96757,39129,3,Private
Hyundai,Tucson,2022,Petrol,175000,164720,32444,1,Private
BYD,Atto 3,2021,Electric,165000,111827,51475,3,Leasing
Tesla,Model 3,2023,Electric,200000,92328,26226,1,Private
Renault,Megane,2023,Diesel,140000,134968,15406,2,Private
Tesla,Model 3,2024,Electric,200000,143748,5071,1,Private
Mazda,Mazda 3,2021,Petrol,150000,87469,57259,1,Private
Kia,Sportage,2021,Petrol,175000,98263,56713,3,Private
Geely,Geometry C,2024,Electric,155000,125712,1000,1,Leasing
Mazda,Mazda 3,2023,Petrol,150000,146185,13906,2,Leasing
Geely,Geometry C,2022,Electric,155000,78052,40488,3,Private
Hyundai,Tucson,2023,Petrol,175000,175000,10268,2,Private
Geely,Geometry C,2021,Electric,155000,35274,60620,2,Leasing
Renault,Megane,2018,Diesel,140000,65969,106276,1,Private
Toyota,Corolla,2021,Hybrid,155000,116721,54061,1,Private
Toyota,Corolla,2023,Hybrid,155000,155000,8503,1,Leasing
BYD,Atto 3,2019,Electric,165000,93673,88360,3,Private
Hyundai,Tucson,2020,Petrol,175000,75495,75391,3,Private
BYD,Atto 3,2019,Electric,165000,96148,88145,3,Private
Skoda,Octavia,2024,Petrol,160000,101584,7339,1,Private
Toyota,Corolla,2019,Hybrid,155000,84642,89848,3,Leasing
Skoda,Octavia,2022,Petrol,160000,131226,33084,3,Leasing
Tesla,Model 3,2024,Electric,200000,139373,5958,1,Private
Toyota,Corolla,2018,Hybrid,155000,46751,114041,2,Private
Tesla,Model 3,2021,Electric,200000,200000,45223,3,Leasing
Tesla,Model 3,2023,Electric,200000,200000,7521,1,Private
Toyota,Corolla,2018,Hybrid,155000,90471,106933,2,Leasing
Geely,Geometry C,2022,Electric,155000,155000,29297,1,Private
Hyundai,Tucson,2018,Petrol,175000,94933,106400,3,Private
Mazda,Mazda 3,2018,Petrol,150000,31190,115076,2,Private
Skoda,Octavia,2024,Petrol,160000,129795,1000,1,Company
Kia,Sportage,2022,Petrol,175000,125024,36587,3,Private
Renault,Megane,2019,Diesel,140000,47741,90757,3,Leasing
Geely,Geometry C,2019,Electric,155000,79080,89705,3,Private
Skoda,Octavia,2020,Petrol,160000,100154,70895,2,Company
BYD,Atto 3,2024,Electric,165000,132814,1000,1,Company
Toyota,Corolla,2021,Hybrid,155000,20000,64968,3,Company
Tesla,Model 3,2018,Electric,200000,20000,115964,2,Private
Hyundai,Tucson,2024,Petrol,175000,113349,7326,1,Private
BYD,Atto 3,2021,Electric,165000,91415,55649,2,Private
Geely,Geometry C,2022,Electric,155000,98121,36232,3,Leasing
Renault,Megane,2021,Diesel,140000,120958,48674,2,Private
Kia,Sportage,2024,Petrol,175000,170202,1000,1,Private
Renault,Megane,2021,Diesel,140000,41272,59767,3,Private
Hyundai,Tucson,2018,Petrol,175000,125037,103309,3,Private
Skoda,Octavia,2021,Petrol,160000,42937,62544,3,Private
Hyundai,Tucson,2020,Petrol,175000,74342,74595,2,Company
Mazda,Mazda 3,2018,Petrol,150000,130153,101399,3,Private
Mazda,Mazda 3,2020,Petrol,150000,111234,70806,3,Private
Kia,Sportage,2023,Petrol,175000,175000,8528,2,Private
Mazda,Mazda 3,2018,Petrol,150000,58028,111148,3,Private
Skoda,Octavia,2021,Petrol,160000,111370,52794,1,Company
Renault,Megane,2024,Diesel,140000,130220,1145,1,Private
Tesla,Model 3,2023,Electric,200000,137149,20052,1,Leasing
Skoda,Octavia,2021,Petrol,160000,108017,53145,1,Company
Renault,Megane,2023,Diesel,140000,140000,8122,2,Private
Renault,Megane,2024,Diesel,140000,61772,8414,1,Company
Hyundai,Tucson,2020,Petrol,175000,94486,73503,2,Private
Hyundai,Tucson,2022,Petrol,175000,86345,39837,1,Company
Tesla,Model 3,2018,Electric,200000,53688,110460,2,Company
Kia,Sportage,2023,Petrol,175000,136452,19811,2,Private
Renault,Megane,2022,Diesel,140000,67300,40548,1,Private
Skoda,Octavia,2019,Petrol,160000,92466,89551,3,Private
Mazda,Mazda 3,2022,Petrol,150000,66903,43769,1,Private
BYD,Atto 3,2019,Electric,165000,35991,94158,3,Leasing
Tesla,Model 3,2019,Electric,200000,174537,82922,2,Private
Hyundai,Tucson,2020,Petrol,175000,65025,76889,3,Private
Geely,Geometry C,2021,Electric,155000,97703,53793,2,Private
Toyota,Corolla,2019,Hybrid,155000,20000,100795,3,Private
Mazda,Mazda 3,2021,Petrol,150000,101066,53057,3,Leasing
Toyota,Corolla,2018,Hybrid,155000,155000,97145,1,Private
Mazda,Mazda 3,2019,Petrol,150000,150000,77113,2,Leasing
BYD,Atto 3,2024,Electric,165000,154488,1000,1,Private
Toyota,Corolla,2023,Hybrid,155000,144503,17635,2,Private
Skoda,Octavia,2020,Petrol,160000,20000,81446,1,Leasing
Toyota,Corolla,2024,Hybrid,155000,142627,1000,1,Private
Mazda,Mazda 3,2021,Petrol,150000,38367,63749,1,Private
Renault,Megane,2021,Diesel,140000,98389,51701,3,Private
Mazda,Mazda 3,2022,Petrol,150000,119757,36944,1,Private
Hyundai,Tucson,2020,Petrol,175000,88565,72706,1,Leasing
Skoda,Octavia,2021,Petrol,160000,109653,54725,1,Private
Kia,Sportage,2018,Petrol,175000,92512,107345,1,Private
Skoda,Octavia,2020,Petrol,160000,142957,66590,3,Private
Hyundai,Tucson,2023,Petrol,175000,169662,16002,1,Private
Kia,Sportage,2022,Petrol,175000,117154,35840,3,Leasing
Renault,Megane,2023,Diesel,140000,85266,22571,1,Private
Skoda,Octavia,2024,Petrol,160000,116756,5802,1,Private
BYD,Atto 3,2024,Electric,165000,157001,1000,1,Private
Hyundai,Tucson,2021,Petrol,175000,124626,52408,1,Company
Tesla,Model 3,2020,Electric,200000,143231,68853,3,Private
Kia,Sportage,2019,Petrol,175000,119001,86466,1,Company
Mazda,Mazda 3,2024,Petrol,150000,122818,1000,1,Company
Renault,Megane,2024,Diesel,140000,137323,1000,1,Private
Mazda,Mazda 3,2022,Petrol,150000,150000,28484,1,Leasing
Kia,Sportage,2022,Petrol,175000,91397,40978,1,Private
Hyundai,Tucson,2018,Petrol,175000,43063,113023,1,Private
Tesla,Model 3,2020,Electric,200000,35338,80063,3,Private
Kia,Sportage,2022,Petrol,175000,88822,40870,3,Private
BYD,Atto 3,2020,Electric,165000,109587,69540,2,Private
Tesla,Model 3,2020,Electric,200000,163418,66747,1,Leasing
Geely,Geometry C,2019,Electric,155000,41387,94230,3,Private
Mazda,Mazda 3,2020,Petrol,150000,129491,67373,1,Leasing
BYD,Atto 3,2020,Electric,165000,119618,66589,3,Company
Kia,Sportage,2022,Petrol,175000,132069,35866,2,Private
Tesla,Model 3,2018,Electric,200000,20000,117083,2,Private
Mazda,Mazda 3,2018,Petrol,150000,54943,111989,1,Private
Mazda,Mazda 3,2021,Petrol,150000,63919,59936,2,Private
Skoda,Octavia,2020,Petrol,160000,45680,77701,2,Leasing
Toyota,Corolla,2021,Hybrid,155000,155000,48098,2,Private
Renault,Megane,2024,Diesel,140000,90480,4395,1,Company
Hyundai,Tucson,2018,Petrol,175000,113736,103267,1,Company
Renault,Megane,2020,Diesel,140000,20000,79830,1,Leasing
Skoda,Octavia,2022,Petrol,160000,160000,25563,1,Private
Skoda,Octavia,2019,Petrol,160000,119093,87057,1,Private
Renault,Megane,2023,Diesel,140000,81947,22613,2,Private
Geely,Geometry C,2019,Electric,155000,100808,86378,2,Private
BYD,Atto 3,2018,Electric,165000,124053,100086,2,Leasing
Renault,Megane,2023,Diesel,140000,20000,34043,1,Private
Renault,Megane,2018,Diesel,140000,83016,103949,1,Private
Renault,Megane,2023,Diesel,140000,88628,20406,2,Leasing
Renault,Megane,2018,Diesel,140000,76436,104578,1,Private
BYD,Atto 3,2023,Electric,165000,137224,16683,1,Company
Kia,Sportage,2020,Petrol,175000,92525,73080,3,Private
BYD,Atto 3,2019,Electric,165000,55583,92041,2,Leasing
Kia,Sportage,2023,Petrol,175000,99815,22583,1,Company
Mazda,Mazda 3,2022,Petrol,150000,69660,42928,1,Private
Kia,Sportage,2018,Petrol,175000,87558,107935,1,Private
Renault,Megane,2018,Diesel,140000,49439,108436,3,Private
Hyundai,Tucson,2024,Petrol,175000,152723,1882,1,Private
Renault,Megane,2024,Diesel,140000,112225,1000,1,Company
BYD,Atto 3,2021,Electric,165000,61976,59398,1,Private
BYD,Atto 3,2020,Electric,165000,160643,63255,3,Private
Geely,Geometry C,2023,Electric,155000,123626,19409,2,Private
Mazda,Mazda 3,2019,Petrol,150000,146728,82637,3,Private
Hyundai,Tucson,2023,Petrol,175000,171559,13525,2,Leasing
BYD,Atto 3,2024,Electric,165000,153805,1000,1,Private
Mazda,Mazda 3,2020,Petrol,150000,58170,77944,1,Private
Geely,Geometry C,2023,Electric,155000,142516,17130,1,Private
Geely,Geometry C,2024,Electric,155000,103345,6692,1,Private
Geely,Geometry C,2024,Electric,155000,60423,9598,1,Company
Mazda,Mazda 3,2020,Petrol,150000,94307,72989,2,Private
Renault,Megane,2018,Diesel,140000,29800,110019,3,Company
Kia,Sportage,2020,Petrol,175000,142370,68527,1,Private
Mazda,Mazda 3,2020,Petrol,150000,83368,72952,2,Leasing
Hyundai,Tucson,2019,Petrol,175000,123807,86266,3,Private
Tesla,Model 3,2020,Electric,200000,170933,66380,2,Private
Toyota,Corolla,2021,Hybrid,155000,101478,55890,3,Private
Geely,Geometry C,2022,Electric,155000,78907,40033,3,Private
Toyota,Corolla,2024,Hybrid,155000,150551,1000,1,Private
Toyota,Corolla,2018,Hybrid,155000,57990,111068,2,Leasing
Renault,Megane,2024,Diesel,140000,136974,1000,1,Private
Tesla,Model 3,2023,Electric,200000,132216,20292,2,Leasing
Skoda,Octavia,2022,Petrol,160000,52322,43338,2,Leasing
Skoda,Octavia,2021,Petrol,160000,92977,54499,2,Leasing
Toyota,Corolla,2021,Hybrid,155000,86270,56492,1,Company
Tesla,Model 3,2024,Electric,200000,190662,1000,1,Private
Kia,Sportage,2023,Petrol,175000,160105,17861,1,Private
Mazda,Mazda 3,2020,Petrol,150000,150000,62682,3,Private
Skoda,Octavia,2022,Petrol,160000,84840,39940,1,Leasing
Skoda,Octavia,2019,Petrol,160000,117401,87360,2,Private
Renault,Megane,2021,Diesel,140000,140000,43706,2,Leasing
Toyota,Corolla,2021,Hybrid,155000,121048,53926,1,Private
Toyota,Corolla,2022,Hybrid,155000,122074,37300,2,Private
Skoda,Octavia,2021,Petrol,160000,160000,47669,1,Private
Skoda,Octavia,2021,Petrol,160000,42710,62769,2,Private
BYD,Atto 3,2022,Electric,165000,165000,29760,2,Private
Skoda,Octavia,2024,Petrol,160000,154020,1000,1,Private
Kia,Sportage,2020,Petrol,175000,92676,72759,1,Company
Hyundai,Tucson,2018,Petrol,175000,52223,111472,3,Private
Renault,Megane,2021,Diesel,140000,78818,54508,2,Private
Hyundai,Tucson,2023,Petrol,175000,120892,19531,1,Leasing
Tesla,Model 3,2019,Electric,200000,74361,91979,1,Company
BYD,Atto 3,2024,Electric,165000,155741,1000,1,Private
Toyota,Corolla,2018,Hybrid,155000,75358,110216,3,Private
Tesla,Model 3,2024,Electric,200000,165098,1000,1,Company
Renault,Megane,2019,Diesel,140000,35482,93778,2,Private
Hyundai,Tucson,2022,Petrol,175000,105763,38621,3,Private
Renault,Megane,2023,Diesel,140000,139357,15108,2,Private
Toyota,Corolla,2021,Hybrid,155000,106708,55475,3,Private
Kia,Sportage,2024,Petrol,175000,165929,1000,1,Private
Mazda,Mazda 3,2023,Petrol,150000,118066,20199,1,Private
Renault,Megane,2018,Diesel,140000,66058,105666,2,Private
Mazda,Mazda 3,2022,Petrol,150000,89059,40226,1,Private
Mazda,Mazda 3,2021,Petrol,150000,118539,53123,2,Private
Hyundai,Tucson,2020,Petrol,175000,115425,71523,1,Private
Mazda,Mazda 3,2020,Petrol,150000,108223,69085,1,Company
Geely,Geometry C,2021,Electric,155000,85444,56001,3,Private
Toyota,Corolla,2019,Hybrid,155000,45531,95036,3,Leasing
Renault,Megane,2018,Diesel,140000,43724,108116,3,Company
Tesla,Model 3,2019,Electric,200000,62610,93018,1,Leasing
Renault,Megane,2020,Diesel,140000,20929,79007,3,Private
BYD,Atto 3,2018,Electric,165000,62747,108762,1,Private
Mazda,Mazda 3,2018,Petrol,150000,142521,100242,1,Private
BYD,Atto 3,2022,Electric,165000,83810,40876,2,Private
Tesla,Model 3,2022,Electric,200000,200000,31845,1,Private
Geely,Geometry C,2022,Electric,155000,148419,31760,1,Private
Hyundai,Tucson,2020,Petrol,175000,151402,67613,1,Private
Kia,Sportage,2023,Petrol,175000,100664,22424,1,Leasing
Hyundai,Tucson,2022,Petrol,175000,175000,29940,3,Private
Skoda,Octavia,2019,Petrol,160000,129181,83569,3,Leasing
Geely,Geometry C,2022,Electric,155000,79644,39184,1,Leasing
Toyota,Corolla,2019,Hybrid,155000,155000,81276,2,Private
Tesla,Model 3,2023,Electric,200000,200000,12723,2,Private
Mazda,Mazda 3,2024,Petrol,150000,145650,1000,1,Private
Hyundai,Tucson,2021,Petrol,175000,143835,51470,1,Private
Kia,Sportage,2023,Petrol,175000,175000,12889,1,Private
Hyundai,Tucson,2021,Petrol,175000,100055,56011,2,Private
Geely,Geometry C,2019,Electric,155000,89033,87708,3,Private
Kia,Sportage,2023,Petrol,175000,153788,18030,1,Private
Tesla,Model 3,2019,Electric,200000,74373,92634,3,Private
BYD,Atto 3,2019,Electric,165000,72196,90037,1,Leasing
Tesla,Model 3,2023,Electric,200000,117289,23872,1,Private
Geely,Geometry C,2023,Electric,155000,88477,23937,1,Private
Tesla,Model 3,2018,Electric,200000,88984,108327,3,Private
Toyota,Corolla,2021,Hybrid,155000,58448,61991,1,Private
Geely,Geometry C,2019,Electric,155000,155000,78721,2,Leasing
Mazda,Mazda 3,2021,Petrol,150000,79778,56155,2,Company
Kia,Sportage,2022,Petrol,175000,173198,31361,1,Private
BYD,Atto 3,2023,Electric,165000,137511,18507,2,Private
Kia,Sportage,2020,Petrol,175000,168930,65776,1,Private
Hyundai,Tucson,2023,Petrol,175000,127184,21394,1,Private
Toyota,Corolla,2018,Hybrid,155000,107550,106079,3,Private
BYD,Atto 3,2021,Electric,165000,134173,50189,2,Private
Mazda,Mazda 3,2022,Petrol,150000,139816,33704,3,Private
Geely,Geometry C,2024,Electric,155000,133734,2908,1,Private
Hyundai,Tucson,2019,Petrol,175000,20000,102317,2,Private
Hyundai,Tucson,2024,Petrol,175000,169576,1000,1,Private
Toyota,Corolla,2019,Hybrid,155000,108942,88581,2,Private
BYD,Atto 3,2024,Electric,165000,116680,5952,1,Private
Mazda,Mazda 3,2019,Petrol,150000,22518,97577,3,Company
Hyundai,Tucson,2020,Petrol,175000,57148,77732,3,Private
Geely,Geometry C,2021,Electric,155000,113932,52585,2,Private
Hyundai,Tucson,2019,Petrol,175000,51609,95263,1,Private
Hyundai,Tucson,2023,Petrol,175000,146224,19309,2,Private
Kia,Sportage,2018,Petrol,175000,110014,105593,2,Private
BYD,Atto 3,2021,Electric,165000,20000,65529,2,Leasing
Renault,Megane,2021,Diesel,140000,135410,47003,3,Private
Tesla,Model 3,2023,Electric,200000,120884,23604,1,Private
Mazda,Mazda 3,2024,Petrol,150000,73244,7848,1,Leasing
Mazda,Mazda 3,2023,Petrol,150000,105697,21895,1,Private
Mazda,Mazda 3,2020,Petrol,150000,93557,72822,2,Private
BYD,Atto 3,2019,Electric,165000,71593,91135,3,Private
BYD,Atto 3,2022,Electric,165000,122576,36433,2,Private
Mazda,Mazda 3,2024,Petrol,150000,119858,1000,1,Leasing
BYD,Atto 3,2018,Electric,165000,61596,109052,3,Private
Kia,Sportage,2021,Petrol,175000,50298,61960,2,Private
BYD,Atto 3,2021,Electric,165000,119093,51061,3,Company
Renault,Megane,2018,Diesel,140000,20000,115074,1,Private
Renault,Megane,2018,Diesel,140000,76245,103629,2,Leasing
Tesla,Model 3,2019,Electric,200000,93442,91315,2,Private
Tesla,Model 3,2019,Electric,200000,138859,84930,1,Leasing
Skoda,Octavia,2022,Petrol,160000,118330,36590,3,Private
Kia,Sportage,2019,Petrol,175000,175000,79502,2,Private
Hyundai,Tucson,2021,Petrol,175000,38121,62217,1,Leasing
Renault,Megane,2018,Diesel,140000,34863,109614,1,Leasing
Renault,Megane,2020,Diesel,140000,128090,63310,1,Company
Kia,Sportage,2024,Petrol,175000,84367,10510,1,Private
Renault,Megane,2022,Diesel,140000,80370,39095,2,Private
Kia,Sportage,2024,Petrol,175000,168033,1000,1,Private
Hyundai,Tucson,2018,Petrol,175000,175000,94181,1,Private
Geely,Geometry C,2021,Electric,155000,26873,62095,1,Leasing
Tesla,Model 3,2021,Electric,200000,137059,53374,1,Private
Tesla,Model 3,2023,Electric,200000,153677,20168,1,Private
Skoda,Octavia,2018,Petrol,160000,104367,104326,3,Company
BYD,Atto 3,2022,Electric,165000,84030,40779,2,Private
Mazda,Mazda 3,2019,Petrol,150000,135955,84864,1,Private
Mazda,Mazda 3,2018,Petrol,150000,73451,109748,1,Private
Hyundai,Tucson,2020,Petrol,175000,110575,69429,3,Leasing
BYD,Atto 3,2018,Electric,165000,32508,112488,3,Private
Renault,Megane,2023,Diesel,140000,140000,14423,1,Private
Toyota,Corolla,2024,Hybrid,155000,130641,1000,1,Company
BYD,Atto 3,2022,Electric,165000,110421,37564,1,Private
Geely,Geometry C,2021,Electric,155000,98591,54328,1,Private
Renault,Megane,2020,Diesel,140000,63563,73325,2,Private
BYD,Atto 3,2022,Electric,165000,152497,32755,1,Private
Tesla,Model 3,2020,Electric,200000,150955,68524,2,Private
Toyota,Corolla,2023,Hybrid,155000,86890,22973,2,Company
Renault,Megane,2018,Diesel,140000,71741,105430,1,Private
Renault,Megane,2023,Diesel,140000,89258,22174,1,Private
Mazda,Mazda 3,2023,Petrol,150000,150000,12607,2,Leasing
Mazda,Mazda 3,2024,Petrol,150000,113408,4631,1,Private
Toyota,Corolla,2024,Hybrid,155000,146269,1068,1,Private
Skoda,Octavia,2019,Petrol,160000,41713,96124,3,Private
Geely,Geometry C,2021,Electric,155000,39735,60452,1,Leasing
Tesla,Model 3,2020,Electric,200000,178939,65996,2,Private
Geely,Geometry C,2022,Electric,155000,114765,36784,1,Private
Tesla,Model 3,2023,Electric,200000,110544,22474,1,Leasing
Mazda,Mazda 3,2023,Petrol,150000,117891,20651,1,Private
Mazda,Mazda 3,2024,Petrol,150000,123122,1522,1,Leasing
Mazda,Mazda 3,2024,Petrol,150000,143688,1000,1,Private
Kia,Sportage,2024,Petrol,175000,142490,1000,1,Leasing
Kia,Sportage,2023,Petrol,175000,159522,16884,1,Private
BYD,Atto 3,2023,Electric,165000,129996,19410,1,Private
Renault,Megane,2022,Diesel,140000,101243,35882,1,Private
Hyundai,Tucson,2021,Petrol,175000,133431,52627,2,Private
Hyundai,Tucson,2020,Petrol,175000,117148,70168,3,Private
Renault,Megane,2018,Diesel,140000,39743,108883,2,Leasing
Tesla,Model 3,2020,Electric,200000,112607,72657,2,Private
Geely,Geometry C,2018,Electric,155000,43517,110858,2,Private
Kia,Sportage,2018,Petrol,175000,84157,107004,1,Company
Hyundai,Tucson,2019,Petrol,175000,90201,90924,2,Private
Renault,Megane,2021,Diesel,140000,40253,58765,3,Company
Geely,Geometry C,2022,Electric,155000,113880,34500,1,Leasing
Toyota,Corolla,2021,Hybrid,155000,93062,57335,3,Private
Renault,Megane,2023,Diesel,140000,140000,10274,2,Leasing
Skoda,Octavia,2020,Petrol,160000,70856,76087,1,Private
Toyota,Corolla,2019,Hybrid,155000,130801,85432,2,Private
Tesla,Model 3,2019,Electric,200000,111055,87942,2,Leasing
BYD,Atto 3,2019,Electric,165000,110031,86699,2,Private
Hyundai,Tucson,2023,Petrol,175000,175000,12387,2,Private
Hyundai,Tucson,2020,Petrol,175000,68068,76863,1,Private
Skoda,Octavia,2024,Petrol,160000,124789,4177,1,Private
Renault,Megane,2018,Diesel,140000,80374,104099,3,Private
Skoda,Octavia,2020,Petrol,160000,95670,73525,1,Private
Geely,Geometry C,2021,Electric,155000,55171,59740,2,Private
Renault,Megane,2023,Diesel,140000,123817,17085,2,Private
Kia,Sportage,2019,Petrol,175000,138742,85638,1,Private
Toyota,Corolla,2023,Hybrid,155000,69207,27175,1,Private
BYD,Atto 3,2020,Electric,165000,112580,69468,1,Private
BYD,Atto 3,2018,Electric,165000,75013,107853,1,Private
Hyundai,Tucson,2021,Petrol,175000,87360,55976,2,Leasing
Kia,Sportage,2022,Petrol,175000,151488,34492,2,Private
Mazda,Mazda 3,2018,Petrol,150000,141034,100577,3,Private
Mazda,Mazda 3,2024,Petrol,150000,140952,1000,1,Private
Hyundai,Tucson,2022,Petrol,175000,96144,40270,3,Private
Geely,Geometry C,2018,Electric,155000,55825,109575,1,Private
Skoda,Octavia,2020,Petrol,160000,94060,71193,2,Leasing
Geely,Geometry C,2024,Electric,155000,152998,1000,1,Private
Skoda,Octavia,2022,Petrol,160000,119760,37096,1,Private
Tesla,Model 3,2020,Electric,200000,67828,76917,2,Private
BYD,Atto 3,2022,Electric,165000,101306,36533,2,Company
Hyundai,Tucson,2022,Petrol,175000,124623,37166,2,Private
Skoda,Octavia,2022,Petrol,160000,55077,43273,1,Company
BYD,Atto 3,2024,Electric,165000,92441,6082,1,Leasing
Geely,Geometry C,2020,Electric,155000,76078,72777,3,Private
Hyundai,Tucson,2023,Petrol,175000,175000,11845,2,Private
BYD,Atto 3,2022,Electric,165000,165000,27727,3,Company
Mazda,Mazda 3,2022,Petrol,150000,70276,43049,2,Private
Renault,Megane,2020,Diesel,140000,58774,72167,3,Company
BYD,Atto 3,2023,Electric,165000,97234,23310,2,Private
Renault,Megane,2024,Diesel,140000,112681,1000,1,Leasing
Toyota,Corolla,2021,Hybrid,155000,106132,55645,3,Private
Mazda,Mazda 3,2024,Petrol,150000,127609,1000,1,Leasing
Mazda,Mazda 3,2018,Petrol,150000,43434,113480,1,Private
Tesla,Model 3,2018,Electric,200000,85497,108984,1,Private
Skoda,Octavia,2023,Petrol,160000,160000,14944,1,Private
Tesla,Model 3,2023,Electric,200000,135049,21981,2,Private
Kia,Sportage,2024,Petrol,175000,166271,1000,1,Private
Mazda,Mazda 3,2024,Petrol,150000,108803,3253,1,Leasing
BYD,Atto 3,2023,Electric,165000,155818,16482,1,Private
Tesla,Model 3,2021,Electric,200000,30212,63971,3,Private
Skoda,Octavia,2024,Petrol,160000,136956,1000,1,Leasing
Geely,Geometry C,2022,Electric,155000,113995,35253,3,Private
Tesla,Model 3,2020,Electric,200000,115073,70919,1,Leasing
Skoda,Octavia,2024,Petrol,160000,141221,1669,1,Private
Hyundai,Tucson,2024,Petrol,175000,139742,4393,1,Private
Mazda,Mazda 3,2023,Petrol,150000,150000,15155,1,Private
Toyota,Corolla,2021,Hybrid,155000,32260,64978,2,Private
Skoda,Octavia,2018,Petrol,160000,136972,101449,2,Private
Skoda,Octavia,2021,Petrol,160000,160000,41562,2,Private
Renault,Megane,2019,Diesel,140000,75837,87708,3,Private
Geely,Geometry C,2021,Electric,155000,131543,49071,3,Private
Hyundai,Tucson,2022,Petrol,175000,175000,31748,1,Private
Tesla,Model 3,2018,Electric,200000,44552,111861,1,Leasing
Skoda,Octavia,2020,Petrol,160000,117634,69832,1,Private
Toyota,Corolla,2022,Hybrid,155000,146153,33942,1,Private
Skoda,Octavia,2024,Petrol,160000,152957,1000,1,Private
Renault,Megane,2018,Diesel,140000,24309,111155,1,Company
Geely,Geometry C,2018,Electric,155000,95969,104170,3,Private
Tesla,Model 3,2022,Electric,200000,185720,31808,3,Private
Tesla,Model 3,2021,Electric,200000,185456,47936,3,Private
Mazda,Mazda 3,2024,Petrol,150000,137595,1000,1,Private
Toyota,Corolla,2019,Hybrid,155000,143218,82273,2,Leasing
Hyundai,Tucson,2020,Petrol,175000,124632,69824,3,Private
Tesla,Model 3,2021,Electric,200000,186780,47425,2,Leasing
BYD,Atto 3,2019,Electric,165000,56644,92479,3,Private
Hyundai,Tucson,2024,Petrol,175000,163680,1000,1,Private
Tesla,Model 3,2019,Electric,200000,20000,98936,2,Leasing
Kia,Sportage,2018,Petrol,175000,110150,105830,1,Private
Renault,Megane,2018,Diesel,140000,20000,115697,1,Private
Hyundai,Tucson,2023,Petrol,175000,175000,15861,1,Private
BYD,Atto 3,2022,Electric,165000,108489,37727,1,Private
Toyota,Corolla,2020,Hybrid,155000,64653,76565,1,Leasing
Hyundai,Tucson,2020,Petrol,175000,99635,72649,2,Private
Geely,Geometry C,2018,Electric,155000,110424,102684,1,Private
BYD,Atto 3,2021,Electric,165000,138250,48142,1,Leasing
Kia,Sportage,2024,Petrol,175000,144272,3445,1,Private
Hyundai,Tucson,2019,Petrol,175000,133858,84889,2,Company
Kia,Sportage,2020,Petrol,175000,141026,67182,1,Leasing
Skoda,Octavia,2020,Petrol,160000,59708,77175,3,Private
Tesla,Model 3,2024,Electric,200000,163470,1000,1,Leasing
BYD,Atto 3,2023,Electric,165000,90753,22124,1,Leasing
Renault,Megane,2024,Diesel,140000,137016,1000,1,Private
Mazda,Mazda 3,2019,Petrol,150000,88053,89024,2,Company
Mazda,Mazda 3,2024,Petrol,150000,97660,7327,1,Private
Geely,Geometry C,2019,Electric,155000,37750,94644,3,Private
Kia,Sportage,2021,Petrol,175000,92401,55124,3,Leasing
Renault,Megane,2024,Diesel,140000,108358,2603,1,Company
Hyundai,Tucson,2022,Petrol,175000,175000,24979,2,Private
Renault,Megane,2018,Diesel,140000,59122,106024,3,Leasing
BYD,Atto 3,2020,Electric,165000,82595,73545,1,Private
Geely,Geometry C,2024,Electric,155000,62371,9546,1,Leasing
BYD,Atto 3,2022,Electric,165000,165000,30811,3,Private
Toyota,Corolla,2018,Hybrid,155000,96150,107649,2,Private
Kia,Sportage,2018,Petrol,175000,47780,110773,3,Leasing
Kia,Sportage,2021,Petrol,175000,108633,55562,2,Private
Tesla,Model 3,2022,Electric,200000,124619,39224,1,Private
Kia,Sportage,2020,Petrol,175000,114255,71401,1,Private
Tesla,Model 3,2020,Electric,200000,30826,79571,1,Company
Tesla,Model 3,2024,Electric,200000,141056,3184,1,Leasing
Geely,Geometry C,2023,Electric,155000,153425,15624,2,Private
Toyota,Corolla,2023,Hybrid,155000,143598,17857,2,Private
Renault,Megane,2024,Diesel,140000,131715,1000,1,Private
Tesla,Model 3,2021,Electric,200000,38253,63402,2,Private
Toyota,Corolla,2022,Hybrid,155000,107936,36823,1,Leasing
Geely,Geometry C,2020,Electric,155000,75588,73846,1,Private
Kia,Sportage,2022,Petrol,175000,175000,27454,2,Leasing
BYD,Atto 3,2022,Electric,165000,81623,40343,3,Private
Toyota,Corolla,2021,Hybrid,155000,114545,54115,3,Private
Renault,Megane,2018,Diesel,140000,106043,100105,2,Private
BYD,Atto 3,2020,Electric,165000,104337,70252,3,Private
Geely,Geometry C,2022,Electric,155000,77951,40750,1,Private
Renault,Megane,2023,Diesel,140000,101551,21016,1,Private
Kia,Sportage,2022,Petrol,175000,141939,34527,3,Private
Hyundai,Tucson,2022,Petrol,175000,116764,35729,2,Company
Renault,Megane,2024,Diesel,140000,137174,1000,1,Private
Kia,Sportage,2022,Petrol,175000,118439,36436,1,Leasing
Geely,Geometry C,2018,Electric,155000,20000,113227,1,Leasing
Toyota,Corolla,2023,Hybrid,155000,134075,16992,2,Leasing
Geely,Geometry C,2018,Electric,155000,84584,104722,3,Company
Skoda,Octavia,2024,Petrol,160000,156315,1000,1,Private
Skoda,Octavia,2020,Petrol,160000,42891,79428,2,Private
Toyota,Corolla,2021,Hybrid,155000,146610,49325,3,Private
Kia,Sportage,2023,Petrol,175000,175000,10955,2,Private
Kia,Sportage,2023,Petrol,175000,126725,19375,2,Leasing
Kia,Sportage,2018,Petrol,175000,104911,106122,2,Private
BYD,Atto 3,2018,Electric,165000,82725,106715,2,Private
Toyota,Corolla,2021,Hybrid,155000,108884,54877,2,Private
Kia,Sportage,2018,Petrol,175000,117215,102876,3,Company
Kia,Sportage,2019,Petrol,175000,20000,100005,2,Private
Kia,Sportage,2024,Petrol,175000,113799,4494,1,Company
BYD,Atto 3,2023,Electric,165000,159002,15911,2,Private
Toyota,Corolla,2024,Hybrid,155000,143733,1000,1,Private
Kia,Sportage,2022,Petrol,175000,175000,28009,1,Private
Tesla,Model 3,2019,Electric,200000,110995,88079,3,Leasing
Tesla,Model 3,2018,Electric,200000,54791,111582,2,Private
Hyundai,Tucson,2018,Petrol,175000,85966,106565,2,Leasing
Hyundai,Tucson,2021,Petrol,175000,125855,52972,2,Private
BYD,Atto 3,2024,Electric,165000,100805,5756,1,Leasing
Hyundai,Tucson,2022,Petrol,175000,66589,42169,2,Leasing
Skoda,Octavia,2020,Petrol,160000,117115,68229,2,Leasing
Mazda,Mazda 3,2019,Petrol,150000,98140,89081,1,Private
Hyundai,Tucson,2023,Petrol,175000,134936,19685,2,Private
Toyota,Corolla,2020,Hybrid,155000,115282,69583,2,Leasing
Geely,Geometry C,2022,Electric,155000,78686,39002,2,Company
Tesla,Model 3,2022,Electric,200000,25952,46781,2,Company
Geely,Geometry C,2023,Electric,155000,154672,16096,1,Private
Mazda,Mazda 3,2023,Petrol,150000,150000,9948,1,Private
Skoda,Octavia,2019,Petrol,160000,63109,93765,2,Private
Kia,Sportage,2023,Petrol,175000,175000,14537,1,Private
BYD,Atto 3,2018,Electric,165000,118007,102039,2,Private
Renault,Megane,2024,Diesel,140000,96984,6261,1,Private
Mazda,Mazda 3,2018,Petrol,150000,40380,113682,3,Private
Kia,Sportage,2022,Petrol,175000,149833,32372,3,Company
Mazda,Mazda 3,2021,Petrol,150000,119432,53265,1,Private
Skoda,Octavia,2018,Petrol,160000,86573,107645,1,Private
Toyota,Corolla,2022,Hybrid,155000,87808,42013,1,Private
Toyota,Corolla,2024,Hybrid,155000,125286,1124,1,Leasing
Kia,Sportage,2020,Petrol,175000,78152,73603,3,Leasing
Hyundai,Tucson,2019,Petrol,175000,123260,86698,1,Private
Skoda,Octavia,2019,Petrol,160000,84259,91512,1,Private
Renault,Megane,2021,Diesel,140000,79038,54496,2,Private
Kia,Sportage,2021,Petrol,175000,159137,49873,1,Private
BYD,Atto 3,2023,Electric,165000,96717,20856,2,Company
BYD,Atto 3,2023,Electric,165000,27634,29501,2,Company
Renault,Megane,2023,Diesel,140000,98932,19014,1,Company
Toyota,Corolla,2018,Hybrid,155000,113720,104367,3,Private
Toyota,Corolla,2023,Hybrid,155000,123756,21034,1,Private
Toyota,Corolla,2022,Hybrid,155000,155000,26790,3,Leasing
BYD,Atto 3,2022,Electric,165000,125650,33967,2,Leasing
Skoda,Octavia,2023,Petrol,160000,150674,17432,2,Private
BYD,Atto 3,2024,Electric,165000,138061,1000,1,Leasing
Renault,Megane,2024,Diesel,140000,129978,1000,1,Private
Kia,Sportage,2021,Petrol,175000,97444,56295,2,Private
Kia,Sportage,2018,Petrol,175000,143624,101290,3,Private
Kia,Sportage,2019,Petrol,175000,94519,89817,3,Private
Renault,Megane,2020,Diesel,140000,20000,81518,2,Private
Hyundai,Tucson,2020,Petrol,175000,71591,74935,1,Leasing
Mazda,Mazda 3,2023,Petrol,150000,135497,18032,2,Private
Tesla,Model 3,2020,Electric,200000,145260,67469,3,Company
Tesla,Model 3,2019,Electric,200000,200000,78483,2,Private
BYD,Atto 3,2023,Electric,165000,70783,26549,2,Private
BYD,Atto 3,2024,Electric,165000,121967,3337,1,Leasing
Mazda,Mazda 3,2020,Petrol,150000,31237,79305,3,Company
Mazda,Mazda 3,2020,Petrol,150000,102501,72012,1,Private
Renault,Megane,2018,Diesel,140000,39427,110092,1,Private
Toyota,Corolla,2020,Hybrid,155000,132733,69516,2,Private
BYD,Atto 3,2019,Electric,165000,59956,92862,1,Private
Geely,Geometry C,2021,Electric,155000,72751,57254,3,Private
Hyundai,Tucson,2018,Petrol,175000,140994,101294,3,Private
Tesla,Model 3,2021,Electric,200000,186967,49562,1,Private
BYD,Atto 3,2020,Electric,165000,51608,76781,3,Private
Skoda,Octavia,2019,Petrol,160000,36209,97398,1,Private
BYD,Atto 3,2021,Electric,165000,74183,56187,3,Company
Geely,Geometry C,2024,Electric,155000,80464,9688,1,Private
Renault,Megane,2018,Diesel,140000,20000,117880,3,Private
BYD,Atto 3,2024,Electric,165000,67715,11481,1,Private
Tesla,Model 3,2020,Electric,200000,60245,76113,2,Company
Kia,Sportage,2020,Petrol,175000,95026,73676,2,Private
Geely,Geometry C,2022,Electric,155000,155000,30263,1,Private
Tesla,Model 3,2021,Electric,200000,151285,52923,1,Private
Renault,Megane,2024,Diesel,140000,116045,1000,1,Company
Renault,Megane,2019,Diesel,140000,48160,91995,2,Private
BYD,Atto 3,2024,Electric,165000,151212,1783,1,Private
Tesla,Model 3,2024,Electric,200000,189407,1000,1,Private
BYD,Atto 3,2024,Electric,165000,42682,12451,1,Leasing
BYD,Atto 3,2023,Electric,165000,165000,12084,1,Private
Kia,Sportage,2022,Petrol,175000,92055,38612,3,Leasing
Skoda,Octavia,2019,Petrol,160000,117071,86734,2,Private
BYD,Atto 3,2024,Electric,165000,121069,5123,1,Private
Kia,Sportage,2023,Petrol,175000,100955,23842,2,Private
Skoda,Octavia,2024,Petrol,160000,146111,1000,1,Private
BYD,Atto 3,2020,Electric,165000,38973,78334,2,Private
Geely,Geometry C,2022,Electric,155000,89355,38958,2,Private
Mazda,Mazda 3,2021,Petrol,150000,90335,56846,2,Private
Mazda,Mazda 3,2021,Petrol,150000,75603,56654,2,Company
Skoda,Octavia,2022,Petrol,160000,152177,30634,2,Leasing
Tesla,Model 3,2018,Electric,200000,136486,103233,3,Private
Hyundai,Tucson,2022,Petrol,175000,175000,29067,3,Private
Kia,Sportage,2020,Petrol,175000,108443,70857,2,Leasing
Tesla,Model 3,2024,Electric,200000,187429,1000,1,Private
Tesla,Model 3,2018,Electric,200000,54520,111685,2,Private
Tesla,Model 3,2024,Electric,200000,160017,1000,1,Leasing
Mazda,Mazda 3,2020,Petrol,150000,74817,75136,2,Private
Tesla,Model 3,2018,Electric,200000,100914,107480,1,Private
Renault,Megane,2021,Diesel,140000,88642,51942,1,Company
Tesla,Model 3,2018,Electric,200000,118263,104428,1,Leasing
Hyundai,Tucson,2023,Petrol,175000,103200,22025,1,Leasing
Skoda,Octavia,2022,Petrol,160000,160000,30322,1,Private
Geely,Geometry C,2020,Electric,155000,85164,71705,3,Private
Renault,Megane,2020,Diesel,140000,71664,72235,2,Private
Geely,Geometry C,2024,Electric,155000,125904,3441,1,Private
Renault,Megane,2023,Diesel,140000,98755,20738,2,Private
Renault,Megane,2020,Diesel,140000,116297,65611,2,Private
Mazda,Mazda 3,2023,Petrol,150000,59650,25886,2,Leasing
Toyota,Corolla,2020,Hybrid,155000,155000,59607,2,Private
Toyota,Corolla,2018,Hybrid,155000,155000,97782,2,Leasing
Kia,Sportage,2023,Petrol,175000,173187,13550,2,Company
Toyota,Corolla,2021,Hybrid,155000,155000,49196,1,Private
Skoda,Octavia,2019,Petrol,160000,24423,98404,2,Private
Skoda,Octavia,2018,Petrol,160000,66644,110454,1,Private
Renault,Megane,2019,Diesel,140000,20000,98877,2,Private
Renault,Megane,2024,Diesel,140000,113044,1538,1,Leasing
Hyundai,Tucson,2021,Petrol,175000,167768,48936,2,Private
Renault,Megane,2019,Diesel,140000,119374,81200,1,Private
BYD,Atto 3,2024,Electric,165000,137007,1000,1,Company
BYD,Atto 3,2019,Electric,165000,63153,90942,3,Leasing
Skoda,Octavia,2021,Petrol,160000,110607,53707,3,Private
Skoda,Octavia,2018,Petrol,160000,125839,101822,1,Leasing
Kia,Sportage,2023,Petrol,175000,156954,15578,1,Leasing
Skoda,Octavia,2024,Petrol,160000,156208,1000,1,Private
Skoda,Octavia,2020,Petrol,160000,134420,68425,3,Private
Geely,Geometry C,2018,Electric,155000,20000,116972,2,Private
BYD,Atto 3,2019,Electric,165000,27288,94941,3,Leasing
Hyundai,Tucson,2020,Petrol,175000,134247,67420,2,Leasing
Skoda,Octavia,2024,Petrol,160000,136504,2405,1,Private
Toyota,Corolla,2020,Hybrid,155000,145174,67060,3,Private
Geely,Geometry C,2022,Electric,155000,85203,37378,3,Leasing
Toyota,Corolla,2021,Hybrid,155000,94174,56830,2,Private
Kia,Sportage,2024,Petrol,175000,165825,1000,1,Private
Hyundai,Tucson,2024,Petrol,175000,161321,2167,1,Private
Renault,Megane,2024,Diesel,140000,137199,1000,1,Private
Renault,Megane,2023,Diesel,140000,26091,31234,1,Private
Geely,Geometry C,2024,Electric,155000,121642,2264,1,Leasing
Tesla,Model 3,2021,Electric,200000,90381,56471,2,Leasing
Renault,Megane,2018,Diesel,140000,40028,109794,1,Private
BYD,Atto 3,2020,Electric,165000,133699,66801,1,Private
Mazda,Mazda 3,2018,Petrol,150000,124340,102135,2,Private
Hyundai,Tucson,2023,Petrol,175000,118620,20030,2,Company
Tesla,Model 3,2019,Electric,200000,86559,91506,3,Private
Toyota,Corolla,2020,Hybrid,155000,127455,67530,3,Company
Hyundai,Tucson,2023,Petrol,175000,150457,16903,1,Company
Mazda,Mazda 3,2021,Petrol,150000,20000,66597,3,Private
Toyota,Corolla,2022,Hybrid,155000,78533,40207,2,Leasing
Skoda,Octavia,2020,Petrol,160000,73307,75876,2,Private
Hyundai,Tucson,2024,Petrol,175000,160945,1000,1,Private
Tesla,Model 3,2023,Electric,200000,177988,17364,1,Private
Skoda,Octavia,2024,Petrol,160000,138101,1000,1,Leasing
Skoda,Octavia,2019,Petrol,160000,126367,85256,2,Private
Kia,Sportage,2023,Petrol,175000,175000,12254,2,Private
Hyundai,Tucson,2020,Petrol,175000,22603,81468,3,Private
Toyota,Corolla,2024,Hybrid,155000,124394,1092,1,Company
Hyundai,Tucson,2021,Petrol,175000,56524,61311,2,Private
Toyota,Corolla,2020,Hybrid,155000,147417,65488,2,Leasing
Toyota,Corolla,2024,Hybrid,155000,133092,1000,1,Leasing
Tesla,Model 3,2019,Electric,200000,66426,92662,1,Leasing
Mazda,Mazda 3,2020,Petrol,150000,150000,59659,2,Private
Toyota,Corolla,2019,Hybrid,155000,102323,90152,1,Private
Hyundai,Tucson,2019,Petrol,175000,62403,92637,2,Leasing
Geely,Geometry C,2019,Electric,155000,86323,89220,1,Private
Kia,Sportage,2018,Petrol,175000,95412,106560,3,Private
Skoda,Octavia,2021,Petrol,160000,160000,45189,1,Leasing
Tesla,Model 3,2022,Electric,200000,200000,27169,3,Private
Renault,Megane,2018,Diesel,140000,36696,109362,2,Leasing
Skoda,Octavia,2021,Petrol,160000,74171,59152,1,Private
Geely,Geometry C,2023,Electric,155000,105976,21222,1,Private
Skoda,Octavia,2022,Petrol,160000,128309,33564,2,Company
BYD,Atto 3,2023,Electric,165000,107127,22482,1,Private
Mazda,Mazda 3,2024,Petrol,150000,137642,1000,1,Private
Skoda,Octavia,2020,Petrol,160000,118836,68933,1,Company
Geely,Geometry C,2018,Electric,155000,57380,108857,2,Private
Kia,Sportage,2022,Petrol,175000,99928,39343,3,Private
Tesla,Model 3,2021,Electric,200000,50018,62709,1,Private
Renault,Megane,2018,Diesel,140000,65830,106484,1,Private
Tesla,Model 3,2019,Electric,200000,66094,93781,2,Private
Kia,Sportage,2023,Petrol,175000,175000,11337,1,Private
Tesla,Model 3,2022,Electric,200000,121488,39157,2,Private
BYD,Atto 3,2020,Electric,165000,69723,74264,3,Private
Renault,Megane,2023,Diesel,140000,125318,16888,1,Private
Hyundai,Tucson,2018,Petrol,175000,88726,106224,3,Company
Kia,Sportage,2018,Petrol,175000,109533,104419,1,Company
BYD,Atto 3,2021,Electric,165000,124729,51867,3,Private
BYD,Atto 3,2019,Electric,165000,88327,89376,2,Private
Kia,Sportage,2020,Petrol,175000,126107,67751,3,Leasing
Tesla,Model 3,2018,Electric,200000,48289,111516,1,Leasing
Skoda,Octavia,2024,Petrol,160000,127587,1960,1,Leasing
Mazda,Mazda 3,2023,Petrol,150000,150000,10187,2,Private
Hyundai,Tucson,2019,Petrol,175000,121201,87066,2,Private
Mazda,Mazda 3,2018,Petrol,150000,114927,104244,1,Private
Tesla,Model 3,2021,Electric,200000,153231,52323,3,Private
Renault,Megane,2022,Diesel,140000,37632,44636,3,Private
Skoda,Octavia,2019,Petrol,160000,137207,85317,1,Private
Skoda,Octavia,2023,Petrol,160000,126147,20126,2,Private
Mazda,Mazda 3,2020,Petrol,150000,119082,69165,2,Private
Geely,Geometry C,2019,Electric,155000,46240,94054,1,Private
Renault,Megane,2022,Diesel,140000,93724,37108,1,Private
BYD,Atto 3,2022,Electric,165000,165000,27335,3,Company
Kia,Sportage,2023,Petrol,175000,175000,14229,2,Private
Kia,Sportage,2019,Petrol,175000,143724,83528,1,Leasing
Mazda,Mazda 3,2021,Petrol,150000,86478,55414,1,Company
Renault,Megane,2022,Diesel,140000,85030,37655,3,Private
BYD,Atto 3,2023,Electric,165000,165000,14903,1,Private
Kia,Sportage,2020,Petrol,175000,33249,78593,3,Company
Kia,Sportage,2023,Petrol,175000,67386,27907,1,Private
Renault,Megane,2024,Diesel,140000,134647,1000,1,Private
Kia,Sportage,2019,Petrol,175000,93113,90016,2,Private
Hyundai,Tucson,2024,Petrol,175000,118578,4415,1,Company
Renault,Megane,2023,Diesel,140000,86683,22987,1,Private
Renault,Megane,2024,Diesel,140000,97484,5894,1,Private
BYD,Atto 3,2023,Electric,165000,165000,11813,2,Leasing
Kia,Sportage,2021,Petrol,175000,117646,54190,1,Private
Skoda,Octavia,2019,Petrol,160000,20000,101189,2,Company
Skoda,Octavia,2024,Petrol,160000,152538,1000,1,Private
Hyundai,Tucson,2021,Petrol,175000,55810,61099,3,Private
Renault,Megane,2018,Diesel,140000,20000,118152,2,Private
Kia,Sportage,2020,Petrol,175000,80868,74707,2,Private
Toyota,Corolla,2019,Hybrid,155000,102517,90313,1,Private
Skoda,Octavia,2018,Petrol,160000,113251,104858,1,Private
BYD,Atto 3,2024,Electric,165000,154808,1000,1,Private
Tesla,Model 3,2018,Electric,200000,90859,108017,2,Private
Mazda,Mazda 3,2020,Petrol,150000,93072,71026,2,Leasing
BYD,Atto 3,2019,Electric,165000,58885,92610,2,Private
BYD,Atto 3,2018,Electric,165000,79449,105852,3,Company
Tesla,Model 3,2019,Electric,200000,89274,91255,3,Private
Hyundai,Tucson,2024,Petrol,175000,146449,1000,1,Leasing
Hyundai,Tucson,2023,Petrol,175000,110765,23274,1,Private
Toyota,Corolla,2023,Hybrid,155000,104455,22720,1,Private
Mazda,Mazda 3,2020,Petrol,150000,132822,67237,3,Private
Renault,Megane,2024,Diesel,140000,135625,1000,1,Private
Kia,Sportage,2020,Petrol,175000,52641,78118,3,Private
Hyundai,Tucson,2018,Petrol,175000,42677,112746,3,Private
Mazda,Mazda 3,2020,Petrol,150000,20000,81503,1,Company
Tesla,Model 3,2022,Electric,200000,132356,37966,1,Private
Renault,Megane,2022,Diesel,140000,140000,27972,2,Private
Kia,Sportage,2024,Petrol,175000,163907,1000,1,Private
Renault,Megane,2018,Diesel,140000,20000,113421,2,Private
Renault,Megane,2023,Diesel,140000,113417,16066,2,Leasing
Skoda,Octavia,2023,Petrol,160000,160000,13611,1,Company
Tesla,Model 3,2022,Electric,200000,123114,38773,1,Private
Hyundai,Tucson,2018,Petrol,175000,43600,113025,1,Private
BYD,Atto 3,2019,Electric,165000,79484,89735,3,Private
Kia,Sportage,2019,Petrol,175000,104541,89230,1,Private
Toyota,Corolla,2018,Hybrid,155000,35175,114287,1,Leasing
Geely,Geometry C,2019,Electric,155000,116760,84668,1,Private
Renault,Megane,2021,Diesel,140000,103070,49903,2,Leasing
Hyundai,Tucson,2018,Petrol,175000,85068,108345,2,Private
Tesla,Model 3,2021,Electric,200000,200000,39946,1,Private
BYD,Atto 3,2022,Electric,165000,165000,30803,1,Private
BYD,Atto 3,2021,Electric,165000,147219,49658,1,Private
Renault,Megane,2022,Diesel,140000,64886,40979,2,Private
Renault,Megane,2019,Diesel,140000,20000,101842,3,Leasing
Skoda,Octavia,2022,Petrol,160000,136451,35132,2,Private
Skoda,Octavia,2020,Petrol,160000,87109,74326,1,Private
Tesla,Model 3,2019,Electric,200000,116717,89067,2,Private
Kia,Sportage,2018,Petrol,175000,94780,105603,2,Leasing
Geely,Geometry C,2019,Electric,155000,136808,82009,3,Private
Hyundai,Tucson,2024,Petrol,175000,149846,1000,1,Leasing
Kia,Sportage,2018,Petrol,175000,78950,108699,1,Private
Tesla,Model 3,2019,Electric,200000,85571,92301,1,Private
Geely,Geometry C,2020,Electric,155000,123705,66360,1,Leasing
Hyundai,Tucson,2022,Petrol,175000,175000,31074,2,Private
Geely,Geometry C,2019,Electric,155000,68011,90914,2,Private
Renault,Megane,2019,Diesel,140000,117695,80731,2,Leasing
Kia,Sportage,2019,Petrol,175000,82886,91664,2,Private
Mazda,Mazda 3,2022,Petrol,150000,117274,36998,2,Private
Tesla,Model 3,2021,Electric,200000,109007,56286,3,Private
Hyundai,Tucson,2024,Petrol,175000,95154,6763,1,Leasing
Renault,Megane,2021,Diesel,140000,56216,57670,3,Private
Tesla,Model 3,2024,Electric,200000,185567,1000,1,Private
BYD,Atto 3,2018,Electric,165000,56942,109283,3,Private
Mazda,Mazda 3,2019,Petrol,150000,150000,80552,1,Private
BYD,Atto 3,2019,Electric,165000,35170,95346,3,Private
Kia,Sportage,2018,Petrol,175000,95729,106958,2,Private
Skoda,Octavia,2020,Petrol,160000,105716,71587,2,Private
Geely,Geometry C,2021,Electric,155000,78346,57286,1,Private
Renault,Megane,2022,Diesel,140000,86672,37009,3,Private
Hyundai,Tucson,2023,Petrol,175000,141848,20128,1,Private
Skoda,Octavia,2024,Petrol,160000,135430,1000,1,Company
Tesla,Model 3,2024,Electric,200000,70699,12958,1,Private
Hyundai,Tucson,2020,Petrol,175000,38264,78090,3,Leasing
Kia,Sportage,2021,Petrol,175000,60368,59173,2,Company
Tesla,Model 3,2024,Electric,200000,183174,1507,1,Private
Mazda,Mazda 3,2019,Petrol,150000,104471,88706,2,Private
Hyundai,Tucson,2020,Petrol,175000,99581,70814,3,Leasing
Toyota,Corolla,2020,Hybrid,155000,94910,73643,2,Private
Toyota,Corolla,2021,Hybrid,155000,138254,51208,1,Private
Kia,Sportage,2021,Petrol,175000,93011,57064,2,Private
Skoda,Octavia,2022,Petrol,160000,160000,25415,3,Company
BYD,Atto 3,2023,Electric,165000,93770,24229,1,Private
Mazda,Mazda 3,2020,Petrol,150000,61783,76656,3,Private
Hyundai,Tucson,2021,Petrol,175000,172878,47497,2,Private
Hyundai,Tucson,2021,Petrol,175000,162026,50164,1,Private
Mazda,Mazda 3,2023,Petrol,150000,82918,22999,2,Leasing
Mazda,Mazda 3,2018,Petrol,150000,150000,96543,3,Private
Kia,Sportage,2022,Petrol,175000,175000,30457,2,Private
Skoda,Octavia,2018,Petrol,160000,60474,111179,1,Private
Hyundai,Tucson,2020,Petrol,175000,128913,68068,1,Leasing
Kia,Sportage,2020,Petrol,175000,52287,78452,1,Private
Mazda,Mazda 3,2018,Petrol,150000,82437,108661,1,Private
Skoda,Octavia,2019,Petrol,160000,160000,78757,2,Private
Renault,Megane,2023,Diesel,140000,140000,12374,1,Private
Renault,Megane,2021,Diesel,140000,66744,56285,2,Private
Skoda,Octavia,2024,Petrol,160000,136287,3158,1,Private
Hyundai,Tucson,2021,Petrol,175000,90096,55527,2,Company
Tesla,Model 3,2019,Electric,200000,20000,101046,1,Private
BYD,Atto 3,2022,Electric,165000,155108,32133,3,Private
Toyota,Corolla,2023,Hybrid,155000,84048,25298,1,Private
Hyundai,Tucson,2019,Petrol,175000,70174,92832,1,Private
Kia,Sportage,2023,Petrol,175000,151917,16461,1,Leasing
Geely,Geometry C,2020,Electric,155000,61384,73941,2,Leasing
Tesla,Model 3,2019,Electric,200000,105081,89187,3,Private
Renault,Megane,2019,Diesel,140000,58543,89218,1,Leasing
Hyundai,Tucson,2020,Petrol,175000,43276,77511,3,Company
Tesla,Model 3,2024,Electric,200000,165073,1000,1,Leasing
Skoda,Octavia,2024,Petrol,160000,130314,1000,1,Leasing
Mazda,Mazda 3,2023,Petrol,150000,150000,12423,2,Private
Skoda,Octavia,2020,Petrol,160000,102486,70608,3,Company
Toyota,Corolla,2022,Hybrid,155000,147741,32553,1,Company
Geely,Geometry C,2018,Electric,155000,91882,104575,1,Private
Toyota,Corolla,2023,Hybrid,155000,130437,16896,1,Leasing
Hyundai,Tucson,2020,Petrol,175000,141632,66669,2,Leasing
Toyota,Corolla,2024,Hybrid,155000,130486,1000,1,Company
Renault,Megane,2021,Diesel,140000,102756,50845,3,Private
Kia,Sportage,2023,Petrol,175000,161605,14547,1,Company
Kia,Sportage,2019,Petrol,175000,110562,87017,3,Leasing
Tesla,Model 3,2018,Electric,200000,104663,106278,2,Private
Renault,Megane,2023,Diesel,140000,138240,13034,1,Leasing
Toyota,Corolla,2021,Hybrid,155000,121643,52540,1,Leasing
Toyota,Corolla,2021,Hybrid,155000,100881,56363,3,Private
Skoda,Octavia,2019,Petrol,160000,124201,85696,2,Private
Mazda,Mazda 3,2018,Petrol,150000,116152,102819,1,Company
Toyota,Corolla,2019,Hybrid,155000,139466,83774,2,Company
Kia,Sportage,2022,Petrol,175000,113712,38346,1,Private
Geely,Geometry C,2019,Electric,155000,85449,88340,3,Private
Kia,Sportage,2019,Petrol,175000,65699,93266,3,Private
Skoda,Octavia,2019,Petrol,160000,88813,89587,1,Company
BYD,Atto 3,2018,Electric,165000,130237,99473,1,Company
Renault,Megane,2019,Diesel,140000,78226,85998,2,Leasing
Toyota,Corolla,2024,Hybrid,155000,153056,1000,1,Private
Toyota,Corolla,2018,Hybrid,155000,65873,109978,1,Leasing
Kia,Sportage,2021,Petrol,175000,98010,54532,3,Company
Mazda,Mazda 3,2020,Petrol,150000,75810,75861,1,Private
Mazda,Mazda 3,2022,Petrol,150000,98668,38650,3,Private
Mazda,Mazda 3,2020,Petrol,150000,115249,69813,3,Private
Kia,Sportage,2020,Petrol,175000,130205,69433,1,Private
Renault,Megane,2020,Diesel,140000,42288,76588,1,Private
Skoda,Octavia,2024,Petrol,160000,112979,6050,1,Private
Tesla,Model 3,2021,Electric,200000,200000,43232,2,Private
Skoda,Octavia,2021,Petrol,160000,100967,55122,3,Private
Skoda,Octavia,2021,Petrol,160000,133542,51259,2,Private
Geely,Geometry C,2021,Electric,155000,86555,53739,2,Leasing
Hyundai,Tucson,2024,Petrol,175000,75085,8985,1,Leasing
Kia,Sportage,2019,Petrol,175000,92810,90855,1,Private
Kia,Sportage,2018,Petrol,175000,43056,112721,3,Private
Toyota,Corolla,2023,Hybrid,155000,117430,18975,1,Company
Skoda,Octavia,2020,Petrol,160000,54019,78195,1,Private
Tesla,Model 3,2021,Electric,200000,168359,50055,3,Private
Geely,Geometry C,2024,Electric,155000,126971,1000,1,Leasing
Geely,Geometry C,2021,Electric,155000,45273,59580,1,Leasing
Hyundai,Tucson,2020,Petrol,175000,33646,78812,2,Company
Renault,Megane,2019,Diesel,140000,107421,83592,3,Private
Kia,Sportage,2020,Petrol,175000,117498,71127,1,Private
Toyota,Corolla,2021,Hybrid,155000,136096,50262,1,Company
Toyota,Corolla,2019,Hybrid,155000,95238,90621,3,Private
BYD,Atto 3,2019,Electric,165000,20000,97990,1,Private
Toyota,Corolla,2022,Hybrid,155000,155000,31609,2,Private
Mazda,Mazda 3,2024,Petrol,150000,144320,1000,1,Private
Kia,Sportage,2022,Petrol,175000,175000,29699,1,Leasing
Tesla,Model 3,2019,Electric,200000,83085,91891,2,Private
Skoda,Octavia,2019,Petrol,160000,77835,91265,3,Private
Skoda,Octavia,2024,Petrol,160000,152008,1000,1,Private
Kia,Sportage,2019,Petrol,175000,59963,94132,2,Private
Mazda,Mazda 3,2024,Petrol,150000,121006,1000,1,Company
Skoda,Octavia,2022,Petrol,160000,111824,37726,2,Private
Mazda,Mazda 3,2023,Petrol,150000,150000,11938,1,Private
Kia,Sportage,2022,Petrol,175000,133551,36163,2,Private
Geely,Geometry C,2021,Electric,155000,101238,54132,1,Private
Tesla,Model 3,2018,Electric,200000,128091,104723,2,Private
Skoda,Octavia,2021,Petrol,160000,91203,54974,1,Company
Renault,Megane,2018,Diesel,140000,20000,115786,1,Private
Tesla,Model 3,2023,Electric,200000,200000,12786,1,Private
Skoda,Octavia,2019,Petrol,160000,81108,90081,3,Leasing
Renault,Megane,2020,Diesel,140000,53449,74645,1,Private
Renault,Megane,2022,Diesel,140000,121707,33478,1,Private
BYD,Atto 3,2021,Electric,165000,150183,48709,1,Private
BYD,Atto 3,2023,Electric,165000,106716,20610,1,Company
Skoda,Octavia,2022,Petrol,160000,145523,33283,1,Private
Toyota,Corolla,2022,Hybrid,155000,129108,35417,2,Private
Kia,Sportage,2020,Petrol,175000,76357,74446,1,Company
Hyundai,Tucson,2023,Petrol,175000,106804,23508,2,Private
Skoda,Octavia,2024,Petrol,160000,148952,1000,1,Private
Kia,Sportage,2023,Petrol,175000,162243,17320,1,Private
Toyota,Corolla,2023,Hybrid,155000,155000,8393,1,Leasing
Skoda,Octavia,2019,Petrol,160000,40677,94735,3,Company
Geely,Geometry C,2018,Electric,155000,155000,93561,3,Private
Toyota,Corolla,2023,Hybrid,155000,155000,10385,2,Leasing
Skoda,Octavia,2023,Petrol,160000,160000,8241,2,Private
Kia,Sportage,2023,Petrol,175000,136816,20178,1,Private
Kia,Sportage,2020,Petrol,175000,24010,80291,1,Company
Renault,Megane,2024,Diesel,140000,135450,1163,1,Private
Kia,Sportage,2019,Petrol,175000,112502,88290,2,Private
BYD,Atto 3,2022,Electric,165000,144788,34191,1,Private
Geely,Geometry C,2019,Electric,155000,69504,90893,1,Private
Mazda,Mazda 3,2021,Petrol,150000,106916,52161,2,Leasing
Mazda,Mazda 3,2021,Petrol,150000,65510,57830,3,Company
Mazda,Mazda 3,2024,Petrol,150000,128159,1000,1,Company
Mazda,Mazda 3,2018,Petrol,150000,58169,111564,2,Private
Kia,Sportage,2020,Petrol,175000,73417,75914,1,Private
Skoda,Octavia,2024,Petrol,160000,121616,4620,1,Private
Hyundai,Tucson,2021,Petrol,175000,145416,50862,1,Private
Skoda,Octavia,2018,Petrol,160000,138469,100351,3,Private
Kia,Sportage,2020,Petrol,175000,68510,76925,1,Private
Mazda,Mazda 3,2020,Petrol,150000,87806,73770,2,Private
Kia,Sportage,2019,Petrol,175000,139969,85277,2,Private
BYD,Atto 3,2019,Electric,165000,50550,93279,3,Private
Mazda,Mazda 3,2021,Petrol,150000,51731,61667,3,Private
Mazda,Mazda 3,2019,Petrol,150000,111812,88024,1,Private
Geely,Geometry C,2022,Electric,155000,82103,38121,2,Company
Geely,Geometry C,2024,Electric,155000,142474,2188,1,Private
BYD,Atto 3,2018,Electric,165000,94478,103702,3,Leasing
Toyota,Corolla,2019,Hybrid,155000,77479,93396,1,Private
Mazda,Mazda 3,2018,Petrol,150000,104515,105233,3,Private
Geely,Geometry C,2018,Electric,155000,84255,105131,3,Private
Renault,Megane,2019,Diesel,140000,43722,91344,3,Leasing
Kia,Sportage,2024,Petrol,175000,98861,8440,1,Private
Toyota,Corolla,2023,Hybrid,155000,47893,27469,2,Leasing
Skoda,Octavia,2018,Petrol,160000,69942,109627,2,Private
Renault,Megane,2020,Diesel,140000,93767,69378,1,Private
Geely,Geometry C,2019,Electric,155000,84700,87207,2,Leasing
BYD,Atto 3,2020,Electric,165000,79607,72265,3,Company
Renault,Megane,2023,Diesel,140000,122270,17012,1,Private
Tesla,Model 3,2021,Electric,200000,132474,52497,3,Leasing
Skoda,Octavia,2018,Petrol,160000,104436,105765,2,Private
BYD,Atto 3,2024,Electric,165000,155043,1000,1,Private
Hyundai,Tucson,2024,Petrol,175000,140509,1000,1,Leasing
Kia,Sportage,2018,Petrol,175000,61421,110652,1,Private
Geely,Geometry C,2020,Electric,155000,153395,64214,1,Private
Skoda,Octavia,2024,Petrol,160000,134656,1368,1,Leasing
Mazda,Mazda 3,2023,Petrol,150000,123419,17896,1,Leasing
Mazda,Mazda 3,2023,Petrol,150000,113611,20298,2,Private
Kia,Sportage,2024,Petrol,175000,131861,4568,1,Private
Renault,Megane,2018,Diesel,140000,20000,113016,3,Leasing
Mazda,Mazda 3,2021,Petrol,150000,142410,49483,1,Private
Renault,Megane,2022,Diesel,140000,140000,29210,2,Private
Tesla,Model 3,2020,Electric,200000,64867,77041,2,Private
Geely,Geometry C,2021,Electric,155000,146779,48579,1,Private
Tesla,Model 3,2023,Electric,200000,73520,28504,1,Private
Tesla,Model 3,2024,Electric,200000,162734,3787,1,Private
Renault,Megane,2019,Diesel,140000,26037,94931,2,Private
Geely,Geometry C,2019,Electric,155000,82880,88737,3,Private
Hyundai,Tucson,2020,Petrol,175000,168283,65820,1,Private
Skoda,Octavia,2022,Petrol,160000,134029,36055,1,Private
Tesla,Model 3,2021,Electric,200000,193879,48176,2,Private
Hyundai,Tucson,2022,Petrol,175000,119919,37817,1,Private
Geely,Geometry C,2020,Electric,155000,46046,77079,3,Private
Kia,Sportage,2019,Petrol,175000,108843,88790,1,Private
Hyundai,Tucson,2024,Petrol,175000,160576,1000,1,Private
Geely,Geometry C,2022,Electric,155000,143350,33173,1,Private
Skoda,Octavia,2019,Petrol,160000,77116,91556,3,Private
Geely,Geometry C,2019,Electric,155000,65707,90749,3,Private
Toyota,Corolla,2020,Hybrid,155000,87591,74424,3,Private
Mazda,Mazda 3,2024,Petrol,150000,112090,4513,1,Private
BYD,Atto 3,2019,Electric,165000,97110,87663,2,Private
Renault,Megane,2022,Diesel,140000,130843,31359,2,Private
BYD,Atto 3,2022,Electric,165000,76201,41531,3,Private
Tesla,Model 3,2021,Electric,200000,193673,48405,2,Private
Toyota,Corolla,2019,Hybrid,155000,112611,89066,1,Private
Geely,Geometry C,2022,Electric,155000,79889,40805,2,Private
Hyundai,Tucson,2020,Petrol,175000,175000,63634,1,Private
Renault,Megane,2020,Diesel,140000,102883,68290,1,Private
Hyundai,Tucson,2021,Petrol,175000,133375,52091,2,Private
Renault,Megane,2018,Diesel,140000,20000,113904,3,Private
Renault,Megane,2019,Diesel,140000,60174,89295,2,Company
Renault,Megane,2018,Diesel,140000,89047,101754,1,Leasing
Skoda,Octavia,2024,Petrol,160000,133031,1000,1,Company
Hyundai,Tucson,2019,Petrol,175000,124445,87036,3,Private
BYD,Atto 3,2018,Electric,165000,59506,107883,3,Company
Skoda,Octavia,2019,Petrol,160000,70410,91478,2,Leasing
Renault,Megane,2021,Diesel,140000,45156,59542,2,Private
Renault,Megane,2023,Diesel,140000,127375,16465,1,Private
Mazda,Mazda 3,2023,Petrol,150000,150000,14914,2,Private
Renault,Megane,2019,Diesel,140000,47338,92360,1,Private
Renault,Megane,2023,Diesel,140000,71995,22547,1,Leasing
Kia,Sportage,2022,Petrol,175000,158437,33958,1,Private
Toyota,Corolla,2018,Hybrid,155000,84904,107196,2,Leasing
Tesla,Model 3,2023,Electric,200000,200000,9783,1,Private
Toyota,Corolla,2022,Hybrid,155000,124071,36419,2,Private
Skoda,Octavia,2019,Petrol,160000,92266,90094,3,Private
Tesla,Model 3,2024,Electric,200000,187665,1000,1,Private
Renault,Megane,2022,Diesel,140000,83065,38448,3,Private
Geely,Geometry C,2018,Electric,155000,28800,112620,3,Private
Skoda,Octavia,2019,Petrol,160000,124499,84210,2,Leasing
BYD,Atto 3,2022,Electric,165000,123341,36629,1,Private
Hyundai,Tucson,2021,Petrol,175000,78564,58968,2,Private
Renault,Megane,2019,Diesel,140000,61316,88734,2,Company
Skoda,Octavia,2021,Petrol,160000,53656,59370,3,Leasing
Mazda,Mazda 3,2021,Petrol,150000,70991,57288,3,Leasing
BYD,Atto 3,2024,Electric,165000,152045,1376,1,Private
Tesla,Model 3,2018,Electric,200000,151601,101825,1,Private
Kia,Sportage,2023,Petrol,175000,175000,15048,1,Private
Renault,Megane,2023,Diesel,140000,112379,17397,1,Company
Hyundai,Tucson,2024,Petrol,175000,163146,1162,1,Private
Geely,Geometry C,2022,Electric,155000,115907,35755,1,Private
Mazda,Mazda 3,2019,Petrol,150000,20000,102068,2,Private
Hyundai,Tucson,2018,Petrol,175000,20000,115585,3,Private
Mazda,Mazda 3,2023,Petrol,150000,150000,16252,1,Private
BYD,Atto 3,2021,Electric,165000,66829,58515,3,Private
Mazda,Mazda 3,2020,Petrol,150000,116345,68306,1,Leasing
BYD,Atto 3,2023,Electric,165000,165000,14864,2,Private
Geely,Geometry C,2022,Electric,155000,115661,36295,1,Private
Skoda,Octavia,2022,Petrol,160000,139864,34011,3,Private
Hyundai,Tucson,2023,Petrol,175000,146930,19027,1,Private
Geely,Geometry C,2023,Electric,155000,155000,10406,1,Private
BYD,Atto 3,2021,Electric,165000,165000,46987,3,Private
Toyota,Corolla,2023,Hybrid,155000,66027,25642,1,Company
BYD,Atto 3,2024,Electric,165000,162697,1000,1,Private
Mazda,Mazda 3,2019,Petrol,150000,136978,83252,3,Private
Kia,Sportage,2018,Petrol,175000,72514,109730,1,Private
Skoda,Octavia,2021,Petrol,160000,56384,61241,2,Private
Hyundai,Tucson,2021,Petrol,175000,175000,47374,2,Private
Geely,Geometry C,2021,Electric,155000,20324,64525,1,Private
BYD,Atto 3,2019,Electric,165000,20000,99759,1,Leasing
Hyundai,Tucson,2022,Petrol,175000,128738,36389,3,Private
BYD,Atto 3,2023,Electric,165000,110311,21854,1,Private
Renault,Megane,2024,Diesel,140000,130131,1000,1,Private
Tesla,Model 3,2019,Electric,200000,71609,93447,1,Private
Geely,Geometry C,2020,Electric,155000,76863,73613,2,Private
Kia,Sportage,2023,Petrol,175000,175000,12132,1,Private
Kia,Sportage,2023,Petrol,175000,131968,20944,1,Private
Hyundai,Tucson,2020,Petrol,175000,103026,72515,3,Private
Mazda,Mazda 3,2018,Petrol,150000,92299,106659,1,Private
Mazda,Mazda 3,2018,Petrol,150000,63469,110595,3,Private
Toyota,Corolla,2018,Hybrid,155000,108902,105579,1,Private
Renault,Megane,2019,Diesel,140000,63898,89228,3,Private
Renault,Megane,2021,Diesel,140000,41010,58800,1,Leasing
Hyundai,Tucson,2019,Petrol,175000,62352,93861,1,Private
Mazda,Mazda 3,2019,Petrol,150000,85822,90794,2,Private
Tesla,Model 3,2021,Electric,200000,105936,56157,3,Private
Tesla,Model 3,2018,Electric,200000,104990,106933,1,Private
Skoda,Octavia,2024,Petrol,160000,152873,1000,1,Private
Skoda,Octavia,2023,Petrol,160000,136604,18613,2,Private
Geely,Geometry C,2019,Electric,155000,155000,80373,1,Private
BYD,Atto 3,2022,Electric,165000,96879,39635,1,Private
Kia,Sportage,2024,Petrol,175000,161429,1000,1,Private
Toyota,Corolla,2018,Hybrid,155000,103336,106742,1,Private
BYD,Atto 3,2023,Electric,165000,130588,20029,1,Private
Tesla,Model 3,2024,Electric,200000,167438,1000,1,Leasing
Hyundai,Tucson,2021,Petrol,175000,175000,42278,3,Private
Tesla,Model 3,2023,Electric,200000,112877,22353,1,Leasing
Tesla,Model 3,2021,Electric,200000,118496,53997,1,Leasing
Hyundai,Tucson,2019,Petrol,175000,83567,90170,1,Leasing
Geely,Geometry C,2024,Electric,155000,147377,1000,1,Private
BYD,Atto 3,2018,Electric,165000,154227,98060,3,Private
Tesla,Model 3,2024,Electric,200000,98624,10176,1,Private
Toyota,Corolla,2023,Hybrid,155000,69140,25377,1,Leasing
Kia,Sportage,2019,Petrol,175000,89712,90667,3,Private
BYD,Atto 3,2021,Electric,165000,117291,52363,2,Private
Kia,Sportage,2020,Petrol,175000,89821,72862,1,Leasing
BYD,Atto 3,2020,Electric,165000,20000,86229,2,Private
Toyota,Corolla,2020,Hybrid,155000,92287,74199,1,Private
Toyota,Corolla,2019,Hybrid,155000,58651,95376,2,Private
Toyota,Corolla,2024,Hybrid,155000,126472,4207,1,Private
Tesla,Model 3,2022,Electric,200000,200000,29405,3,Private
Mazda,Mazda 3,2018,Petrol,150000,88129,105709,3,Leasing
Hyundai,Tucson,2024,Petrol,175000,118626,6062,1,Private
Kia,Sportage,2023,Petrol,175000,169338,15864,2,Private
Mazda,Mazda 3,2023,Petrol,150000,129927,18931,1,Private
Kia,Sportage,2023,Petrol,175000,175000,14372,2,Private
Hyundai,Tucson,2018,Petrol,175000,59992,110688,2,Private
Renault,Megane,2022,Diesel,140000,101227,34189,2,Leasing
Geely,Geometry C,2018,Electric,155000,70649,106821,1,Company
Mazda,Mazda 3,2022,Petrol,150000,129346,34342,3,Private
Hyundai,Tucson,2019,Petrol,175000,95493,90401,1,Private
Renault,Megane,2021,Diesel,140000,92879,52359,2,Private
Kia,Sportage,2019,Petrol,175000,112723,87550,3,Private
Kia,Sportage,2023,Petrol,175000,175000,6654,1,Private
Tesla,Model 3,2024,Electric,200000,189481,1000,1,Private
Mazda,Mazda 3,2022,Petrol,150000,114945,37268,1,Private
Mazda,Mazda 3,2021,Petrol,150000,150000,47426,1,Private
Hyundai,Tucson,2018,Petrol,175000,49808,110871,1,Leasing
Geely,Geometry C,2023,Electric,155000,148399,15513,1,Private
BYD,Atto 3,2019,Electric,165000,137602,83870,1,Private
Mazda,Mazda 3,2024,Petrol,150000,117938,2174,1,Leasing
Toyota,Corolla,2023,Hybrid,155000,154866,16120,1,Private
Hyundai,Tucson,2019,Petrol,175000,75837,91305,1,Company
Geely,Geometry C,2020,Electric,155000,126571,66730,2,Private
Tesla,Model 3,2023,Electric,200000,122859,21633,1,Leasing
Kia,Sportage,2021,Petrol,175000,175000,40142,1,Private
Skoda,Octavia,2022,Petrol,160000,142863,34022,3,Private
Hyundai,Tucson,2022,Petrol,175000,175000,31843,1,Private
Geely,Geometry C,2023,Electric,155000,149057,15545,1,Private
Renault,Megane,2024,Diesel,140000,113319,1184,1,Leasing
Tesla,Model 3,2024,Electric,200000,190906,1000,1,Private
Geely,Geometry C,2022,Electric,155000,109662,36879,2,Private
Mazda,Mazda 3,2024,Petrol,150000,139240,1000,1,Private
Kia,Sportage,2024,Petrol,175000,166842,1413,1,Private
Geely,Geometry C,2018,Electric,155000,113884,101060,3,Leasing
BYD,Atto 3,2024,Electric,165000,76648,10660,1,Private
BYD,Atto 3,2022,Electric,165000,84049,39344,1,Leasing
Kia,Sportage,2018,Petrol,175000,37879,113714,1,Private
Renault,Megane,2019,Diesel,140000,54615,90567,3,Private
BYD,Atto 3,2022,Electric,165000,151968,30143,1,Company
BYD,Atto 3,2023,Electric,165000,69567,26650,2,Private
Mazda,Mazda 3,2020,Petrol,150000,20000,85231,3,Company
Kia,Sportage,2019,Petrol,175000,43170,96210,1,Private
Tesla,Model 3,2022,Electric,200000,131508,36079,3,Company
Mazda,Mazda 3,2024,Petrol,150000,146030,1000,1,Private
Toyota,Corolla,2020,Hybrid,155000,155000,64952,1,Private
Hyundai,Tucson,2020,Petrol,175000,104398,72395,3,Private
Kia,Sportage,2021,Petrol,175000,81993,58830,1,Private
Geely,Geometry C,2023,Electric,155000,110710,20456,2,Private
Kia,Sportage,2023,Petrol,175000,80733,24527,1,Leasing
Hyundai,Tucson,2024,Petrol,175000,161960,1000,1,Private
Tesla,Model 3,2019,Electric,200000,178152,82369,3,Private
Toyota,Corolla,2022,Hybrid,155000,76719,43052,2,Private
Renault,Megane,2018,Diesel,140000,92686,102115,1,Private
BYD,Atto 3,2021,Electric,165000,43266,62113,1,Private
Geely,Geometry C,2021,Electric,155000,124907,51114,1,Private
Hyundai,Tucson,2019,Petrol,175000,159894,83365,2,Private
Kia,Sportage,2024,Petrol,175000,169425,1000,1,Private
Geely,Geometry C,2018,Electric,155000,46542,109494,2,Leasing
Mazda,Mazda 3,2018,Petrol,150000,92888,106791,2,Private
Geely,Geometry C,2019,Electric,155000,61377,91737,3,Private
Tesla,Model 3,2018,Electric,200000,80311,107645,2,Leasing
Geely,Geometry C,2024,Electric,155000,119931,4322,1,Private
Skoda,Octavia,2020,Petrol,160000,71792,75951,3,Private
Kia,Sportage,2019,Petrol,175000,70980,92602,3,Private
Renault,Megane,2023,Diesel,140000,100834,20610,1,Private
Mazda,Mazda 3,2021,Petrol,150000,62216,61087,1,Private
Kia,Sportage,2023,Petrol,175000,115233,22526,1,Private
Kia,Sportage,2019,Petrol,175000,132011,85282,2,Private
Geely,Geometry C,2018,Electric,155000,46177,110458,3,Private
Toyota,Corolla,2021,Hybrid,155000,77156,57816,1,Leasing
Skoda,Octavia,2020,Petrol,160000,84003,74683,2,Private
Toyota,Corolla,2018,Hybrid,155000,63952,112074,1,Private
BYD,Atto 3,2022,Electric,165000,148916,33350,1,Private
Mazda,Mazda 3,2020,Petrol,150000,150000,64998,1,Private
Mazda,Mazda 3,2024,Petrol,150000,121289,1000,1,Leasing
Skoda,Octavia,2020,Petrol,160000,151123,64480,2,Leasing
Tesla,Model 3,2024,Electric,200000,117548,5508,1,Leasing
BYD,Atto 3,2023,Electric,165000,165000,12473,1,Private
Skoda,Octavia,2020,Petrol,160000,124867,67495,3,Company
Renault,Megane,2021,Diesel,140000,20000,64425,2,Private
Kia,Sportage,2023,Petrol,175000,86635,25791,1,Private
Kia,Sportage,2018,Petrol,175000,44569,111311,2,Leasing
Skoda,Octavia,2021,Petrol,160000,100894,55241,3,Private
Renault,Megane,2019,Diesel,140000,63670,89529,1,Private
Mazda,Mazda 3,2024,Petrol,150000,147283,1000,1,Private
BYD,Atto 3,2021,Electric,165000,136977,51093,1,Private
Geely,Geometry C,2024,Electric,155000,87543,6561,1,Company
Tesla,Model 3,2019,Electric,200000,176268,82088,2,Private
Skoda,Octavia,2018,Petrol,160000,73531,109004,3,Private
Renault,Megane,2018,Diesel,140000,65334,106222,2,Private
Hyundai,Tucson,2019,Petrol,175000,121010,87319,2,Private
Geely,Geometry C,2022,Electric,155000,155000,30961,1,Private
Mazda,Mazda 3,2022,Petrol,150000,132617,34112,3,Private
Toyota,Corolla,2024,Hybrid,155000,104808,6328,1,Private
Toyota,Corolla,2022,Hybrid,155000,155000,29870,3,Private
Renault,Megane,2018,Diesel,140000,21135,111370,3,Leasing
Toyota,Corolla,2023,Hybrid,155000,155000,8849,1,Private
Geely,Geometry C,2018,Electric,155000,56905,109213,3,Private
Toyota,Corolla,2021,Hybrid,155000,137061,51286,3,Private
Mazda,Mazda 3,2021,Petrol,150000,150000,47176,1,Private
Skoda,Octavia,2021,Petrol,160000,82980,58077,2,Private
BYD,Atto 3,2021,Electric,165000,88735,54452,3,Leasing
Geely,Geometry C,2023,Electric,155000,124438,17800,1,Leasing
Toyota,Corolla,2021,Hybrid,155000,49127,60938,3,Company
Mazda,Mazda 3,2024,Petrol,150000,145897,1000,1,Private
Geely,Geometry C,2023,Electric,155000,97534,22482,2,Private
Geely,Geometry C,2024,Electric,155000,129376,1000,1,Leasing
Tesla,Model 3,2020,Electric,200000,180981,66058,3,Private
Renault,Megane,2020,Diesel,140000,32322,77552,3,Private
Toyota,Corolla,2022,Hybrid,155000,101903,39018,2,Private
BYD,Atto 3,2018,Electric,165000,91386,105691,1,Private
Hyundai,Tucson,2020,Petrol,175000,153429,65479,2,Leasing
Hyundai,Tucson,2020,Petrol,175000,142219,68496,1,Private
Kia,Sportage,2019,Petrol,175000,113778,88024,3,Private
Hyundai,Tucson,2019,Petrol,175000,33216,95650,3,Company
Geely,Geometry C,2019,Electric,155000,31650,95803,2,Private
Toyota,Corolla,2021,Hybrid,155000,47621,63133,2,Private
BYD,Atto 3,2019,Electric,165000,65110,92087,2,Private
BYD,Atto 3,2022,Electric,165000,82742,40748,2,Private
Geely,Geometry C,2023,Electric,155000,121179,19372,1,Private
BYD,Atto 3,2021,Electric,165000,118294,52734,1,Private
Toyota,Corolla,2024,Hybrid,155000,93036,8093,1,Private
Skoda,Octavia,2020,Petrol,160000,134388,68684,1,Private
Hyundai,Tucson,2023,Petrol,175000,175000,10327,1,Private
Toyota,Corolla,2023,Hybrid,155000,155000,8690,2,Private
BYD,Atto 3,2021,Electric,165000,106835,53190,3,Private
Mazda,Mazda 3,2020,Petrol,150000,111574,71209,1,Private
Geely,Geometry C,2022,Electric,155000,88536,39187,3,Private
Hyundai,Tucson,2019,Petrol,175000,49953,94854,3,Private
Skoda,Octavia,2024,Petrol,160000,137368,1000,1,Leasing
Renault,Megane,2018,Diesel,140000,20138,112673,1,Private
Skoda,Octavia,2019,Petrol,160000,20000,100811,3,Private
Hyundai,Tucson,2020,Petrol,175000,118161,70620,1,Private
Toyota,Corolla,2019,Hybrid,155000,100412,90137,3,Private
Renault,Megane,2018,Diesel,140000,28455,111571,1,Private
BYD,Atto 3,2021,Electric,165000,108321,53686,1,Private
Hyundai,Tucson,2020,Petrol,175000,127456,68520,1,Leasing
Geely,Geometry C,2024,Electric,155000,149877,1000,1,Private
Renault,Megane,2021,Diesel,140000,56071,57785,3,Private
Tesla,Model 3,2023,Electric,200000,118845,21449,1,Leasing
BYD,Atto 3,2024,Electric,165000,138494,1000,1,Leasing
BYD,Atto 3,2020,Electric,165000,20000,82262,2,Private
BYD,Atto 3,2020,Electric,165000,137162,67225,2,Private
BYD,Atto 3,2020,Electric,165000,145185,64296,3,Leasing
Toyota,Corolla,2023,Hybrid,155000,123524,19676,2,Private
Tesla,Model 3,2022,Electric,200000,109482,39865,2,Private
Toyota,Corolla,2018,Hybrid,155000,67195,111303,3,Private
Hyundai,Tucson,2019,Petrol,175000,73172,91170,2,Leasing
Geely,Geometry C,2024,Electric,155000,151716,1000,1,Private
Hyundai,Tucson,2024,Petrol,175000,129932,5650,1,Private
Geely,Geometry C,2022,Electric,155000,131705,33184,3,Private
BYD,Atto 3,2022,Electric,165000,165000,29916,1,Private
Hyundai,Tucson,2024,Petrol,175000,167690,1000,1,Private
BYD,Atto 3,2021,Electric,165000,109275,52564,1,Leasing
Skoda,Octavia,2018,Petrol,160000,62308,109755,1,Leasing
Renault,Megane,2021,Diesel,140000,36518,60881,1,Private
BYD,Atto 3,2019,Electric,165000,137680,81772,3,Leasing
Toyota,Corolla,2022,Hybrid,155000,114135,35940,3,Company
BYD,Atto 3,2023,Electric,165000,146218,17038,2,Private
Kia,Sportage,2023,Petrol,175000,113157,20359,1,Leasing
