oid_mitkan,ms_miklat,k_sug,t_sug,k_rechov,shem_recho,ms_bait,knisa,Full_Address,shem_rechov_eng,shetach_mr,k_sinon,t_sinon,hearot,h_sug,x_coord,y_coord,lon,lat,shem_baalim,shem,pail,from_time,to_time,opening_times,url_tik,telephone_henion,maneger_name,email,celolar,is_open,UniqueId,date_import,miklat_mungash
10608,906,1.0,מקלט ציבורי,3600.0,שדרות גורי ישראל,31, ,שדרות גורי ישראל 31 ,GURI YISRA'EL       ,100.0,1.0,מערכת סינון,"המקלט נמצא בצמוד למרכז השיטור הקהילתי, מול המרכז המסחרי (בנק הפועלים) בגורי 34, בקדמת גן ""קרלה לואיס"".",לא,179359.54036946,661124.94950906,34.77921563,32.0422646,,,כשיר לשימוש,,,פתיחה אוטומטית בשעת חירום,,,,,,כן,592-174,13/03/2026 10:13:17,
10609,831,1.0,מקלט ציבורי,1021.0,דימונה,21, ,דימונה 21 ,DIMONA              ,75.0,1.0,מערכת סינון,המקלט נמצא מול בית מספר 30 בסמוך לגן הדולפינריום. המקלט יכול לשמש גם את תושבי רחוב יפתח 16-20 דרך גן הדולפינריום וגם את רחוב הגיבור האלמוני 34-36.,לא,181141.73889968,662786.77186837,34.79801804,32.05731255,,,כשיר לשימוש,,,פתיחה אוטומטית בשעת חירום,,,,,,כן,592-263,13/03/2026 10:13:17,
10610,304,1.0,מקלט ציבורי,237.0,מנדלשטם,9, ,מנדלשטם 9 ,MANDELSTAMM         ,75.0,1.0,"מקלט מוגן אב""כ",המקלט נמצא בגינת וינר. הכניסה למקלט בין בניינים 11 ו-7 בתוך הגינה.,לא,179064.68695085,666447.56006566,34.77587011,32.09025232,,,כשיר לשימוש,,,פתיחה אוטומטית בשעת חירום,,,,,,כן,592-60,13/03/2026 10:13:17,
10611,63,4.0,חניון מחסה לציבור,54.0,מנחם בגין,46, ,מנחם בגין 46 ,BEGIN  MENAHEM           ,25670.0,0.0,ללא מערכת סינון,, ,179439.60548313,663358.86068058,34.77997029,32.06241246,נכסי אריאל מגדלי א.י.,מגדלי אביב,כשיר לשימוש,,,06:30 עד 23:00,\\nas01\gis_users\herum\gdb\תיקי חניון ממוחשבים\מגדלי אביב,03-6374461,עמליה,,054-8145041,כן,592-402,13/03/2026 10:13:17,
10612,612,2.0,מקלט ציבורי במוסדות חינוך,16.0,בלפור,12, ,בלפור 12 ,BALFOUR             ,120.0,1.0,"מקלט מוגן אב""כ","המקלט נמצא בשטח ביה""ס ""בלפור"". כניסה דרך השער הראשי, חוצים את מבנה בית הספר ומשמאל, בקצה מגרש הכדורסל נמצאת הכניסה למקלט.",כן,178768.56553045,663877.57741701,34.77284228,32.06706614,,בית ספר בלפור,כשיר לשימוש,,,פתיחה אוטומטית בשעת חירום,,,,,,כן,592-160,13/03/2026 10:13:17,
10613,204,2.0,מקלט ציבורי במוסדות חינוך,2039.0,אנדרסן,22, ,אנדרסן 22 ,ANDERSEN            ,75.0,0.0,ללא מערכת סינון,"המקלט נמצא בתוך שטח בי""ס ""ניצנים"". כניסה משער ראשי ימינה,מול מגרשי הכדורסל. גישה נוספת מרחוב בארט אהרון 9, מול הבניין קיים שער פשפש של ביה""ס שנפתח ידנית בזמן חירום.",כן,181048.0717667,669030.44073262,34.79677627,32.11361349,,בית ספר ניצנים ,כשיר לשימוש,,,פתיחה אוטומטית בשעת חירום,,,,,,כן,592-384,13/03/2026 10:13:17,
10614,1039,2.0,מקלט ציבורי במוסדות חינוך,3704.0,"שז""ר זלמן",39, ,"שז""ר זלמן 39 ",ZALMAN SHAZAR       ,216.0,1.0,מערכת סינון,"המקלט נמצא בשטח ביה""ס ""בנות ציפורה"" ולו 2 כניסות עיקריות. הכניסה הראשית דרך שער בית הספר ישר וימינה בין מבנה גן הילדים לביה""ס עד לכניסה. כניסה 2 מהרחוב דרך השער עם הקוד למבנה גן הילדים וגן המשחקים.",כן,177889.19528199,660742.58896621,34.76366522,32.03876337,,"בית ספר רש""י בנות",כשיר לשימוש,,,פתיחה אוטומטית בשעת חירום,,,,,,כן,592-230,13/03/2026 10:13:17,
10615,203,1.0,מקלט ציבורי,991.0,ברודי חיים,10, ,ברודי חיים 10 ,BRODIE              ,130.0,1.0,"מקלט מוגן אב""כ","גישה למקלט בין בניינים 10 ו-12 בשביל לתוך הגינה. גישה נוספת מרחוב כפר יונה 19, בין בניינים 19 ו-21 יש שביל למקלט.",לא,181330.75516803,668600.17012176,34.79978857,32.10974302,,,כשיר לשימוש,,,פתיחה אוטומטית בשעת חירום,,,,,,כן,592-393,13/03/2026 10:13:17,
10616,125,1.0,מקלט ציבורי,810.0,מיזאן,19, ,מיזאן 19 ,MEYZAN              ,100.0,1.0,"מקלט מוגן אב""כ",המקלט נמצא בגינה בין בניינים 19 ו-21. ניתן להגיע גם דרך רחוב רומנו מרדכי בשביל בין בניינים 20 ו-22.,לא,182846.05331933,669715.22070482,34.81580069,32.11984858,,,כשיר לשימוש,,,פתיחה אוטומטית בשעת חירום,,,,,,כן,592-274,13/03/2026 10:13:17,
10617,302,1.0,מקלט ציבורי,240.0,מוצקין,13, ,מוצקין 13 ,MOTZKIN             ,120.0,1.0,"מקלט מוגן אב""כ",בשדרה מול בניין מספר 13,לא,178919.08774414,666461.67008569,34.77432721,32.09037433,,,כשיר לשימוש,,,פתיחה אוטומטית בשעת חירום,,,,,,כן,592-191,13/03/2026 10:13:17,
10618,1027,2.0,מקלט ציבורי במוסדות חינוך,3720.0,פיקוס,19, ,פיקוס 19 ,FIKUS               ,75.0,0.0,ללא מערכת סינון,"המקלט נמצא בשטח ביה""ס ""החשמונאים"". כניסה מהשער הראשי מול החנייה.",כן,176609.4434651,660433.02652672,34.75013049,32.03592397,,בית ספר חשמונאים,כשיר לשימוש,,,נפתח ידנית בשעת חירום,,,,,,כן,592-194,13/03/2026 10:13:17,
10619,1038,1.0,מקלט ציבורי,3235.0,אוהב ישראל,12, ,אוהב ישראל 12 ,OHEV YISRAEL        ,100.0,1.0,מערכת סינון,"המקלט נמצא בלב גן ""לוס אנג'לס"" בין בתים 12 ו-14. ניתן להגיע למקלט גם דרך רחוב כ""ץ יעקב יוסף 17 ורחוב שדרות חב""ד 46 דרך הגן. למקלט דלת נגררת הנפתחת בחירום ודרושה הזזתה ידנית לפתיחה מלאה.",לא,176731.33263815,660794.05503928,34.75140483,32.03918427,,,כשיר לשימוש,,,פתיחה אוטומטית בשעת חירום,,,,,,כן,592-255,13/03/2026 10:13:17,
10620,108,1.0,מקלט ציבורי,891.0,אהוד,18, ,אהוד 18 ,EHUD                ,100.0,1.0,"מקלט מוגן אב""כ","המקלט נמצא מול בית מספר 18, בתוך הגינה הציבורית ""גן יהודה"". קיים שביל מהכביש למקלט וניתן להגיע גם דרך הגינה מסביב - פתיחה אוטומטית בשעת חירום.",לא,184474.0296306,670054.72918682,34.83303878,32.12296198,,,כשיר לשימוש,,,פתיחה אוטומטית בשעת חירום,,,,,,כן,592-183,13/03/2026 10:13:17,
10621,540,3.0,מקלט בשטח חניון,344.0,הוברמן (כיכר הבימה),4, ,הוברמן (כיכר הבימה) 4 ,HUBERMAN            ,2000.0,1.0,"מקלטים מוגנים אב""כ","מדובר ב- 4 מקלטים נפרדים בשטח החניון בנוסף לחניון המשמש כמחסה. קיימות מספר גישות מכיכר התרבות, חלקן אוטומטיות הנפתחות מהקרקע (כ-4 כאלה), חלקן דרך המעלית,מדרגות נעות. להלן חלוקת המקלטים - מפלס 1-, אזור 16. מפלס 2-, אזור 26. מפלס 3-,אזור 37,מפלס 4-,אזור 47.", ,179376.92539415,664374.99912321,34.77926413,32.07157357,,הבימה,כשיר לשימוש,,,חניון - קיימות דלתות חירום ידניות.,,,,,,כן,592-278,13/03/2026 10:13:17,
10622,414,1.0,מקלט ציבורי נגיש,327.0,אסתר המלכה,12, ,אסתר המלכה 12 ,,50.0,1.0,"מקלט מוגן אב""כ","מקלט נגיש לנכים בכניסה אחת. המקלט נמצא בכניסה הצפונית ל""גינת רות"" מול בניין מספר 17. למקלט 2 כניסות שאחת מהן נגישה לנכים.",לא,178990.51084555,665145.40721697,34.77513928,32.07850714,,גינת רות,כשיר לשימוש,,,פתיחה אוטומטית בשעת חירום,,,,,,כן,592-248,13/03/2026 10:13:17,
10623,523,1.0,מקלט ציבורי,729.0,שדרות ההשכלה,38, ,שדרות ההשכלה 38 ,HAHASKALLA          ,90.0,0.0,ללא מערכת סינון,המקלט נמצא בשדרה מול בית מספר 38 ומול רחוב שביל גינצבורג 1.,לא,181009.10271138,664201.30787662,34.79655693,32.07006408,,,כשיר לשימוש,,,פתיחה אוטומטית בשעת חירום,,,,,,כן,592-148,13/03/2026 10:13:17,
10624,209,1.0,מקלט ציבורי,984.0,רדינג,4, ,רדינג 4 ,READING             ,100.0,0.0,ללא מערכת סינון,"גישה למקלט דרך השבילים בין הבניינים 2,4 ו-6. גישה 2 דרך החנייה של הבריכה העירונית הלימודית ברחוב חיים לבנון 5 בשביל עד למקלט. גישה 3 דרך רחוב ברודצקי 4 בשביל בין הבניינים 4 ו-6, חולפים על פני מקלט 210 וממשיכים ישר עד למקלט 209.",לא,180848.42748326,667919.86115591,34.79470567,32.10359172,,,כשיר לשימוש,,,נפתח אוטומטית בשעת חירום.,,,,,,כן,592-81,13/03/2026 10:13:17,
10625,518,1.0,מקלט ציבורי נגיש,767.0,שביל החצב,8, ,שביל החצב 8 ,SHVIL HAHAZAV,50.0,1.0,"מקלט מוגן אב""כ","מקלט נגיש לנכים. גישה 1 למקלט - מרחוב שביל האספרגוס 16 מול מרכז קהילתי רמת ישראל ימינה לשביל החצב עד למקלט. גישה 2 - מרחוב דם המכבים 16 לרחוב שביל הרקפת מספר 17,קיימת כניסה נוספת למקלט.",לא,181327.26216307,663933.59049653,34.79993703,32.06766065,,,כשיר לשימוש,,,פתיחה אוטומטית בשעת חירום,,,,,,כן,592-272,13/03/2026 10:13:17,
10626,87,4.0,חניון מחסה לציבור,8.0,רוטשילד,1, ,רוטשילד 1 ,ROTHSHILD           ,13200.0,0.0,ללא מערכת סינון ,כניסה ויציאה מרחוב הרצל ומרחוב אחד העם (חבס) בביקורת מ-21.7.14 לא קיבלו שילוט- לתאם מול איש הקשר, ,178331.42890984,663384.27571666,34.76823407,32.06260179,"שפיר הנדסה אזרחית וימית בע""מ",קצה השדרה,כשיר לשימוש,,,24 שעות,\\nas01\gis_users\herum\gdb\תיקי חניון ממוחשבים\קצה השדרה,03-9169993 רונית ,אבי בן ארי,sapirs@shapir.co.il,0549090662,כן,592-132,13/03/2026 10:13:17,
10627,805,1.0,מקלט ציבורי,640.0,"שדרות החי""ל",18, ,"שדרות החי""ל 18 ",HAHAYIL             ,100.0,1.0,מערכת סינון,המקלט נמצא בשדרה מול בית מספר 18. ניתן להגיע גם דרך רחוב לוחמי גליפולי 12.,לא,180789.72739993,662656.64068362,34.79429582,32.05612704,,,כשיר לשימוש,,,פתיחה אוטומטית בשעת חירום,,,,,,כן,592-162,13/03/2026 10:13:17,
10628,84,4.0,חניון מחסה לציבור,374.0,השרון,14, ,השרון 14 ,HARAKEVET           ,3080.0,0.0,ללא מערכת סינון,דרך הלובי פתוח כל השבוע 24 שעות - לא קבלו שלט!!!, ,179316.06930775,663329.27263857,34.77866333,32.06214125,"ריבקס השקעות בע""מ",פנינת הסיטי,כשיר לשימוש,,,"א-ה 06:00  עד 21:00
הלובי פתוח 24/7 , בחירום מוכן לפתוח אותו גם בשישי שבת
",\\nas01\gis_users\herum\gdb\תיקי חניון ממוחשבים\פנינת הסיטי,077-3351830,עופר נחום,,053-6600066,כן,592-231,13/03/2026 10:13:17,
10629,909,1.0,מקלט ציבורי,3573.0,שיפר,8, ,שיפר 8 ,SHIPER              ,100.0,1.0,מערכת סינון,המקלט נמצא מול בית מספר 8 פינת מימון שלמה 1 בסמוך לגינה הציבורית.,לא,179105.26700847,661872.58257048,34.77649219,32.04899757,,,כשיר לשימוש,,,פתיחה אוטומטית בשעת חירום,,,,,,כן,592-172,13/03/2026 10:13:17,
10630,633,1.0,מקלט ציבורי,141.0,פינס,22, ,פינס 22 ,PINES               ,100.0,1.0,"מקלט מוגן אב""כ","המקלט נמצא בין מקווה ""ספרא"" לחניון הבניין הפרטי מספר 18, דרך השביל הצמוד לרמפת הירידה לחניון.",לא,178075.54954656,663313.73161651,34.76552745,32.06195628,,,כשיר לשימוש,,,פתיחה אוטומטית בשעת חירום,,,,,,כן,592-134,13/03/2026 10:13:17,
10631,530,1.0,מקלט ציבורי,661.0,דובנוב,8, ,דובנוב 8 ,DUBNOV              ,100.0,1.0,"מקלט מוגן אב""כ","המקלט צמוד למרכז מאירהוף לאמנות ול""קפה דובנוב 8"" אך קיימת אליו גישה נפרדת מחזית הרחוב. ניתן להגיע גם מגן ""ג'רי פנסר"" הנמצא בסמוך וכן מרחובות פריש דניאל 3 ולאונרדו דה וינצ'י 17.",לא,179738.94990812,664666.23253668,34.78308616,32.07421266,,,כשיר לשימוש,,,פתיחה אוטומטית בשעת חירום,,,,,,כן,592-99,13/03/2026 10:13:17,
10632,420,3.0,מקלט בשטח חניון,200.0,הרברט סמואל,94, ,הרברט סמואל 94 ,SAMUEL              ,80.0,0.0,ללא מערכת סינון,"המקלט נמצא בתוך חניון מלון מגדל המלך דוד. למקלט קיימת גישה נפרדת מימין לכניסה לחניון בעזרת דלת נגררת וכניסה נוספת דרך החניון. המקלט בסמוך למלון דן ויכול לשרת את תושבי רחוב הירקון 94, פרישמן 3.",לא,178180.11469501,665145.24121674,34.76655603,32.07847627,,מלון מגדל המלך דוד,כשיר לשימוש,,,פתיחה אוטומטית בשעת חירום,,,,,,כן,592-294,13/03/2026 10:13:17,
10633,844,1.0,מקלט ציבורי,1225.0,קלמר משה,6, ,קלמר משה 6 ,KALMAR              ,100.0,1.0,מערכת סינון,המקלט נמצא בסמוך לבית מספר 6 ולגן ילדים וליד המרכז הקהילתי בת ציון. מולו נמצא גם מקלט 845.,לא,181039.20575411,663332.84064364,34.79691048,32.06223342,,,כשיר לשימוש,,,פתיחה אוטומטית בשעת חירום,,,,,,כן,592-161,13/03/2026 10:13:17,
10634,826,2.0,מקלט ציבורי במוסדות חינוך,644.0,אלון יגאל,31, ,אלון יגאל 31 ,YIG'AL ALLON        ,80.0,0.0,ללא מערכת סינון,"המקלט נמצא בשטח ביה""ס ""מודיעים"". ניתן להגיע בחירום ב-2 דרכים - 1. דרך השער הראשי ומיד שמאלה ואז ימינה בצמוד למבנה, ישר, חוצים מגרש וממול המקלט. 2. בצמוד לביה""ס קיים גן ""מירטל הירש"". מולו ומול המקלט יש שער הפתוח בחירום.",כן,180420.95487637,662602.64960697,34.79039312,32.05562746,,בית ספר מודיעים,כשיר לשימוש,,,פתיחה אוטומטית בשעת חירום,,,,,,כן,592-110,13/03/2026 10:13:17,
10635,825,2.0,מקלט ציבורי במוסדות חינוך,4064.0,מושיע,21, ,מושיע 21 ,MOSHIA              ,100.0,0.0,ללא מערכת סינון,"המקלט נמצא בשטח ביה""ס ""הירדן"". למקלט 2 כניסות בחירום. הקלה מביניהן היא דרך שער פישפש הממוקם בצד האחורי של ביה""ס וניתן להגיע אליו דרך גן התקווה,בסמוך למקלט 808 ומול המיצג לזכר עופרה חזה בגבעה ממול. דרך נוספת היא דרך ביה""ס מהשער הראשי ודרך מבנה ביה""ס.",כן,180732.95331932,662099.26889231,34.7937171,32.05109881,,בית ספר גוונים- הירדן,כשיר לשימוש,,,פתיחה אוטומטית בשעת חירום,,,,,,כן,592-140,13/03/2026 10:13:17,
10636,320,2.0,מקלט ציבורי במוסדות חינוך,490.0,דוד ילין,11, ,דוד ילין 11 ,DAVID YALIN,75.0,0.0,ללא מערכת סינון,"המקלט נמצא בשטח ביה""ס ""ארנון"". כניסה מהשער הראשי ישר עד למקלט.",כן,179860.90508126,666254.29179128,34.78431227,32.08853772,,בית ספר ארנון,כשיר לשימוש,,,פתיחה אוטומטית בשעת חירום,,,,,,כן,592-241,13/03/2026 10:13:17,
10637,524,1.0,מקלט ציבורי,729.0,שדרות ההשכלה,14, ,שדרות ההשכלה 14 ,HAHASKALLA          ,90.0,1.0,"מקלט מוגן אב""כ",המקלט נמצא בשדרה מול בית מספר 14.ניתן להגיע גם דרך רחוב קרמניצקי 16.,לא,180906.19856528,663754.56324236,34.79548506,32.0660319,,,כשיר לשימוש,,,פתיחה אוטומטית בשעת חירום,,,,,,כן,592-203,13/03/2026 10:13:17,
10638,923,1.0,מקלט ציבורי נגיש,3546.0,פלקירה,5, ,פלקירה 5 ,FlAKERA             ,50.0,1.0,מערכת סינון,המקלט נמצא מול בית מספר 8 בין בתים 7 ו-3. ניתן להגיע גם דרך רחובות מסילת ישרים 55 וחובות הלבבות 16.,לא,179028.39989934,662170.02999278,34.77566581,32.05167715,,,כשיר לשימוש,,,פתיחה אוטומטית בשעת חירום,,,,,,כן,592-295,13/03/2026 10:13:17,
10639,801,1.0,מקלט ציבורי,1078.0,רחבת הגייסות,1, ,רחבת הגייסות 1 ,HAGEISOT            ,100.0,1.0,"מקלט מוגן אב""כ","המקלט נמצא במרכז הכיכר מול בית מספר 1,ניתן להגיע גם מרחוב המערכה 17. לרחוב שמות נוספים וידוע גם כ- הגייסות או כיכר הגייסות.",לא,180848.34848315,663245.87552017,34.79489287,32.06144267,,,כשיר לשימוש,,,פתיחה אוטומטית בשעת חירום,,,,,,כן,592-412,13/03/2026 10:13:17,
10640,924,1.0,מקלט ציבורי נגיש,3589.0,כרם חמד,6, ,כרם חמד 6 ,KEREM CHEMED        ,50.0,0.0,ללא מערכת סינון,המקלט נמצא מול בית מספר 6 ומול בית מספר 2 ברחוב שטינברג. ניתן להגיע גם דרך השביל משמאל לבית מספר 9 ברחוב האסיף.,לא,179614.1267309,661878.85857939,34.78187976,32.04907224,,,כשיר לשימוש,,,פתיחה אוטומטית בשעת חירום,,,,,,כן,592-53,13/03/2026 10:13:17,
10641,621,2.0,מקלט ציבורי במוסדות חינוך,150.0,יצחק אלחנן,4, ,יצחק אלחנן 4 ,,75.0,0.0,ללא מערכת סינון,"המקלט נמצא בשטח ביה""ס התיכון ""סמינר בית יעקב"". כניסה משער ראשי מרחוב אלחנן יצחק 4 וחוצים את בית הספר לצד השני לכיוון החנייה. במידה ושער החנייה פתוח ברחוב מטולה מול 12 ניתן להיכנס גם משם ולהגיע למקלט.",לא,178014.37345971,663543.65994294,34.76486971,32.06402748,,"בית ספר  ""סמינר בית יעקב""",כשיר לשימוש,,,פתיחה אוטומטית בשעת חירום,,,,,,כן,592-247,13/03/2026 10:13:17,
10642,1029,1.0,מקלט ציבורי,3233.0,ישראל מריז'ין,9, ,ישראל מריז'ין 9 ,YISRAEL MERIJIN     ,75.0,1.0,מערכת סינון,"המקלט נמצא בסוף הרחוב ברחבה בין בניינים 5,6,9 מול החנייה. המקלט עצמו מול בית מספר 9. ניתן להגיע מרחוב דב ממזריץ 17 או 15 ואז ימינה או שמאלה לרחוב מריז'ין.",לא,176931.973923,660753.75598207,34.75353078,32.03882843,,,כשיר לשימוש,,,פתיחה אוטומטית בשעת חירום,,,,,,כן,592-165,13/03/2026 10:13:17,
10643,49,4.0,חניון מחסה לציבור,802.0,פנחס רוזן,72, ,פנחס רוזן 72 ,ROSEN               ,11520.0,0.0,ללא מערכת סינון,ניתן להגיע דרך הלובי 24 שעות! קיבל שילוט!, ,183746.65259793,669092.00182002,34.82536692,32.11425747,מיקדן,טופ דן,כשיר לשימוש,,,פתוח 24 שעות,\\nas01\gis_users\herum\gdb\תיקי חניון ממוחשבים\טופ דן,053-2423603,רובי בן אברהם,mailto:RUBY@MEKDAN.COM,052-2727481,כן,592-90,13/03/2026 10:13:17,
10644,926,2.0,מקלט ציבורי במוסדות חינוך,3641.0,קפלנסקי,2, ,קפלנסקי 2 ,KAPLANSKI           ,100.0,0.0,ללא מערכת סינון,"המקלט נמצא בשטח ביה""ס ""דיזינגוף"". כניסה מהשער הראשי שנמצא מול קפלנסקי 2 ולפני מגרש הכדורסל ימינה וישר לדלת הכניסה.",כן,179237.55419628,661315.82178004,34.77791614,32.04398152,,בית ספר דיזנגוף,כשיר לשימוש,,,פתיחה אוטומטית בשעת חירום,,,,,,כן,592-135,13/03/2026 10:13:17,
10645,116,1.0,מקלט ציבורי,842.0,"צה""ל",75, ,"צה""ל 75 ",TSAHAL              ,120.0,0.0,ללא מערכת סינון,"קיימות 2 כניסות מרכזיות למקלט - כניסה עליונה מרחוב צה""ל 75 מול המרכז המסחרי צהלה  - 2 דלתות, וכניסה תחתונה מרחוב שמגר 1 מול בית מספר 2 - פתיחה אוטומטית בשעת חירום.",לא,184605.20381683,669833.73787308,34.83443683,32.1209732,,,כשיר לשימוש,,,פתיחה אוטומטית בשעת חירום,,,,,,כן,592-301,13/03/2026 10:13:17,
10646,925,1.0,מקלט ציבורי נגיש,3648.0,דשבסקי,7, ,דשבסקי 7 ,DASHEVSKY           ,50.0,0.0,ללא מערכת סינון,המקלט נמצא מול בית מספר 7 על רחבת אי התנועה. ניתן להגיע למקלט גם דרך רחוב שדרות גורי ישראל 39-41.,לא,179379.81239824,661287.08173924,34.77942349,32.0437274,,,כשיר לשימוש,,,פתיחה אוטומטית בשעת חירום,,,,,,כן,592-207,13/03/2026 10:13:17,
10647,17,4.0,חניון מחסה לציבור,11.0,אחד העם,9, ,אחד העם 9 ,AHAD HA'AM       ,19500.0,0.0,ללא מערכת סינון, , ,178401.40200918,663474.24584439,34.76897122,32.06341567,"בית הרכב בע""מ",בית הרכב מגדל שלום,כשיר לשימוש,6:00 ,19:30 שישי עד 15:00,א'-ה' מ 06:00 עד 19:30 שישי משעה 6:00 עד 15:00 ,\\nas01\gis_users\herum\gdb\תיקי חניון ממוחשבים\בית הרכב,03-5105888,חזי נחתומי,beit.harehev@gmail.com,050-6611161,כן,592-220,13/03/2026 10:13:17,
10648,42,4.0,חניון מחסה לציבור,473.0,פריש דניאל,3, ,פריש דניאל 3 ,FRISCH              ,6150.0,0.0,ללא מערכת סינון,אין, ,179688.9298371,664663.41053267,34.78255652,32.07418545,סנטרל פארק,מגדל פסגות,כשיר לשימוש,,,פתוח 24 שעות ביממה ,\\nas01\gis_users\herum\gdb\תיקי חניון ממוחשבים\המגדל,03-5170382,מישל,,054-5557999,כן,592-229,13/03/2026 10:13:17,
10649,820,1.0,מקלט ציבורי,3687.0,תמוז,8, ,תמוז 8 ,TAMUZ               ,100.0,1.0,מערכת סינון,מול בית מספר 8 בצמוד לגן השוטרת.,לא,180381.73682069,661325.99979449,34.79002974,32.04411349,,,כשיר לשימוש,,,פתיחה אוטומטית בשעת חירום,,,,,,כן,592-63,13/03/2026 10:13:17,
10650,311,1.0,מקלט ציבורי,247.0,פקיעין,18, ,פקיעין 18 ,GRIZIM              ,125.0,1.0,"מקלט מוגן אב""כ",המקלט נמצא במתחם מגודר בסמוך לגן גריזים. הכניסה הראשית לחניון הכורכר של המתחם נמצאת מול בית מספר 18. כניסה רגלית נוספת דרך שער בין השיחים מול פקיעין 10.,לא,179094.11299263,666321.79888711,34.7761871,32.08911929,,,כשיר לשימוש,,,פתיחה אוטומטית בשעת חירום,,,,,,כן,592-39,13/03/2026 10:13:17,
10651,1002,2.0,מקלט ציבורי במוסדות חינוך,3736.0,פסטלוצי,31, ,פסטלוצי 31 ,PESTALIZZI          ,90.0,0.0,ללא מערכת סינון,"המקלט נמצא בשטח ביה""ס ""לב יפו אלזהראא"" - מגיעים לסוף רחוב פסטלוצי ליד בית מספר 29 נמצא שער הכניסה לבי""ס ופונים מגמה שמאלה למגרש הכדורסל הפתוח, המקלט נמצא בקצהו.",כן,177274.99140999,661623.9522175,34.75712409,32.04668856,,"ביה""ס ""לב יפו אלזהראא""",כשיר לשימוש,,,פתיחה אוטומטית בשעת חירום,,,,,,כן,592-365,13/03/2026 10:13:17,
10652,809,2.0,מקלט ציבורי במוסדות חינוך,3843.0,"לח""י",66, ,"לח""י 66 ",LEHI                ,120.0,0.0,ללא מערכת סינון,"בחירום - מימין לתחנת האוטובוס ברחוב לח""י 66 קיים שער הנפתח בחירום. השער מוביל לרחבה בתוך ביה""ס מפתן אלון, ברחבה זו קיימים 2 מקלטים, מימין, מקלט 809 ומשמאל מקלט 810. אם השער לא פתוח יש להמשיך ישר ואחרי תחנת האוטובוס ימינה לחנייה. בהמשך נמצא שער עמדת השומר.",כן,180911.74857316,661614.70920438,34.79562967,32.04673524,,בית ספר יחד,כשיר לשימוש,,,פתיחה אוטומטית בשעת חירום,,,,,,כן,592-120,13/03/2026 10:13:17,
10653,40,4.0,חניון מחסה לציבור,11.0,אחד העם,54, ,אחד העם 54 ,AHAD HA'AM          ,3600.0,0.0,ללא מערכת סינון, , ,178843.8306373,663565.0399733,34.77365256,32.06425045,חברת הראל,אחד העם 54,כשיר לשימוש,,,א'-ה' מ 06:30 עד 20:00,\\nas01\gis_users\herum\gdb\תיקי חניון ממוחשבים\הבורסה לניירות ערך,03-5677478,זאב חדש-אב הבית,hananc@ease.co.il,054-8145068 זאב,כן,592-364,13/03/2026 10:13:17,
10654,842,1.0,מקלט ציבורי,637.0,שדרות יד לבנים,22, ,שדרות יד לבנים 22 ,YAD LABANIM         ,100.0,1.0,מערכת סינון,המקלט נמצא בשדרה מול בית מספר 22 ובסמוך לסניף קופת חולים כללית בשדרות יד לבנים 35. למקלט דלת נגררת הנפתחת בחירום ונדרש רק לדחוף אותה קדימה.,לא,181057.77078047,663135.70336376,34.79711495,32.0604563,,,כשיר לשימוש,,,פתיחה אוטומטית בשעת חירום,,,,,,כן,592-355,13/03/2026 10:13:17,
10655,1009,1.0,מקלט ציבורי,3409.0,אפלטון,9, ,אפלטון 9 ,APHALTON            ,335.0,1.0,מערכת סינון,המקלט נמצא בצמוד ובכניסה לבניין הדיור המוגן לקשישים ובעצם ממוקם בקומת הקרקע שלו אך הכניסה אליו עצמאית ואינה מצריכה כניסה לבניין עצמו.,לא,176270.04398325,660147.36612116,34.74655026,32.03333501,,,כשיר לשימוש,,,פתיחה אוטומטית בשעת חירום,,,,,,כן,592-98,13/03/2026 10:13:17,
10656,138,1.0,מקלט ציבורי,905.0,מרכוס דוד,18, ,מרכוס דוד 18 ,MARKUS              ,100.0,1.0,"מקלט מוגן אב""כ","המקלט נמצא בין בניינים 16 ו-20, בכניסה לגן סעדיה שושני דרום. גישה נוספת מרחוב טריטש 15 לתוך הגן.",לא,184649.09687914,668980.54966179,34.83493295,32.11328068,,,כשיר לשימוש,,,פתיחה אוטומטית בשעת חירום,,,,,,כן,592-398,13/03/2026 10:13:17,
10657,718,1.0,מקלט ציבורי,644.0,אלון יגאל,46, ,אלון יגאל 46 ,YIG'AL ALLON        ,100.0,0.0,ללא מערכת סינון,המקלט נמצא מול בניין מספר 46 בצמוד לכביש בפינת רחוב לה גוארדיה 36. בשטח המגונן מול 46 קיימת הגבהה עם דלת נגררת.,לא,180515.90001117,662918.81405584,34.79138566,32.05848186,,,כשיר לשימוש,,,פתיחה אוטומטית בשעת חירום,,,,,,כן,592-296,13/03/2026 10:13:17,
10658,120,1.0,מקלט ציבורי,820.0,קהילת לודג',28, ,קהילת לודג' 28 ,KEHILAT LODZ        ,125.0,0.0,ללא מערכת סינון,"המקלט נמצא בין בניינים  28-30, מול הגינה הציבורית. ניתן גם להגיע דרך רחוב שיטרית בכור פינת בני אפרים בשביל.",לא,182805.03526109,668315.62271778,34.81541959,32.10722599,,,כשיר לשימוש,,,פתיחה אוטומטית בשעת חירום,,,,,,כן,592-58,13/03/2026 10:13:17,
10659,210,1.0,מקלט ציבורי,984.0,רדינג,10, ,רדינג 10 ,READING             ,75.0,1.0,"מקלט מוגן אב""כ","3 דרכי גישה למקלט: 1. דרך השבילים בבניינים 8,10,12. 2.  דרך השביל ברחוב ברודצקי 4, בין בניינים 4 ו-6 קיים שביל המגיע עד למקלט. 3. דרך השבילים ברחוב הרטגלס 6-8",לא,180829.53045643,667975.73523524,34.79450322,32.10409493,,,כשיר לשימוש,,,נפתח אוטומטית בשעת חירום,,,,,,כן,592-75,13/03/2026 10:13:17,
10660,132,2.0,מקלט ציבורי במוסדות חינוך,899.0,עשהאל,3,,עשהאל 3,ASHAEL,120.0,0.0,ללא מערכת סינון,"המקלט נמצא בשטח בי""ס ""צהלה"", כניסה דרך השער הראשי,המקלט מעבר למגרש הכדורסל הפתוח.",כן,184923.25526837,669973.05407087,34.83780202,32.12223933,,בית ספר צהלה,כשיר לשימוש,,,נפתח אוטומטית בחירום,,,,,,כן,592-34,13/03/2026 10:13:17,
10661,905,1.0,מקלט ציבורי,3535.0,ישראל מסלנט,27, ,ישראל מסלנט 27 ,MISALANT            ,90.0,1.0,מערכת סינון,"המקלט נמצא בשטח המרכז הקהילתי שפירא, מול ישיבת אורות. נכנסים בכניסה הראשית למרכז,ישר ואז שמאלה דרך השער למגרש הכדורסל, חוצים אותו ואז משמאל הכניסה למקלט. ייתכן ותהיה גישה גם דרך רחוב חכמי ישראל מול 112 דרך המרכז לקשיש.",לא,179481.83154308,661940.94966755,34.78047643,32.04962749,,,כשיר לשימוש,,,פתיחה אוטומטית בשעת חירום,,,,,,כן,592-124,13/03/2026 10:13:17,
10662,839,1.0,מקלט ציבורי,4069.0,זבד,13, ,זבד 13 ,,75.0,1.0,מערכת סינון,המקלט נמצא בפינת הרחובות זבד (נדב לשעבר) מול 13 וכצנלסון בת שבע מול 22. למקלט דלת נגררת הנפתחת בחירום ונדרש רק לדחוף אותה קדימה.,לא,180698.11026985,661813.90448718,34.79335968,32.04852424,,,כשיר לשימוש,,,פתיחה אוטומטית בשעת חירום,,,,,,כן,592-166,13/03/2026 10:13:17,
10663,95,4.0,חניון מחסה לציבור,664.0,הארבעה,28, ,הארבעה 28 ,HA'ARBA'AH    ,24969.0,,,פתוח 24 שעות ביממה ,,180000.93928007,664179.58384578,34.78588088,32.06983335,חניון מגדלי הארבעה,מגדלי הארבעה,כשיר לשימוש,,,,,050-2201299 אלחנדרו ,,,,כן,592-101,13/03/2026 10:13:17,
10664,82,4.0,חניון מחסה לציבור,376.0,"ריב""ל",7, ,"ריב""ל 7 ",RIVAL               ,8074.0,0.0,ללא מערכת סינון,ניתן להיכנס דרך הבניין 24 שעות, ,179586.96869235,663363.67568742,34.78153061,32.0624611,"נכסי אריאל - חניון עמגר ניהול בע""מ","ריב""ל 7",כשיר לשימוש,,,א'-ה' מ 07:00 עד 21:00,\\nas01\gis_users\herum\gdb\תיקי חניון ממוחשבים\עמגר,03-7914471,אסנת נשיא,mailto:sonolmng@arielgroup.co.il,050-4949169 אסנת נשיא,כן,592-50,13/03/2026 10:13:17,
10665,1011,1.0,מקלט ציבורי,3117.0,מנדס פרנס,8, ,מנדס פרנס 8 ,FRANCE              ,100.0,1.0,מערכת סינון,"המקלט נמצא בגינת טולוז, מול בית מספר 5, בסמוך למרכז הפיס ולמרכז הערבי יהודי ביפו.",לא,176347.51409324,661031.23737601,34.74733076,32.04130855,,,כשיר לשימוש,,,פתיחה אוטומטית בשעת חירום,,,,,,כן,592-219,13/03/2026 10:13:17,
10666,532,1.0,מקלט ציבורי,1036.0,שביל שולמן,5, ,שביל שולמן 5 ,SHULMAN             ,100.0,1.0,"מקלט מוגן אב""כ","המקלט נמצא בכניסה לגן ""מניה ומוריס לי"", בין בתים מספר 3 ו-7.",לא,181024.9687339,664007.40960134,34.79673272,32.06831608,,,כשיר לשימוש,,,פתיחה אוטומטית בשעת חירום,,,,,,כן,592-79,13/03/2026 10:13:17,
10667,1023,1.0,מקלט ציבורי נגיש,3112.0,הלוטוס,12, ,הלוטוס 12 ,HALOTUS             ,75.0,1.0,מערכת סינון,המקלט נמצא מול בית מספר 12 ברחבה הציבורית. ניתן להגיע למקלט גם דרך רחוב יפת 120.,לא,176649.59552211,661203.95762122,34.75052125,32.04287759,,,כשיר לשימוש,,,פתיחה אוטומטית בשעת חירום,,,,,,כן,592-6,13/03/2026 10:13:17,
10668,828,1.0,מקלט ציבורי,3843.0,אורים,41, ,אורים 41 ,LEHI                ,100.0,1.0,מערכת סינון,"המקלט היה בעברו בשטח ביה""ס עמיאל - רמב""ם ולאחר הריסת ביה""ס עבר לסטטוס שטח מרכז קהילתי ""אורים"".כניסה משער ראשי ישר וימינה דרך מגרש הכדורסל ואז מגמה שמאלה, כמו כן קיים שער כניסה מרחוב לח""י מול 47 לרווחת הציבור.",כן,180657.30621193,661644.75524703,34.79293447,32.04699748,,,כשיר לשימוש,,,פתיחה אוטומטית בשעת חירום,,,,,,כן,592-189,13/03/2026 10:13:17,
10669,514,2.0,מקלט ציבורי במוסדות חינוך,21.0,העבודה,25, ,העבודה 25 ,HA'AVODA            ,100.0,0.0,ללא מערכת סינון,המקלט נמצא בתוך מתחם גני הילדים העירוני. כניסה משער ראשי ואז ימינה למבנה הגנים השני לאחר חצר המשחקים.,כן,178974.27082249,664180.99084777,34.77500794,32.06980966,,אשכול גנים העבודה,כשיר לשימוש,,,פתיחה אוטומטית בשעת חירום,,,,,,כן,592-82,13/03/2026 10:13:17,
10670,202,1.0,מקלט ציבורי,988.0,כפר יונה,14, ,כפר יונה 14 ,KFAR YONA           ,100.0,1.0,"מקלט מוגן אב""כ","המקלט נמצא בין בניינים 12 ו-14 בגינה. הכניסה למקלט מול בית מספר 14. גישה נוספת מרחוב חיים לבנון 41, מימין למגרש כדורסל קיים שביל לגינה ולמקלט.",לא,181349.26619431,668507.49399019,34.79998838,32.10890791,,,כשיר לשימוש,,,פתיחה אוטומטית בשעת חירום,,,,,,כן,592-59,13/03/2026 10:13:17,
10671,703,1.0,מקלט ציבורי,3368.0,הנגרים,25, ,הנגרים 25 ,HANAGARIM           ,100.0,0.0,ללא מערכת סינון,"המקלט צמוד לגדר בית הספר דרויאנוב אך לא בתחומו, מול בית מספר 13.",לא,178002.93944347,662672.19470571,34.76478622,32.05616837,,,כשיר לשימוש,,,פתיחה אוטומטית בשעת חירום,,,,,,כן,592-256,13/03/2026 10:13:17,
10672,109,2.0,מקלט ציבורי במוסדות חינוך,1299.0,מאייר מרדכי,2, ,מאייר מרדכי 2 ,MORDEKHAI MEYER     ,85.0,0.0,ללא מערכת סינון,"המקלט בתוך מתחם פנימיות תל ברוך - גבעת הוד,בית הנוער העירוני ע""ש רוזי - פתיחה אוטומטית בשעת חירום.",לא,182772.13421438,669871.05092605,34.81501145,32.12125141,,מתחם פנימיות תל ברוך,כשיר לשימוש,,,פתיחה אוטומטית בשעת חירום,,,,,,כן,592-5,13/03/2026 10:13:17,
10673,1025,2.0,מקלט ציבורי במוסדות חינוך,3736.0,ארליך,35, ,ארליך 35 ,PESTALIZZI          ,100.0,0.0,ללא מערכת סינון,"המקלט נמצא בתוך מתחם סגור שהיה שייך בעבר לבי""ס וייצמן. כעת הכניסה הראשית למקלט היא מרחוב ארליך 37 מול הכניסה לחנייה של המרכז הגריאטרי צהלון קיים שער ברזל הנפתח בחירום ומיד אחריו נמצא המקלט. בסמוך אליו נמצא מבנה החטיבה הצעירה ע""ש לואיס וגבי וויספלד.",כן,177215.77032591,661501.73504399,34.75650244,32.04558422,,,כשיר לשימוש,,,נפתח אוטומטית בחירום,,,,,,כן,592-54,13/03/2026 10:13:17,
10674,914,1.0,מקלט ציבורי,3535.0,ישראל מסלנט,26, ,ישראל מסלנט 26 ,MISALANT            ,70.0,1.0,מערכת סינון,המקלט נמצא בשטח הבניין המשותף. יש להיכנס לבניין ולרדת במדרגות עד להגעה לדלת הכניסה. ניתן להגיע למקלט גם מרחוב השילוח 11 ואז לטפס קומה עד למקלט.,לא,179521.32959916,661962.66169837,34.78089374,32.04982469,,,כשיר לשימוש,,,פתיחה ידנית בחירום,,,,,,כן,592-413,13/03/2026 10:13:17,
10675,717,1.0,מקלט ציבורי,643.0,פטרסון,3, ,פטרסון 3 ,PATTERSON           ,100.0,1.0,"מקלט מוגן אב""כ","המקלט נמצא מול בניין מספר 3 פינת רחוב ווג'ווד 4. ניתן להגיע גם דרך שדרות החי""ל 5 מול בי""ח רעות.",לא,180382.67182202,662751.79881872,34.78998168,32.05697114,,,כשיר לשימוש,,,פתיחה אוטומטית בשעת חירום,,,,,,כן,592-343,13/03/2026 10:13:17,
10676,27,4.0,חניון מחסה לציבור,8.0,רוטשילד,41, ,רוטשילד 41 ,ROTHSHILD           ,8800.0,0.0,ללא מערכת סינון,, ,178842.52163544,663511.46389723,34.77364097,32.06376727,"חניון ציון ניהול בע""מ",בית ציון,כשיר לשימוש,,,א'-ד' 06:00 עד 02:00 ה- ו'  06:00 עד 03:00,\\nas01\gis_users\herum\gdb\תיקי חניון ממוחשבים\בית ציון,03-5607051,זאב חדש,ziontwmng@arielgroup.co.il,054-8145068 זאב,כן,592-16,13/03/2026 10:13:17,
10677,915,1.0,מקלט ציבורי,3535.0,ישראל מסלנט,28, ,ישראל מסלנט 28 ,MISALANT            ,70.0,0.0,ללא מערכת סינון,המקלט נמצא בשטח הבניין המשותף. יש להיכנס לבניין ולרדת במדרגות עד להגעה לדלת הכניסה. ניתן להגיע למקלט גם מרחוב השילוח 13 ואז לטפס קומה עד למקלט.,לא,179526.4326064,661982.53572659,34.78094694,32.05000409,,,כשיר לשימוש,,,פתיחה ידנית בחירום,,,,,,כן,592-128,13/03/2026 10:13:17,
10678,1035,2.0,מקלט ציבורי במוסדות חינוך,3203.0,יפת,232, ,יפת 232 ,PAHAD YITZHAK       ,75.0,0.0,ללא מערכת סינון,"המקלט נמצא בשטח ביה""ס ""שילה"". כניסה מהשער הראשי ברחוב פחד יצחק 8, ישר, חוצים את מגרש הכדורסל וממול בתוך מתחם מגודר נמצא המקלט.",כן,176271.8389858,660332.88038454,34.74656093,32.03500801,,בית ספר שילה,כשיר לשימוש,,,פתיחה אוטומטית בשעת חירום,,,,,,כן,592-345,13/03/2026 10:13:17,
10679,31,4.0,חניון מחסה לציבור,54.0,בגין מנחם,154, ,בגין מנחם 154 ,BEGIN  MENAHEM      ,10490.0,0.0,ללא מערכת סינון,יש כניסה מהבניין עם שומר 24/7, ,180848.21548296,665194.36328647,34.79481312,32.07901376,מגדן,בית קרדן,כשיר לשימוש,פתוח 24 שעות,פתוח 24 שעות,יש כניסה מהבניין עם שומר 24/7,\\nas01\gis_users\herum\gdb\תיקי חניון ממוחשבים\קרדן,03-6083505,מארק,mailto:ERAN@MEKEAN.COM,052-5096666,כן,592-246,13/03/2026 10:13:17,
10680,803,1.0,מקלט ציבורי,1007.0,"הפלמ""ח",28, ,"הפלמ""ח 28 ",HAPALMAH            ,100.0,1.0,מערכת סינון,"המקלט נמצא מאחורי בניין מספר 28 וקפה ""אמירה"",צמוד למרכז הפיקוח העירוני. למקלט כניסה נפרדת ואין צורך להיכנס לפיקוח. ניתן להגיע גם מרחוב קלמר משה 11.",לא,180911.30357253,663349.46666724,34.79555538,32.06237899,,,כשיר לשימוש,,,פתיחה אוטומטית בשעת חירום,,,,,,כן,592-386,13/03/2026 10:13:17,
10681,51,4.0,חניון מחסה לציבור,35.0,לוינסקי,39, ,לוינסקי 39 ,ELHANAN EIB LEVINSKY,3200.0,0.0,ללא מערכת סינון,כניסה נוספת מרחוב השוק 5, ,178580.0442628,663072.66627426,34.77088007,32.0598008,"מרכז לוינסקי בע""מ",מרכז לוינסקי,כשיר לשימוש,,,24 שעות,\\nas01\gis_users\herum\gdb\תיקי חניון ממוחשבים\מרכז לוינסקי,אין,קובי אגמון,kobi@yamparking.co.il,053-3844441,כן,592-143,13/03/2026 10:13:17,
10682,626,2.0,מקלט ציבורי נגיש,134.0,שבתי דון יחייא,1, ,שבתי דון יחייא 1 ,,75.0,1.0,"מקלט מוגן אב""כ","המקלט נמצא בשטח ביה""ס ""תיכון עירוני נווה צדק"".כניסה מהשער הראשי שמאלה. בדרך ישנו שער נוסף שנפתח בחירום. גישה נוספת מכניסת הרכבים ברחוב איל""ן 2 דרך השער שייפתח בחירום.",כן,177952.76337224,663620.53805209,34.76421395,32.06471849,בית ספר תיכון נווה צדק,,כשיר לשימוש,,,פתיחה אוטומטית בשעת חירום,,,,,,כן,592-276,13/03/2026 10:13:17,
10683,513,1.0,מקלט ציבורי,68.0,לונץ,8, ,לונץ 8 ,LUNZ                ,120.0,1.0,"מקלט מוגן אב""כ",המקלט נמצא בתוך מתחם סגור בין בניין מספר 8 ובניין ישיבת בר אילן ומול בניינים מספר 7 ו-9. שער המתחם יהיה פתוח באופן רצוף בזמן חירום.,לא,179346.74135129,664140.89779085,34.77895424,32.06946141,,,כשיר לשימוש,,,פתיחה אוטומטית בשעת חירום,,,,,,כן,592-85,13/03/2026 10:13:17,
10684,529,1.0,מקלט ציבורי,733.0,עמישב,21, ,עמישב 21 ,AMISHAV             ,100.0,1.0,"מקלט מוגן אב""כ",כניסת המקלט מול עמישב 18 בצמוד לגינה וגן המשחקים.ניתן להגיע גם מרחוב דרך השלום 85 בשביל ואז ימינה.,לא,181699.52369158,663459.175823,34.80389802,32.06339499,,,כשיר לשימוש,,,פתיחה אוטומטית בשעת חירום,,,,,,כן,592-411,13/03/2026 10:13:17,
10685,56,4.0,חניון מחסה לציבור,664.0,הארבעה,17, ,הארבעה 17 ,HA'ARBA'AH          ,15300.0,0.0,ללא מערכת סינון,, ,180009.341292,664214.255895,34.78596844,32.07014631,חברה לניהול חניון מגדל מילניום,מגדל התיכון,כשיר לשימוש,07:00,23:30,07:00-23:30,\\nas01\gis_users\herum\gdb\תיקי חניון ממוחשבים\מגדל המילניום,03-6844711,עומר,,054-7495960,כן,592-216,13/03/2026 10:13:17,
10686,5,4.0,חניון מחסה לציבור,794.0,השלושה,2, ,השלושה 2 ,                    ,45000.0,0.0,ללא מערכת סינון,, ,180164.06151166,663246.30152078,34.7876466,32.06142288,"אי.בי.סי ניהול חניונים חברת אטגר בע""מ",אי . בי . סי,כשיר לשימוש,,24/7,24/7,\\nas01\gis_users\herum\gdb\תיקי חניון ממוחשבים\אי בי סי,03-6879195,חמי,mailto:abc@ramot.co.il,052-8444866,כן,592-306,13/03/2026 10:13:17,
10687,858,2.0,מקלט ציבורי במוסדות חינוך,4147.0,אנקאווא רפאל הרב,13, ,אנקאווא רפאל הרב 13 ,ELNEKAVE            ,80.0,0.0,ללא מערכת סינון,"המקלט נמצא בשטח ביה""ס ""כפיר"". שער הכניסה נמצא לפני מגרשי הכדורסל הפתוחים, יש לחצות את המגרשים עד לבניין אולם הספורט, המקלט נמצא בקומת הקרקע של האולם ולו 2 כניסות - חזית וצד. דלתות אולם הספורט ייפתחו בחירום באחריות ביה""ס.",כן,181369.25022268,661737.03337804,34.80046877,32.04785388,,בית ספר כפיר,כשיר לשימוש,,,נפתח אוטומטית בשעת חירום,,,,,,כן,592-44,13/03/2026 10:13:17,
10688,126,2.0,מקלט ציבורי נגיש,920.0,עולי הגרדום,5, ,עולי הגרדום 5 ,OLEY HAGARDOM       ,120.0,0.0,ללא מערכת סינון,"המקלט נמצא בשטח ביה""ס ""ישגב"" - כניסה משער ראשי וימינה עולים במדרגות ומגמה שמאלה עד לכניסה.",כן,184501.41766948,668592.24611051,34.83338237,32.10977446,בית ספר ישגב,,כשיר לשימוש,,,נפתח אוטומטית בשעת חירום,,,,,,כן,592-158,13/03/2026 10:13:17,
10689,1031,2.0,מקלט ציבורי במוסדות חינוך,3433.0,שבטי ישראל,77, ,שבטי ישראל 77 ,HISUSHEY HARIM      ,100.0,0.0,ללא מערכת סינון,"המקלט נמצא בשטח ביה""ס ""כולנא יחד"". הכניסה מהשער הראשי ,ישר, יורדים במדרגות ומימין המקלט.",כן,176901.84388023,661259.32669983,34.75318943,32.04338644,בית ספר כולנא יחד,,כשיר לשימוש,,,נפתח אוטומטית בחירום,,,,,,כן,592-213,13/03/2026 10:13:17,
10690,702,1.0,מקלט ציבורי,31.0,פרנקל ידידיה,44, ,פרנקל ידידיה 44 ,FRENKEL             ,250.0,0.0,ללא מערכת סינון,המקלט נמצא בשטח הבית המשותף. למקלט קיימות 2 כניסות - אחת נפרדת ועצמאית מהבניין מרחוב ידידיה פרנקל בין בתים מספר 44 ו-42 לימין מבנה 44. כניסה 2 דרך חדר המדרגות של הבניין מרחוב השוק 44 מול בית מספר 43 בצמוד לחניון הציבורי משמאל לכניסה.,לא,178536.39820083,662735.44679551,34.77043225,32.05675824,,,כשיר לשימוש,,,פתיחה אוטומטית בשעת חירום,,,,,,כן,592-242,13/03/2026 10:13:17,
10691,522,1.0,מקלט ציבורי,519.0,"גרשון ש""ץ",25, ,"גרשון ש""ץ 25 ",,235.0,0.0,ללא מערכת סינון,"המקלט נמצא בתוך הבית המשותף. כניסה מהלובי ואז ימינה ירידה למקלט. פתיחת הכניסה לבניין בחירום באחריות הועד. ניתן להגיע למקלט גם מרחוב הנצי""ב 16.",לא,180338.24275894,664040.32564807,34.78945875,32.0685893,,,כשיר לשימוש,,,פתיחה אוטומטית בשעת חירום,,,,,,כן,592-80,13/03/2026 10:13:17,
10692,1034,2.0,מקלט ציבורי במוסדות חינוך,3060.0,קדם,40, ,קדם 40 ,KEDEM               ,100.0,0.0,ללא מערכת סינון,"המקלט נמצא בשטח ביה""ס ""חסן ערפה"". הכניסה היא מרחוב הספינה מול בית מספר 18. ההגעה היא מרחוב קדם 40 לרחוב הספינה.",כן,176390.07015365,661605.04819066,34.74775561,32.04648468,,בית ספר חסן ערפה,כשיר לשימוש,,,פתיחה אוטומטית בשעת חירום,,,,,,כן,592-261,13/03/2026 10:13:17,
10693,846,1.0,מקלט ציבורי,637.0,שדרות יד לבנים,27, ,שדרות יד לבנים 27 ,YAD LABANIM         ,100.0,1.0,מערכת סינון,"יש להיכנס לתוך הגינה הציבורית. המקלט נמצא מימין לבניין 27 בין גינת המשחקים לגינה הקהילתית יד אליהו. מעבר לכביש נמצא בי""ס ""גיבורי ישראל"". ניתן להגיע למקלט גם דרך רחוב המערכה 30 וגם מאזור המרכז הקהילתי בת ציון.",לא,180951.87263013,663197.65945172,34.79599107,32.0610114,,,כשיר לשימוש,,,פתיחה אוטומטית בשעת חירום,,,,,,כן,592-347,13/03/2026 10:13:17,
10694,433,3.0,מקלט בשטח חניון,285.0,גרץ,11,,גרץ 11,,450.0,1.0,"מקלט מוגן אב""כ","המקלט נמצא בחניון בית האבות ""בית השלום"". למקלט 4 כניסות נפרדות שלא מצריכות כניסה לחניון - 2 כניסות מרחוב גרץ 11,13 ו-2 כניסות מהצד השני מרחוב רנ""ק 8. כניסת רכבים לחניון מגרץ 11.",לא,178803.21357964,665915.74031063,34.77312291,32.08544709,,"בית אבות ""בית שלום"" - מקלט בחניון",כשיר לשימוש,,,"כניסה 1 משתיים ברחוב גרץ נפתחת אוטומטית בחירום וכניסה אחת משתיים ברחוב רנ""ק נפתחת אוטומטית.",,,,,,כן,592-321,13/03/2026 10:13:17,
10695,4,4.0,חניון מחסה לציבור,2253.0,שבתאי יעקב,22, ,שבתאי יעקב 22 ,ARGOV ALECKSANDER                                 ,3600.0,0.0,ללא מערכת סינון,"מוסר שבלחיצת כפתור הוא פותח- בדר""כ סגור רן עודכן ויש גישה", ,184183.98821882,670344.23259784,34.82995465,32.1255636,אחוזת צהלה,אחוזת צהלה,כשיר לשימוש,,,"""פתוח 24 שעות ביממה , החניון השמאלי סגור בלילה",\\nas01\gis_users\herum\gdb\תיקי חניון ממוחשבים\אחוזת צהלה,03-6808001,רן ברעם,,054-4230148,כן,592-357,13/03/2026 10:13:17,
10696,927,1.0,מקלט ציבורי נגיש,3552.0,רבי מאיר בעל הנס,5, ,רבי מאיר בעל הנס 5 ,RABBII BA'AL HANESS ,50.0,1.0,מערכת סינון,המקלט נמצא מול בית מספר 12 בין בתים 5 ו-7. המקלט נגיש לנכים.,לא,178889.23570176,661911.29162544,34.77420321,32.0493389,,,כשיר לשימוש,,,פתיחה אוטומטית בשעת חירום,,,,,,כן,592-258,13/03/2026 10:13:17,
10697,137,1.0,מקלט ציבורי,903.0,"ק""ם",83, ,"ק""ם 83 ",KAM                 ,100.0,0.0,ללא מערכת סינון,המקלט נמצא בגינה מאחורי בניין 83.משמאל לבניין קיים שביל המוביל עד לגינה ולמקלט. עם רכב ניתן להיכנס בדרך מימין לבניין 87 ואז שמאלה אחרי החנייה עד למקלט.,לא,184833.77914134,669004.94469643,34.83688887,32.11350637,,,כשיר לשימוש,,,פתיחה אוטומטית בשעת חירום,,,,,,כן,592-353,13/03/2026 10:13:17,
10698,112,2.0,מקלט ציבורי במוסדות חינוך,813.0,מגדל שרשן,17, ,מגדל שרשן 17 ,MIGDAL SHORSHAN     ,100.0,0.0,ללא מערכת סינון,"המקלט נמצא בתוך שטח בי""ס ""אלחריזי"". יש להיכנס דרך שער ביה""ס הראשי וימינה, הכניסה למקלט בכניסה לאולם ספורט המקורה - פתיחה אוטומטית בשעת חירום.",כן,182586.98795153,669476.32236565,34.81306476,32.1176858,,בית ספר אלחריזי,כשיר לשימוש,,,פתיחה אוטומטית בשעת חירום,,,,,,כן,592-154,13/03/2026 10:13:17,
10699,327,3.0,מקלט בשטח חניון,187.0,דיזנגוף,255, ,דיזנגוף 255 ,MEIR DIZENGOFF      ,102.0,0.0,ללא מערכת סינון,המקלט נמצא בחניון הרכב של הבניין המשותף מספר 255. גישה למקלט בין בניינים 255 ו-257 קיים מחסום חשמלי שבחירום נפתח ומיד שמאלה לדלת הכניסה למקלט.,לא,179059.66094372,666816.5345895,34.77580133,32.09357946,,דיזינגוף 255,כשיר לשימוש,,,פתיחה אוטומטית בשעת חירום,,,,,,כן,592-284,13/03/2026 10:13:17,
10700,822,2.0,מקלט ציבורי במוסדות חינוך,622.0,התשעים ושלוש,2, ,התשעים ושלוש 2 ,,100.0,0.0,ללא מערכת סינון,"המקלט נמצא בשטח ביה""ס ""עירוני ח' ראשית"", כניסה מהשער הראשי, ימינה דרך השטח המגונן וישר עד המקלט או דרך מגרש הכדורסל. מולו נמצא גם מקלט 824.",כן,180098.52041861,662710.32475984,34.78697451,32.05658726,,בית ספר עירוני ח,כשיר לשימוש,,,פתיחה אוטומטית בשעת חירום,,,,,,כן,592-228,13/03/2026 10:13:17,
10701,911,1.0,מקלט ציבורי,3626.0,עמיקם,8, ,עמיקם 8 ,AMIKAM              ,100.0,1.0,מערכת סינון,המקלט נמצא מול כיכר גולדשטיין גורן לפני הפנייה לרחוב עוזרי אהובה (בעבר רחוב 3383) המוביל לכניסה לקאנטרי גורן גולדשטיין.,לא,178944.64578043,661420.81892911,34.77481056,32.04491789,,,כשיר לשימוש,,,נפתח אוטומטית בשעת חירום,,,,,,כן,592-10,13/03/2026 10:13:17,
10702,516,1.0,מקלט ציבורי,760.0,פליטי הספר,19, ,פליטי הספר 19 ,PLITE'I HASFAR      ,100.0,1.0,"מקלט מוגן אב""כ","המקלט נמצא בתוך ""גן ריקליס"" מול בית מספר 24. ניתן להגיע למקלט גם דרך רחוב דם המכבים 26.",לא,181381.42723997,664056.03067036,34.8005058,32.06876663,,,כשיר לשימוש,,,פתיחה אוטומטית בשעת חירום,,,,,,כן,592-4,13/03/2026 10:13:17,
10703,812,1.0,מקלט ציבורי,4001.0,"אצ""ל",34, ,"אצ""ל 34 ",ETSEL               ,180.0,0.0,ללא מערכת סינון,"מדובר במקלט עם 4 כניסות החולש על 2 צידי הרחוב, 2 כניסות ויציאות בכל צד. הכניסות נמצאות ב- מול 34, מול 30, מול 39, מול 35. כל ארבע הכניסות מתוכננות להיות במפלס המדרכה ולהיפתח אוטומטית כלפי מעלה.",לא,180455.46792537,662141.66595251,34.79077728,32.05147158,,,כשיר לשימוש,,,ייפתח בשעת אזעקה,,,,,,כן,592-217,13/03/2026 10:13:17,
10704,9042,4.0,חניון מחסה לציבור,2229.0,2184,8, ,2184 8 ,2229,19200.0,0.0,ללא מערכת סינון,"ישנו חניון נוסף שמנוהל ע""י  חניון עתידים ברחוב קרית עתידים מס' 8 -24 שעות דרך השומר בכניסה לבנין רק בחירום! נאור עודכן והוא יעדכן גם את חגי", ,185334.4868522,669116.53885486,34.84219018,32.11452799,"עתידים חברה לתעשיות עתירות מדע בע""מ",עתידים,כשיר לשימוש,7:00,22:00,"א'-ה'  07:00 עד 22:00
",\\nas01\gis_users\herum\gdb\תיקי חניון ממוחשבים\עתידים,03-7690824,נאור ישייב גת/חגי ג'פרי,mailto:parking@atidim.co.il,053-6720802/050-6777796,כן,592-97,13/03/2026 10:13:17,
10705,1036,1.0,מקלט ציבורי,3000.0,התקומה,46, ,התקומה 46 ,,100.0,1.0,מערכת סינון,המקלט נמצא מול בית מספר 46 ברחבה שמול מרכז תרבות מנדל. ניתן להגיע גם מרחוב התחיה 1 ומאזור איצטדיון בלומפילד.,לא,177444.58965077,662071.32785265,34.7589002,32.05072923,,מרכז מנדל,כשיר לשימוש,,,פתיחה אוטומטית בשעת חירום,,,,,,כן,592-24,13/03/2026 10:13:17,
10706,519,2.0,מקלט ציבורי במוסדות חינוך,778.0,בצרון,19, ,בצרון 19 ,BITSARON            ,120.0,0.0,ללא מערכת סינון,"המקלט נמצא בשטח ביה""ס ""דוד בלוך"". כניסה מהשער הראשי ואז שמאלה לכיוון המקלט. (שדרות ההשכלה 16)",כן,181049.4117686,663831.65735182,34.79699861,32.06673201,,בית ספר דוד בלוך,כשיר לשימוש,,,פתיחה אוטומטית בשעת חירום,,,,,,כן,592-66,13/03/2026 10:13:17,
10707,624,2.0,מקלט ציבורי במוסדות חינוך,438.0,סעדיה גאון,6, ,סעדיה גאון 6 ,SAADIYA GAON        ,120.0,0.0,ללא מערכת סינון,"המקלט נמצא בתוך ביה""ס לאומנויות,בניין ה""חממה"". כניסה מהשער הראשי, ישר ושמאלה בין המבנים. ניתן להגיע גם מרחוב מזא""ה 77.",כן,179589.26669561,663670.02012234,34.78154223,32.06522373,,"בניין החממה- ביה""ס לאומנויות",כשיר לשימוש,,,פתיחה אוטומטית בשעת חירום,,,,,,כן,592-259,13/03/2026 10:13:17,
10708,1022,2.0,מקלט ציבורי במוסדות חינוך,3488.0,גולדמן נחום,7, ,גולדמן נחום 7 ,GOLDMAN             ,60.0,0.0,ללא מערכת סינון,"המקלט נמצא בשטח ביה""ס ""תיכון עירוני כ""ב - מרכז חינוך טכנולוגי"". הכניסה מהשער הראשי ואז ימינה למבנה המקלט.",כן,177260.23638904,662698.16074257,34.75692071,32.056375,,בית בספר תיכון עירוני כב,כשיר לשימוש,,,פתיחה אוטומטית בשעת חירום,,,,,,כן,592-104,13/03/2026 10:13:17,
10709,821,1.0,מקלט ציבורי,3843.0,שתולים,2, ,שתולים 2 ,,100.0,0.0,ללא מערכת סינון,"ברחוב שתולים 2 פינת הלח""י 48 קיים שער הנפתח בחירום ודרכו ישנה גישה למקלט.",לא,180708.43628452,661650.5762553,34.79347559,32.04705173,,,כשיר לשימוש,,,פתיחה אוטומטית בשעת חירום,,,,,,כן,592-214,13/03/2026 10:13:17,
10710,90,4.0,חניון מחסה לציבור,96.0,פרישמן,28, ,פרישמן 28 ,FRISHMAN            ,4860.0,0.0,ללא מערכת סינון,פתוח 24 שעותהכניסה דרך רחוב פרישמן  יש לבדוק שילוט, ,178605.62029911,665228.544335,34.7710592,32.07924297,אחוזות החוף,תל נורדאו,כשיר לשימוש,24/7 (דרך הכניסה ברחוב פרישמן),24/7 (דרך הכניסה ברחוב פרישמן),פתוח 24 שעות הכניסה דרך רחוב פרישמן ,\\nas01\gis_users\herum\gdb\תיקי חניון ממוחשבים\תל נורדאו,03-7610300,קובי אלקיים,,053-5900399,כן,592-171,13/03/2026 10:13:17,
10711,107,1.0,מקלט ציבורי,899.0,עשהאל,5, ,עשהאל 5 ,YEHONATAN,100.0,1.0,"מקלט מוגן אב""כ",המקלט נמצא מול בית מספר 2 פינת רחוב יהונתן 40. ניתן להגיע גם דרך החניון הסמוך למקלט - פתיחה אוטומטית בשעת חירום.,לא,184897.26823147,670111.16326694,34.83752166,32.12348397,,,כשיר לשימוש,,,פתיחה אוטומטית בשעת חירום,,,,,,כן,592-333,13/03/2026 10:13:17,
10712,115,1.0,מקלט ציבורי,978.0,עיר שמש,36, ,עיר שמש 36 ,IR SHEMESH          ,120.0,1.0,"מקלט מוגן אב""כ",יש להיכנס לגינה מול בניינים 34 ו-32 ליד מגרש המשחקים - פתיחה אוטומטית בשעת חירום.,לא,183833.2717209,670160.44533691,34.82624497,32.1238952,,,כשיר לשימוש,,,פתיחה אוטומטית בשעת חירום,,,,,,כן,592-257,13/03/2026 10:13:17,
10713,124,1.0,מקלט ציבורי,924.0,משמר הירדן,67, ,משמר הירדן 67 ,MISHMAR HAYARDEN,100.0,1.0,"מקלט מוגן אב""כ",המקלט נמצא בתוך מתחם שבט הצופים וקיימות לו 2 כניסות מרכזיות: דרך רחוב משמר הירדן מול בניין 67 קיים שער ברזל הנפתח ידנית בשעת חירום + כניסה דרך רחוב לויטה 7  - שער ברזל הנפתח ידנית בשעת חירום.,לא,184376.26249179,668844.08846806,34.83204712,32.11204163,,,כשיר לשימוש,,,פתיחה אוטומטית בשעת חירום,,,,,,כן,592-318,13/03/2026 10:13:17,
10714,50,4.0,חניון מחסה לציבור,644.0,יגאל אלון,126, ,יגאל אלון 126 ,YIG'AL ALLON        ,10365.0,0.0,ללא מערכת סינון,"קיבלו שילוט. בתיאום שיחה עם אליהו חניון נסגר ב 23:00 ונפתח ב- 7:00 בבוקר, אין כניסה מהשומר.", ,180891.90154498,664653.20151818,34.79529756,32.07413517,"גוש 7093 חלקה 162 בע""מ",יגאל אלון 126 ,כשיר לשימוש,,,מ-7:00 עד 23:00 אין כניסה משומר,\\nas01\gis_users\herum\gdb\תיקי חניון ממוחשבים\יגאל אלון 126,03-6957650,דורון דרורי,mailto:ilanm24@gmail.com,052-6997605,כן,592-144,13/03/2026 10:13:17,
10715,434,3.0,מקלט בשטח חניון,195.0,בזל,42, ,בזל 42 ,BASEL               ,350.0,0.0,ללא מערכת סינון,"המקלט נמצא בתוך שטח ""חניון בזל"". כניסה ראשית לחניון מול בניין מספר 42 דרך כניסת הרכבים. כניסה נוספת במפלס עליון, לא דרך החניון, דרך פיר המדרגות.",לא,179392.74641661,666367.20895158,34.77934853,32.08953944,,מקלט בשטח חניון בזל,כשיר לשימוש,,,פתיחה אוטומטית בשעת חירום,,,,,,כן,592-109,13/03/2026 10:13:17,
10716,317,2.0,מקלט ציבורי במוסדות חינוך,554.0,ועידת קטוביץ,47, ,ועידת קטוביץ 47 ,VE'IDAT KATOWITZ    ,100.0,0.0,ללא מערכת סינון,"המקלט נמצא בשטח ביה""ס ""תיכון עירוני ד"". כניסה מהשער הראשי לתוך מבנה ביה""ס, שמאלה, חוצים את מגרש הכדורסל והמקלט ממול. גישה נוספת משער פישפש הנפתח בחירום מול בית מספר 44 היישר לשטח המקלט.",כן,180524.09802281,666953.94978459,34.79130882,32.09487019,,"בית ספר עירוני ד' חט""ב",כשיר לשימוש,,,פתיחה אוטומטית בשעת חירום,,,,,,כן,592-131,13/03/2026 10:13:17,
10717,508,2.0,מקלט ציבורי במוסדות חינוך,347.0,שפירא צבי הרמן,21, ,שפירא צבי הרמן 21 ,SHAPIRA HERMAN      ,100.0,0.0,ללא מערכת סינון,"המקלט נמצא בשטח ביה""ס ""גבריאלי"" כניסה מהשער הראשי ואז ימינה. המקלט בצמוד למגרש הכדורגל פ.",כן,179218.81916968,664739.72364102,34.7775744,32.07485694,,בית ספר גבריאלי,כשיר לשימוש,,,פתיחה אוטומטית בשעת חירום,,,,,,כן,592-40,13/03/2026 10:13:17,
10718,322,1.0,מקלט ציבורי,25.0,בן יהודה,161, ,בן יהודה 161 ,BEN-YEHUDA          ,120.0,1.0,"מקלט מוגן אב""כ","2 דרכי גישה למקלט: 1- מרחוב בן יהודה, בין בניינים 159 ו-161 קיים שביל ( סמטת בן יהודה) לתוך גן טאו (גן החובבים), המקלט במרכז הגן. 2- מרחוב זלטופולסקי, בין בניינים 16 ו-14 קיים שביל (סמטת החובבים) לגן ולמקלט.",לא,178743.5274949,666272.30081684,34.77247557,32.08866031,,,כשיר לשימוש,,,פתיחה אוטומטית בשעת חירום,,,,,,כן,592-264,13/03/2026 10:13:17,
10719,201,1.0,מקלט ציבורי,987.0,גרונימן,10, ,גרונימן 10 ,GRONEMAN            ,100.0,1.0,"מקלט מוגן אב""כ",המקלט נמצא בין בניינים 6 ו-10 בתוך הגינה הציבורית. כניסה משמאל לבית הקפה דרך השביל בשדרות קרן היסוד ישר עד למקלט מול גן המשחקים. גישה 2 מרחוב חיים לבנון 17 לשביל שדרות קרן היסוד.,לא,181048.12876678,668039.76432614,34.79681658,32.10467981,,,כשיר לשימוש,,,פתיחה אוטומטית בשעת חירום,,,,,,כן,592-155,13/03/2026 10:13:17,
10720,206,1.0,מקלט ציבורי,941.0,גרונימן,26, ,גרונימן 26 ,GRUNIMAN,100.0,1.0,"מקלט מוגן אב""כ","גישה למקלט דרך השביל בין בניינים 26 ו-28. גישה נוספת דרך רחוב חיים לבנון 23,קיים שביל המוביל למקלט.",לא,181202.07898535,668109.59842529,34.79844481,32.10531479,,,כשיר לשימוש,,,פתיחה אוטומטית בשעת חירום,,,,,,כן,592-126,13/03/2026 10:13:17,
10721,843,1.0,מקלט ציבורי,637.0,שדרות יד לבנים,26, ,שדרות יד לבנים 26 ,YAD LABANIM         ,100.0,1.0,מערכת סינון,המקלט נמצא בשדרה מול בית מספר 26 ובסמוך לסניף קופת חולים כללית בשדרות יד לבנים 35. למקלט דלת נגררת הנפתחת בחירום ונדרש רק לדחוף אותה קדימה.,לא,181127.08487888,663138.30736746,34.79784884,32.06048214,,,כשיר לשימוש,,,פתיחה אוטומטית בשעת חירום,,,,,,כן,592-88,13/03/2026 10:13:17,
10722,912,1.0,מקלט ציבורי,3623.0,סמטת אסירי ציון,11, ,סמטת אסירי ציון 11 ,,100.0,1.0,מערכת סינון,"המקלט נמצא בין בתים 9 ו-11, בקצה החנייה ברחוב ניל""י 8 בסמוך לחורשה.",לא,178950.74778909,661642.11424328,34.77486584,32.04691371,,,כשיר לשימוש,,,נפתח אוטומטית בשעת חירום,,,,,,כן,592-21,13/03/2026 10:13:17,
10723,917,1.0,מקלט ציבורי,3664.0,דיק,10, ,דיק 10 ,DIK                 ,60.0,1.0,מערכת סינון,רחוב איזיק מאיר דיק. המקלט נמצא מול בית מספר 10 צמוד למחסן חירום עירוני. ניתן להגיע למקלט גם דרך שדרות גורי ישראל 21 - 25.,לא,179241.54420194,661054.28640873,34.77796932,32.04162318,,,כשיר לשימוש,,,פתיחה אוטומטית בשעת חירום,,,,,,כן,592-113,13/03/2026 10:13:17,
10724,630,1.0,מקלט ציבורי,12.0,התבור,32, ,התבור 32 ,,100.0,0.0,ללא מערכת סינון,"המקלט נמצא בתוך מתחם מגרש הכדורגל הצמוד למרכז לאומנות עכשווית, משמאל לבית מספר 31 ומול בית מספר 32. יש להיכנס לתוך המגרש מהשער השמאלי ישר וימינה. ניתן להיכנס דרך מרכז האומנות ברחוב צדוק הכהן 2,לטפס במדרגות הבטון מימין למתקני הכושר דרך השער למגרש הכדורגל.",לא,178260.62480931,663830.17134971,34.76746517,32.0666202,,,כשיר לשימוש,,,פתיחה אוטומטית בשעת חירום,,,,,,כן,592-379,13/03/2026 10:13:17,
10725,25,4.0,חניון מחסה לציבור,803.0,ולנברג ראול,2,א,ולנברג ראול 2א,VALENBERG      ,5700.0,0.0,ללא מערכת סינון,כניסה מהרחוב הברזל 1, ,184535.36671768,668269.81165274,34.83375382,32.10686787,מקאן אריקסון,בית מקאן אריקסון,כשיר לשימוש,פתוח 24 שעות,פתוח 24 שעות,פתוח 24 שעות,\\nas01\gis_users\herum\gdb\תיקי חניון ממוחשבים\מקאן - אריקסון,03-7686393/03-7686450,03-7686450- אור חדד,,052-5552312,כן,592-114,13/03/2026 10:13:17,
10726,417,1.0,מקלט ציבורי,424.0,שדרות מסריק,6, ,שדרות מסריק 6 ,MASARYK             ,100.0,1.0,"מקלט מוגן אב""כ","המקלט נמצא במרכז כיכר מסריק בסמוך לגן המשחקים. הכניסה למקלט מול בניין מספר 6.המקלט יכול לשרת אזרחים הנמצאים ברחובות שדרות ח""ן 51, מאנה 2, נצח ישראל 1 וכן המגיעים מרחוב קינג ג'ורג' 107.",לא,179249.52521327,665105.4871603,34.77788429,32.07815642,,,כשיר לשימוש,,,פתיחה אוטומטית בשעת חירום,,,,,,כן,592-167,13/03/2026 10:13:17,
10727,13,4.0,חניון מחסה לציבור,4.0,אלנבי,105, ,אלנבי 105 ,AHAD HA'AM          ,2500.0,0.0,ללא מערכת סינון,לא ניתן לפתוח 24 שעות מטעמי אבטחה, ,178715.6344553,663489.92386665,34.77229818,32.06356845,"בית ביניים בע""מ",בית ביניים אלנבי 105,כשיר לשימוש,א-ה'  07:00-21:00 / ו 7:00-13:00,,,\\nas01\gis_users\herum\gdb\תיקי חניון ממוחשבים\בית ביניים,03-5644137,מוטי לוין,,054-5237444,כן,592-218,13/03/2026 10:13:17,
10728,921,1.0,מקלט ציבורי,3642.0,הכינור,3, ,הכינור 3 ,HAKINOR             ,120.0,0.0,ללא מערכת סינון,המקלט נמצא בשטח הגינה הציבורית מול בית מספר 2. למקלט 2 כניסות. ניתן להגיע אליו גם דרך השביל שמימין לבית ברחוב שדרות גורי ישראל 60. במקלט פועל בית כנסת.,לא,179476.9115361,661468.30899653,34.78044399,32.04536512,,,כשיר לשימוש,,,פתיחה אוטומטית בשעת חירום,,,,,,כן,592-127,13/03/2026 10:13:17,
10729,904,1.0,מקלט ציבורי,3650.0,רינגלבלום,1, ,רינגלבלום 1 ,RINGELBLUM          ,75.0,1.0,מערכת סינון,המקלט נמצא ברחבת הרכבים מול בית מספר 6. למקלט דלת נגררת הנפתחת בחירום ונדרש רק לדחוף אותה קדימה.,לא,179304.0632907,660855.29912623,34.77863953,32.03983097,,,כשיר לשימוש,,,פתיחה אוטומטית בשעת חירום,,,,,,כן,592-340,13/03/2026 10:13:17,
10730,8,4.0,חניון מחסה לציבור,496.0,אבן גבירול,2, ,אבן גבירול 2 ,IBN GVIROL                                        ,6300.0,0.0,ללא מערכת סינון,, ,179608.51872294,664337.12706944,34.78171843,32.07124025,חניוני עופר (אליהו הון ונגזרים),בית אליהו,כשיר לשימוש,ניתן להיכנס דרך השומר בבניין 24 שעות,ניתן להיכנס דרך השומר בבניין 24 שעות,24 שעות פתוח,\\nas01\gis_users\herum\gdb\תיקי חניון ממוחשבים\בית אליהו,03-6920972,נטע נציגת גן העיר- 054-7448240,simon@eliahu.com,054-7448240,כן,592-106,13/03/2026 10:13:17,
10731,503,1.0,מקלט ציבורי,21.0,העבודה,5, ,העבודה 5 ,HA'AVODA            ,180.0,0.0,ללא מערכת סינון,"למקלט 3 דרכי גישה: 1- דרך הלובי של בניין מספר 5 (קיים קוד כניסה באחריות ועד הבית לפתוח). 2- העבודה 5, בחניון הבניין המשותף קיימת כניסה נפרדת למקלט. 3 - רחוב סמטה פלונית 2, קיימת כניסה נפרדת. המקלט יכול להוות מיגון לאזרחים ברחוב המלך ג'ורג 13-21",לא,178695.9134273,664261.30396179,34.7720566,32.07052388,,,כשיר לשימוש,,,פתיחה אוטומטית בשעת חירום,,,,,,כן,592-226,13/03/2026 10:13:17,
10732,903,1.0,מקלט ציבורי,3506.0,בעל העקידה,29, ,בעל העקידה 29 ,BAAL HA'AKEDA       ,90.0,0.0,ללא מערכת סינון,"המקלט נמצא מול בניין מספר 29, בשולי גינת שפירא ומול אשכול גני הילדים.",לא,179261.00722957,662226.3930728,34.77812638,32.05219373,,,כשיר לשימוש,,,פתיחה אוטומטית בשעת חירום,,,,,,כן,592-409,13/03/2026 10:13:17,
10733,208,1.0,מקלט ציבורי,989.0,פטאי יוסף,21, ,פטאי יוסף 21 ,PATAI               ,125.0,1.0,"מקלט מוגן אב""כ","המקלט נמצא מול החנייה בכתובת הנ""ל. גישה רגלית נוספת מרחוב חיים לבנון 31 בשביל בין הבניינים.",לא,181332.25917017,668333.11374262,34.79981513,32.10733482,,,כשיר לשימוש,,,פתיחה אוטומטית בשעת חירום,,,,,,כן,592-176,13/03/2026 10:13:17,
10734,913,1.0,מקלט ציבורי,3645.0,אלכסנדר זייד,23, ,אלכסנדר זייד 23 ,ZEID                ,100.0,1.0,מערכת סינון,"המקלט נמצא מול בית מספר 23 בתוך תחום הגינה. המקלט משמש את בית הכנסת ""משכנות רועי"".",לא,179386.78840815,661487.86002429,34.77948899,32.04553824,,,כשיר לשימוש,,,פתיחה אוטומטית בשעת חירום,,,,,,כן,592-178,13/03/2026 10:13:17,
10735,106,1.0,מקלט ציבורי,903.0,"ק""ם",34, ,"ק""ם 34 ",KAM                 ,100.0,0.0,ללא מערכת סינון,"בין הבתים ק""ם 34 וק""ם 38 קיים שביל כניסה לגן סעדיה שושני, מול בית 36 בגינה נמצא המקלט - פתיחה אוטומטית בשעת חירום.",לא,184651.6748828,669408.20926895,34.83494472,32.11713731,,,כשיר לשימוש,,,פתיחה אוטומטית בשעת חירום,,,,,,כן,592-240,13/03/2026 10:13:17,
10736,829,2.0,מקלט ציבורי במוסדות חינוך,1034.0,גבעתי,4, ,גבעתי 4 ,GIV'ATI             ,80.0,0.0,ללא מערכת סינון,"המקלט נמצא בשטח ביה""ס ""הגליל"", כניסה מהשער הראשי ואז ימינה וישר עד למקלט.",כן,180908.09756798,662063.28484123,34.79557302,32.05078031,,בית ספר הגליל,כשיר לשימוש,,,פתיחה אוטומטית בשעת חירום,,,,,,כן,592-288,13/03/2026 10:13:17,
10737,133,2.0,מקלט ציבורי במוסדות חינוך,821.0,קהילת ורשה,30, ,קהילת ורשה 30 ,KEHILAT WARSHA      ,100.0,0.0,ללא מערכת סינון,"המקלט נמצא בתוך בית הספר ""דוד ילין"" בשטח החולי. כניסה מהשער הראשי וימינה.",כן,183147.89074785,668806.49641469,34.81903348,32.11166369,,בית ספר דוד ילין,כשיר לשימוש,,,פתיחה אוטומטית בשעת חירום,,,,,,כן,592-303,13/03/2026 10:13:17,
10738,315,2.0,מקלט ציבורי נגיש,580.0,אנטיגונוס,6, ,אנטיגונוס 6 ,ANTIGONOS           ,120.0,1.0,"מקלט מוגן אב""כ","המקלט נמצא בשטח בית הספר ""יהודה המכבי"" אך קיימת כניסה נפרדת מול בית מספר 11",כן,179843.36105635,666657.61336388,34.78410978,32.09217417,,בית ספר יהודה מכבי,כשיר לשימוש,,,פתיחה אוטומטית בשעת חירום,,,,,,כן,592-206,13/03/2026 10:13:17,
10739,102,1.0,מקלט ציבורי,844.0,קהילת ביאלסטוק,1, ,קהילת ביאלסטוק 1 ,KEHILAT BIALISTOK   ,100.0,1.0,"מקלט מוגן אב""כ",בגינה מול בית מספר 1 וכן מול בתים מספר 8 ו-10 ברחוב קהילת לבוב - פתיחה אוטומטית בשעת חירום.,לא,183220.6818512,668527.63001877,34.81981527,32.10915128,,,כשיר לשימוש,,,פתיחה אוטומטית בשעת חירום,,,,,,כן,592-227,13/03/2026 10:13:17,
10740,1030,1.0,מקלט ציבורי,3794.0,סמטת מזל גדי,3, ,סמטת מזל גדי 3 ,MAZAL DAGIM SIMTAT  ,75.0,1.0,מערכת סינון,"המקלט נמצא מול פינת הרחובות סמטת מזל גדי 3 וסמטת מזל דגים ובתוך חניון עם שער חשמלי. בקרבת המקלט - גן שער רעמסס שהינו חלק מגן הפיסגה, חניון הצורפים ותיאטרון הסימטה. ניתן להגיע גם מרחוב יפת 32,דרך רחוב הפנינים ולטפס דרך רחוב הצורפים עד למקלט.",לא,176785.56571515,662330.50922061,34.75191081,32.05304175,,,כשיר לשימוש,,,פתיחה אוטומטית בשעת חירום,,,,,,כן,592-269,13/03/2026 10:13:17,
10741,806,1.0,מקלט ציבורי,646.0,סר ג'ון מונש,28, ,סר ג'ון מונש 28 ,MONASH              ,300.0,0.0,ללא מערכת סינון,"שטח המקלט מתחת לבניין המשותף מונש 28,30,32. למקלט 2 כניסות עצמאיות משטח הבניין. מימין לבניין, בהמשך, נמצא בית השוטר.",לא,180678.23624164,662767.37284083,34.79311078,32.05712178,,,כשיר לשימוש,,,פתיחה אוטומטית בשעת חירום,,,,,,כן,592-185,13/03/2026 10:13:17,
10742,103,1.0,מקלט ציבורי,970.0,זכות משה,10, ,זכות משה 10 ,ZEHUT MOSHE,100.0,1.0,"מקלט מוגן אב""כ","1. כניסה מרחוב זכות משה,הגעה עד לחניון,המקלט בגינה. 2. מאחורי הדר יוסף 16 בגינה. 3. ניתן גם להגיע דרך קהילת לודג' 16 בכביש עד לגינה - פתיחה אוטומטית בשעת חירום.",לא,182926.47743351,668437.46189076,34.8167016,32.10832865,,,כשיר לשימוש,,,פתיחה אוטומטית בשעת חירום,,,,,,כן,592-293,13/03/2026 10:13:17,
10743,127,1.0,מקלט ציבורי,914.0,הגולן,134, ,הגולן 134 ,HAGOLAN             ,75.0,0.0,ללא מערכת סינון,"המקלט נמצא מאחורי בניין 134, בפארק ראול ולנברג. גישה למקלט דרך השבילים הנגישים הקיימים ברחוב הגולן. גישה רכובה דרך רחוב שביל 1357 שניתן להגיע אליו מרחוב קהילות זגלמביה לתוך הפארק. גישה רגלית נוספת דרך רחוב דבורה הנביאה מול 95 דרך הפארק.",לא,184977.18534493,669118.88285819,34.83840424,32.11453824,,,כשיר לשימוש,,,פתיחה אוטומטית בשעת חירום,,,,,,כן,592-349,13/03/2026 10:13:17,
10744,629,1.0,מקלט ציבורי,12.0,התבור,29, ,התבור 29 ,KALISCHER           ,100.0,1.0,"מקלט מוגן אב""כ",המקלט נמצא ברחוב קלישר 7 פינת רחוב התבור 29 מול בית 30.,לא,178255.6838023,663797.19730289,34.76741425,32.06632267,,,כשיר לשימוש,,,פתיחה אוטומטית בשעת חירום,,,,,,כן,592-159,13/03/2026 10:13:17,
10745,306,1.0,מקלט ציבורי,597.0,הכנסת הגדולה,3, ,הכנסת הגדולה 3 ,HAKNESET HAGDOLA                                  ,100.0,1.0,"מקלט מוגן אב""כ",המקלט נמצא בין בניינים 1 ו-3 בגינה. גישה נוספת מרחוב בבלי 42 ו-44.,לא,181110.57485544,667213.96215374,34.79751119,32.09723504,,,כשיר לשימוש,,,פתיחה אוטומטית בשעת חירום,,,,,,כן,592-200,13/03/2026 10:13:17,
10746,96,4.0,חניון מחסה לציבור,803.0,ולנברג ראול,20,,ולנברג ראול 20,,30190.0,,,,,184847.78416122,668565.35007233,34.83705314,32.10954262,קבוצת רכישה,CU,כשיר לשימוש,,,24 שעות,,058-5507000 / 03-5177747,,,,כן,592-129,13/03/2026 10:13:17,
10747,1026,2.0,מקלט ציבורי נגיש,3004.0,יפת,44, ,יפת 44 ,YEFET               ,50.0,0.0,ללא מערכת סינון,"המקלט נמצא בשטח ביה""ס ""מוזות"". הכניסה מהשער הראשי הנמצא מול בי""ס ""טרה סנטה"" ברחוב יפת 49. נכנסים בשער והולכים ישר עד למבנה המקלט.",כן,176768.4866909,661921.17263947,34.75174815,32.04934979,,,כשיר לשימוש,,,נפתח אוטומטית בשעת חירום,,,,,,כן,592-234,13/03/2026 10:13:17,
10748,832,1.0,מקלט ציבורי,637.0,שדרות יד לבנים,21, ,שדרות יד לבנים 21 ,YAD LABANIM         ,120.0,,,"המקלט נמצא בשדרה מול בתים מספר 21-23, מזרחית למעגל התנועה הסמוך.",לא,180828.04845433,663145.8033781,34.79468193,32.06053954,,,כשיר לשימוש,,,פתיחה אוטומטית בשעת חירום,,,,,,כן,592-313,13/03/2026 10:13:17,
10749,709,1.0,מקלט ציבורי,35.0,לוינסקי,95, ,לוינסקי 95 ,ELHANAN EIB LEVINSKY,100.0,0.0,ללא מערכת סינון,המקלט נמצא בגינת לוינסקי קרוב לכניסה הדרומית מרחוב לוינסקי מול בניין 95 - משטרת ישראל משמאל ומול אשכול גני הילדים החדש מימין. גישה נוספת משד' הר ציון 13 ומהגדוד העברי מול 35.,לא,179224.02417707,662793.22387753,34.77771106,32.05730399,,,כשיר לשימוש,,,פתיחה אוטומטית בשעת חירום,,,,,,כן,592-145,13/03/2026 10:13:17,
10750,830,2.0,מקלט ציבורי במוסדות חינוך,4080.0,לובטקין צביה,35, ,לובטקין צביה 35 ,LUBETKIN            ,80.0,0.0,ללא מערכת סינון,"המקלט נמצא בשטח ביה""ס ""בעל שם טוב"", כניסה מהשער הראשי ואז ימינה בצמוד לאולם ספורט.",כן,181914.21999639,661793.39545806,34.80623668,32.0483804,,"בית ספר בעש""ט",כשיר לשימוש,,,פתיחה אוטומטית בשעת חירום,,,,,,כן,592-282,13/03/2026 10:13:17,
10751,53,4.0,חניון מחסה לציבור,6.0,יהודה הלוי,23, ,יהודה הלוי 23 ,YEHUDA HALEVI       ,17730.0,0.0,ללא מערכת סינון,חניון למנויים בלבד השער סגור! קבל שילוט הכוונה (מהלובי מאפשרים לעבור לחדר מדרגות למרתף), ,178482.95512496,663236.40650673,34.76984498,32.06127385,בנק דיסקונט נכסי אריאל,מגדל דיסקונט,כשיר לשימוש,,,פתוח 24 שעות,\\nas01\gis_users\herum\gdb\תיקי חניון ממוחשבים\מגדל דיסקונט,03-5163885,בוריס,discountmng@arielgroup.co.il,052-9402703,כן,592-215,13/03/2026 10:13:17,
10752,531,1.0,מקלט ציבורי,730.0,השלום,101, ,השלום 101 ,HASHALM             ,120.0,1.0,"מקלט מוגן אב""כ","המקלט נמצא בגינה (""רחבת מרטון ארנסט"") מימין לבניין מספר 101. קיים שביל מדרך השלום פינת מרטון ארנסט המוביל למקלט. ניתן להגיע גם דרך רחוב עמישב 32",לא,181766.64978688,663249.66452555,34.80461708,32.06150789,,,כשיר לשימוש,,,פתיחה אוטומטית בשעת חירום,,,,,,כן,592-45,13/03/2026 10:13:17,
10753,30,4.0,חניון מחסה לציבור,796.0,נירים,1, ,נירים 1 ,NIRIM                                             ,8400.0,0.0,ללא מערכת סינון,, ,180366.46779902,663299.44859623,34.78978782,32.06190919,מיקדן,בית קנדה,כשיר לשימוש,,,"א'-ה' מ 07:30 עד 17:00 
טלפון של השומר: 052-9595807
",\\nas01\gis_users\herum\gdb\תיקי חניון ממוחשבים\בית קנדה,03-6881713,צביקה אברהם,,0522727479,כן,592-232,13/03/2026 10:13:17,
10754,89,4.0,חניון מחסה לציבור,16.0,בלפור,8, ,בלפור 8 ,BALFOUR             ,26800.0,0.0,ללא מערכת סינון,"הכניסה רגלית מרחוב בלפור 8 או מרחוב מזא""ה 3 ", ,178644.14935381,663957.50453048,34.77152131,32.06778241,"אוניל בנייה בע""מ",רובע לב העיר,כשיר לשימוש,,,פתוח 24 שעות,\\nas01\gis_users\herum\gdb\תיקי חניון ממוחשבים\רובע לב העיר,03-5252979,מאיה צרפתי/משה,maya@onealinc.co.il,"לא נותנת נייד פרטי,מאוייש 24/7",כן,592-93,13/03/2026 10:13:17,
10755,308,1.0,מקלט ציבורי,214.0,יחזקאל,16, ,יחזקאל 16 ,YECHEZKE'EL         ,120.0,1.0,"מקלט מוגן אב""כ","נמצא מול בניינים 16,14 בתוך גן (גינה) גימפל (לשעבר גן הנביאים). למקלט 2 כניסות נפרדות. גישה נוספת מרחוב מלאכי 8,10.",לא,179156.24408084,666741.95348362,34.77682759,32.09291036,,,כשיר לשימוש,,,פתיחה אוטומטית בשעת חירום,,,,,,כן,592-61,13/03/2026 10:13:17,
10756,813,1.0,מקלט ציבורי,4001.0,"אצ""ל",22, ,"אצ""ל 22 ",ETSEL               ,180.0,1.0,מערכת סינון,"מדובר במקלט עם 4 כניסות החולש על 2 צידי הרחוב, 2 כניסות ויציאות בכל צד. הכניסות נמצאות ב- מול 22, מול 26, מול 29, מול 25. כל ארבע הכניסות מתוכננות להיות במפלס המדרכה ולהיפתח אוטומטית כלפי מעלה.",לא,180448.24591512,662219.5640631,34.79069765,32.05217381,,,כשיר לשימוש,,,ייפתח בשעת אזעקה,,,,,,כן,592-372,13/03/2026 10:13:17,
10757,301,1.0,מקלט ציבורי,240.0,שדרות מוצקין,29, ,שדרות מוצקין 29 ,MOTZKIN             ,90.0,1.0,"מקלט מוגן אב""כ",המקלט נמצא בגן מרקביץ מול בניין 29. גישה 1 דרך רחוב טהון יהושע 7 בין בניינים 5 ו-7 יש שביל עד למקלט. גישה 2 משדרות נורדאו 22 בין בניינים 22 ו-24 יש שביל עד למקלט גישה 3 משדרות מוצקין מול בניין 29.,לא,178935.892768,666600.94728343,34.77449934,32.0916309,,,כשיר לשימוש,,,פתיחה אוטומטית בשעת חירום,,,,,,כן,592-280,13/03/2026 10:13:17,
10758,916,1.0,מקלט ציבורי,3528.0,טורי זהב,15, ,טורי זהב 15 ,,60.0,0.0,ללא מערכת סינון,המקלט נמצא בתוך מתחם סגור עירוני - המחלקה לנוער וצעירים. למקלט 2 כניסות - 1. מימין לבית מספר 15 קיים שביל בטון המוביל עד לשער פישפש הנפתח בחירום ואז ימינה ושמאלה לכניסה. 2. מרחוב התיבונים 26 ניתן להיכנס דרך מגרש הכדורסל ישר עד למקלט.,לא,179395.85842102,662180.56600773,34.77955615,32.05178526,,,כשיר לשימוש,,,פתיחה אוטומטית בשעת חירום,,,,,,כן,592-37,13/03/2026 10:13:17,
10759,505,1.0,מקלט ציבורי,757.0,דפנה,32, ,דפנה 32 ,DAFANA              ,100.0,1.0,"סינון חלקי - מקלט לא מוגן אב""כ","הכניסה למקלט מול בניין מספר 32 בשדרה. ניתן להגיע גם דרך רחוב הנרייטה סולד פינת הרחובות הרימון,הגפן,הזית.",לא,180623.46516388,665353.25351205,34.79242624,32.08043888,,,כשיר לשימוש,,,פתיחה אוטומטית בשעת חירום,,,,,,כן,592-32,13/03/2026 10:13:17,
10760,410,1.0,מקלט ציבורי,291.0,אדוארד ברנשטיין,7, ,אדוארד ברנשטיין 7 ,,100.0,1.0,"מקלט מוגן אב""כ","המקלט נמצא במתחם מגודר בסמוך לחניון בי""ס להשכלת מבוגרים מול בניין מספר 8. ניתן להגיע למקלט גם מרחוב לסל 9 בסמוך למרכז גורן גולדשטיין. לפני המקלט קיים שער הנפתח ידנית בשעת חירום.",לא,178636.27234263,665967.24738375,34.77135243,32.08590554,,,כשיר לשימוש,,,פתיחה אוטומטית בשעת חירום,,,,,,כן,592-252,13/03/2026 10:13:17,
10761,105,2.0,מקלט ציבורי במוסדות חינוך,903.0,"ק""ם",65, ,"ק""ם 65 ",KAM                 ,100.0,0.0,ללא מערכת סינון,"1. כניסה דרך השער הראשי של בי""ס רמת החייל ברחוב ק""ם 65 המקלט בצמוד לאולם ספורט. 2. קיים שער לוגיסטי נוסף לבית ספר ברחוב זגלמביה שגם דרכו ניתן להגיע למקלט - פתיחה אוטומטית בשעת חירום.",כן,184892.41322458,669228.92701442,34.83750205,32.115528,,בית ספר רמת החייל,כשיר לשימוש,,,פתיחה אוטומטית בשעת חירום,,,,,,כן,592-382,13/03/2026 10:13:17,
10762,71,4.0,חניון מחסה לציבור,27.0,הירקון,205, ,הירקון 205 ,HAYARKON            ,3960.0,0.0,ללא מערכת סינון,כניסה ויציאה מרח' הירקון, ,178531.88219442,666284.14583366,34.77023319,32.08875946,הילטון,מלון הילטון,כשיר לשימוש,,,פתוח 24 שעות,\\nas01\gis_users\herum\gdb\תיקי חניון ממוחשבים\מלון הילטון,03-5202240,"רחלי קב""טית",,052-8580101,כן,592-149,13/03/2026 10:13:17,
10763,406,2.0,מקלט ציבורי במוסדות חינוך,95.0,מנדלי מוכר ספרים,19, ,מנדלי מוכר ספרים 19 ,MENDELI MOKHER SFARI,90.0,0.0,ללא מערכת סינון,"המקלט נמצא בתוך שטח בי""ס ""תל נורדאו"". כניסה מהשער הראשי ושמאלה למקלט.",כן,178574.6202551,665184.99227317,34.77073272,32.07884911,,בית ספר תל נורדאו,כשיר לשימוש,,,פתיחה אוטומטית בשעת חירום,,,,,,כן,592-237,13/03/2026 10:13:17,
10764,59,4.0,חניון מחסה לציבור,664.0,ארניה אוסוולדו,23, ,ארניה אוסוולדו 23 ,HA'ARBA'AH          ,12600.0,0.0,ללא מערכת סינון,מ-23:00 דרך הלובי בבניין, ,179983.61625548,664221.68890555,34.78569569,32.07021244,מיקדן,מגדל פלטינום,כשיר לשימוש,,,א'-ה' מ 07:00 עד 23:00 ו' מ 07:00 עד 11:00,\\nas01\gis_users\herum\gdb\תיקי חניון ממוחשבים\מגדל הפלטיניום,03-6236110,אלי אברהם,eli.avraham@mekdan.com,052-3581500 / 052-5525160,כן,592-287,13/03/2026 10:13:17,
10765,28,4.0,חניון מחסה לציבור,799.0,תובל,5, ,תובל 5 ,TUVAL               ,7000.0,0.0,ללא מערכת סינון,כניסה הרגלית דרך הלובי הבניין כתובת תובל 5  וכניסה נוספת א'-ה' 07:30 עד 19:30 כניסה דרך אומנים 2, ,180794.02940603,664184.56185284,34.79427987,32.06990571,"בית צרפת (דלדר) בע""מ","בית צרפת (דלדר) בע""מ",כשיר לשימוש,,,"א-ה 5:00-23:00
ו 5:00-15:00",\\nas01\gis_users\herum\gdb\תיקי חניון ממוחשבים\בית צרפת,03-5611598,יעיש איפרגן/ אבייתר גולן מנהל הבית 054-8145033,tzarfatmng@arielgroup.co.il,054-8145126,כן,592-26,13/03/2026 10:13:17,
10766,1007,1.0,מקלט ציבורי,3242.0,עזה,8, ,עזה 8 ,AZA                 ,440.0,0.0,ללא מערכת סינון,המקלט נמצא בבניין המשותף מספר 8 ויש להיכנס דרך דלת הכניסה הראשית ואז מיד מימין לפני המדרגות נמצאת דלת הכניסה למקלט התת קרקעי.,לא,177432.12963308,661847.82753534,34.75877804,32.04871328,,,כשיר לשימוש,,,פתיחה אוטומטית בשעת חירום,,,,,,כן,592-95,13/03/2026 10:13:17,
10767,402,1.0,מקלט ציבורי,88.0,פינסקר,16, ,פינסקר 16 ,PINSKER             ,140.0,0.0,ללא מערכת סינון,"המקלט נמצא בשטח בניין מספר 16. כניסה מדלת ראשית דרך הלובי ואז לדלת זכוכית שעל גביה שלט ""מקלט"". הדלת הראשית נפתחת בעזרת מפתח ודלת הזכוכית בעזרת מפתח, הדלתות יהיו פתוחות בשעת חירום בשיתוף ועד הבניין. מקלט זה + מקלט 405 הם בעצם מקלט אחד ומפריד ביניהם מסדרון.", ,178438.99206254,664626.22747988,34.76932009,32.07380536,,,כשיר לשימוש,,,נפתח ידנית בחירום,,,,,,כן,592-182,13/03/2026 10:13:17,
10768,65,4.0,חניון מחסה לציבור,803.0,ולנברג,24, ,ולנברג 24 ,VALENBERG           ,51350.0,0.0,ללא מערכת סינון,, ,185010.05039159,668735.63931409,34.83876625,32.11108323,שותפות ניהול מגדלי זיו,מגדלי זיו,כשיר לשימוש,,,פתוח 24 שעות,\\nas01\gis_users\herum\gdb\תיקי חניון ממוחשבים\מגדלי זיו,077-2492346,דוד פריג' /אלכס אחראי על החניונים,david_f@rb4u.co.il,"052-6060087 , אלכס 052-6060012",כן,592-65,13/03/2026 10:13:17,
10769,528,1.0,מקלט ציבורי,712.0,חפץ חיים,20, ,חפץ חיים 20 ,HAPHETZ HAYIM       ,200.0,1.0,מערכת סינון,"המקלט נמצא בשטח הבית המשותף מספר 20. הכניסה למקלט היא משמאל לבניין, דרך רחוב ילקוט הרועים 7 ואז ימינה וימינה לדלת הכניסה. גישה נוספת בין בניינים 18 ו-20 ואז שמאלה למקלט.",לא,181231.17702666,664702.63558836,34.79888885,32.07459251,,,כשיר לשימוש,,,פתיחה אוטומטית בשעת חירום,,,,,,כן,592-310,13/03/2026 10:13:17,
10770,1019,1.0,מקלט ציבורי,3757.0,אשדוד,7, ,אשדוד 7 ,ASHDOD              ,60.0,0.0,ללא מערכת סינון,המקלט נמצא מול בית מספר 14 בצמוד לחורשה ולגן הציבורי.,לא,177536.52078129,660930.83023346,34.75992331,32.04044786,,,כשיר לשימוש,,,פתיחה אוטומטית בשעת חירום,,,,,,כן,592-338,13/03/2026 10:13:17,
10771,811,1.0,מקלט ציבורי,4001.0,"אצ""ל",76, ,"אצ""ל 76 ",ETSEL               ,180.0,1.0,מערכת סינון,"מדובר במקלט עם 4 כניסות החולש על 2 צידי הרחוב, 2 כניסות ויציאות בכל צד. הכניסות נמצאות ב- מול 76, מול 78, מול 91, מול 95. כל ארבע הכניסות מתוכננות להיות במפלס המדרכה ולהיפתח אוטומטית כלפי מעלה.",לא,180632.55317678,661713.65534485,34.79266961,32.04761796,,,כשיר לשימוש,,,ייפתח בשעת אזעקה,,,,,,כן,592-153,13/03/2026 10:13:17,
10772,20103,4.0,חניון מחסה לציבור,902.0,הברזל,20,,הברזל 20,,14138.0,,,"ד""ר יעל שבירו אשת הקשר אומרת שפתוח 24 שעות להולכי רגל ואם צריך כניסת רכבים בחירום ניתן ליצור איתה קשר",,184952.67031013,668362.73778467,34.83817172,32.10771872,אסותא מרכזים רפואיים,אסותא רמת החייל,כשיר לשימוש,פתוח 24 שעות להולכי רגל,פתוח 24 שעות להולכי רגל,פתוח 24 שעות,,052-8302011 / 03-7644103,,,,כן,592-28,13/03/2026 10:13:17,
10773,207,1.0,מקלט ציבורי,2013.0,קרני יהודה,9, ,קרני יהודה 9 ,KARNI Y             ,100.0,1.0,"מקלט מוגן אב""כ","גישה רגלית למקלט - כניסה בין בניינים 7 ו-9, המקלט נמצא בגינה הפתוחה. גישה רגלית נוספת דרך רחוב מרדכי נמיר 170,לפני תחנת הדלק,מול גשר הולכי הרגל קיים שביל, שמאלה לגינה ולמקלט. גישה רכובה - מיד אחרי תחנת הדלק ימינה לשביל עפר ואז ימינה עם השביל עד לגינה.",לא,180653.72220684,668024.31530421,34.79263866,32.10452697,,,כשיר לשימוש,,,פתיחה אוטומטית בשעת חירום,,,,,,כן,592-186,13/03/2026 10:13:17,
10774,64,4.0,חניון מחסה לציבור,902.0,הברזל,27, ,הברזל 27 ,HA-BARZEL           ,29400.0,0.0,ללא מערכת סינון,יש כניסה גם דרך הנחושת 6, ,185094.16051101,668543.46304125,34.83966431,32.1093528,שותפות ניהול מגדלי אור,מגדלי אור,כשיר לשימוש,פתוח 24 שעות,פתוח 24 שעות,פתוח 24 שעות,\\nas01\gis_users\herum\gdb\תיקי חניון ממוחשבים\מגדלי אור,03-7666418,עקיבא,mailto:david_f@rb4u.co.il,054-7681458,כן,592-115,13/03/2026 10:13:17,
10775,819,1.0,מקלט ציבורי,4071.0,בועז,24, ,בועז 24 ,BO'AZ               ,75.0,1.0,מערכת סינון,"בצמוד לגינת המשחקים, מול בית 29.",לא,180788.29539789,661880.82758219,34.79431187,32.04913084,,,כשיר לשימוש,,,פתיחה אוטומטית בשעת חירום,,,,,,כן,592-368,13/03/2026 10:13:17,
10776,810,2.0,מקלט ציבורי במוסדות חינוך,3843.0,"לח""י",66, ,"לח""י 66 ",LEHI                ,75.0,0.0,ללא מערכת סינון,"בחירום - מימין לתחנת האוטובוס ברחוב לח""י 66 קיים שער הנפתח בחירום. השער מוביל לרחבה בתוך ביה""ס מפתן אלון, ברחבה זו קיימים 2 מקלטים, מימין, מקלט 809 ומשמאל מקלט 810. אם השער לא פתוח יש להמשיך ישר ואחרי תחנת האוטובוס ימינה לחנייה. בהמשך נמצא שער עמדת השומר.",כן,180935.69360716,661612.19520081,34.79588329,32.04671339,,בית ספר יחד,כשיר לשימוש,,,פתיחה אוטומטית בשעת חירום,,,,,,כן,592-199,13/03/2026 10:13:17,
10777,537,1.0,מקלט ציבורי,71.0,"ביל""ו",54, ,"ביל""ו 54 ",,92.0,1.0,"מקלט מוגן אב""כ","המקלט נמצא בין בניינים מספר 54 ו-52 בצמוד לימינו של בניין 54 בפינת הרחובות מרמורק 20 וביל""ו 54, מול החניון. שטח המקלט מתחת לבית כנסת. למקלט 2 דלתות, דלת חיצונית בפתיחה ידנית וראשית בפתיחה אוטומטית בחירום.",לא,179465.04951926,664292.25800574,34.78020087,32.07083055,,,כשיר לשימוש,,,פתיחה אוטומטית בשעת חירום,,,,,,כן,592-239,13/03/2026 10:13:17,
10778,622,1.0,מקלט ציבורי,163.0,רוקח שמעון,19, ,רוקח שמעון 19 ,ROKACH              ,75.0,1.0,"מקלט מוגן אב""כ",המקלט נמצא בשטח מוזיאון נחום גוטמן. הכניסה למקלט דרך לובי המוזיאון ולרדת לקומה מינוס 1. גישה נוספת דרך רחוב מנחם שטין 18.,לא,178084.83555974,663146.58337921,34.76563298,32.06044932,,,כשיר לשימוש,,,פתיחה ידנית בשעת חירום,,,,,,כן,592-375,13/03/2026 10:13:17,
10779,12,4.0,חניון מחסה לציבור,11.0,אחד העם,14,,אחד העם 14,AHAD HA'AM          ,13350.0,,,,,178352.55693983,663434.84078845,34.76845565,32.06305855,נכסי אריאל,בית אפריקה ישראל,כשיר לשימוש,,,,,03-5107351,תומר מנהל החניון,,0524488820,כן,592-2,13/03/2026 10:13:17,
10780,816,2.0,מקלט ציבורי במוסדות חינוך,637.0,שדרות יד לבנים,18, ,שדרות יד לבנים 18 ,YAD LABANIM         ,100.0,0.0,ללא מערכת סינון,"המקלט נמצא בתוך שטח ביה""ס ""גיבורי ישראל"", הכניסה מהשער הראשי ישר ואז שמאלה.",כן,180997.29969462,663090.68929985,34.7964764,32.06004831,,בית ספר גיבורי ישראל,כשיר לשימוש,,,פתיחה אוטומטית בשעת חירום,,,,,,כן,592-29,13/03/2026 10:13:17,
10781,450,1.0,מקלט ציבורי,334.0,השופטים,37,,השופטים 37,HASHOFTIM,100.0,1.0,"מקלט מוגן אב""כ",גישה למקלט דרך השביל בין בניינים 37 ו-39. המקלט במרכז הגינה. גישה נוספת דרך השביל בין הבניינים 2 ו-4 ברחוב דוליצקי.,לא,179644.58377414,664909.88288259,34.78207663,32.07640652,,,כשיר לשימוש,,,פתיחה אוטומטית בשעת חירום,,,,,,כן,592-121,13/03/2026 10:13:17,
10782,527,2.0,מקלט ציבורי במוסדות חינוך,730.0,השלום,119, ,השלום 119 ,HASHALM             ,100.0,0.0,ללא מערכת סינון,"המקלט נמצא בשטח ביה""ס. כניסה מהשער הראשי ברחוב עמישב 50, ממשיכים ישר עד למגרש הכדורסל שבשטחו המקלט. גישה נוספת משער החירום הממוקם ברחוב דרך השלום 119 וייתכן כי יהיה פתוח בחירום.",כן,182005.61512614,663027.09220956,34.80715629,32.05950873,,בית ספר שושנה דמארי,כשיר לשימוש,,,פתיחה אוטומטית בשעת חירום,,,,,,כן,592-307,13/03/2026 10:13:17,
10783,918,8.0,מקלט ציבורי נגיש,3649.0,אופטושו יוסף,2, ,אופטושו יוסף 2 ,OPATOSHU            ,120.0,1.0,מערכת סינון,המקלט נמצא בכניסה הצפונית לפארק אופטושו מאחורי הבית ברחוב רינגלבלום 26. המקלט נמצא בתוך מתחם סגור של גוף עירוני (מרכז אכפת) ובשעת חירום שער הכניסה למתחם יהיה פתוח. בנוסף ניתן להגיע למקלט גם מהמרכז המסחרי הסמוך ברחוב שדרות גורי ישראל 34.,לא,179478.0435377,660996.32032644,34.7804756,32.04110885,,,כשיר לשימוש,,,פתיחה אוטומטית בשעת חירום,,,,,,כן,592-211,13/03/2026 10:13:17,
10784,19,4.0,חניון מחסה לציבור,496.0,אבן גבירול,14, ,אבן גבירול 14 ,IBN GVIROL                                        ,4200.0,0.0,ללא מערכת סינון,ניתן להכנס גם מאבן גבירול 14, ,179579.90068231,664459.64024338,34.78141026,32.07234404,יכין חקל,בית יכין,כשיר לשימוש,,,24 שעות,\\nas01\gis_users\herum\gdb\תיקי חניון ממוחשבים\בית יכין,054-4673214,מאהר-מנהל אחזקה,,050-6767686-שרית מרון נציגות הבנין,כן,592-117,13/03/2026 10:13:17,
10785,800,1.0,מקלט ציבורי,646.0,סר ג'ון מונש,22, ,סר ג'ון מונש 22 ,MONASH              ,150.0,0.0,ללא מערכת סינון,"שטח המקלט מתחת לבניין המשותף מונש 22,24,26. למקלט 2 כניסות עצמאיות משטח הבניין. מימין למבנה נמצא בית השוטר וניתן להגיע למקלט גם דרך שדרות החי""ל 13.", ,180676.31623891,662727.6207844,34.79309205,32.05676324,,,כשיר לשימוש,,,פתיחה אוטומטית בשעת חירום,,,,,,כן,592-408,13/03/2026 10:13:17,
10786,546,2.0,מקלט ציבורי במוסדות חינוך,67.0,"ביל""ו",17, ,"ביל""ו 17 ",BILU                ,100.0,1.0,"מקלט מוגן אב""כ","המקלט נמצא בשטח ""הישיבה לאומנויות ולמדעים בר אילן"" ובחירום הכניסה הראשית תהיה מביל""ו 17 דרך שער הפישפש שייפתח בחירום ודרך שער החנייה הצהוב. גישה נוספת מרחוב שדרות רוטשילד 124 דרך השער הראשי לישיבה.",לא,179358.65936821,664105.83674107,34.77908192,32.06914567,,הישיבה לאומנויות ולמדעים בר אילן,כשיר לשימוש,,,פתיחה אוטומטית בשעת חירום,,,,,,כן,592-317,13/03/2026 10:13:17,
10787,525,1.0,מקלט ציבורי,1065.0,אשרמן יוסף,9, ,אשרמן יוסף 9 ,ASHERMAN            ,100.0,1.0,"מקלט מוגן אב""כ",המקלט נמצא בגינה הציבורית בין בתים מספר 9 ו-7.,לא,182022.56415021,662778.24485627,34.80734547,32.05726523,,,כשיר לשימוש,,,פתיחה אוטומטית בשעת חירום,,,,,,כן,592-164,13/03/2026 10:13:17,
10788,419,1.0,מקלט ציבורי,279.0,"אד""ם הכהן",7, ,"אד""ם הכהן 7 ",ADAM HAKOHEN        ,200.0,1.0,"מקלט מוגן אב""כ","למקלט 2 כניסות נפרדות מרחובות שונים. - כניסה 1 - רחוב אד""ם הכהן 7 מול בניין מספר 22 הכניסה בחניית הבניין המשותף. כניסה 2 - מרחוב איציק מאנגר 2 בסמוך לכניסה לבניין. שטח המקלט נמצא בבניין המשותף אך הכניסות נפרדות.",לא,179148.99607055,665884.84226676,34.77678682,32.08518088,,,כשיר לשימוש,,,פתיחה אוטומטית בשעת חירום,,,,,,כן,592-297,13/03/2026 10:13:17,
10789,20,4.0,חניון מחסה לציבור,690.0,בית עובד,3, ,בית עובד 3 ,BEYT OVED           ,11100.0,0.0,ללא מערכת סינון,"כתובת החניון: בית עובד 1 , יש שומר שבשעת אזעקה פותח את השער לציבור ,מטעמי בטחון לא מוכן לפתוח 24 שעות.", ,180038.63433359,663559.18696499,34.78630555,32.06424005,נצבא- נתם נכסי תחבורה,בית סוויץ' אפ,כשיר לשימוש,,,"א'-ה' מ 06:30 עד 23:00
ו' מ 06:30 עד 16:00",\\nas01\gis_users\herum\gdb\תיקי חניון ממוחשבים\בית ישראכרט,03-6895845,,alex.h@equital-group.com,,כן,592-137,13/03/2026 10:13:17,
10790,36,4.0,חניון מחסה לציבור,1300.0,בקר אהרון,8, ,בקר אהרון 8 ,BEKER AHARON        ,6900.0,0.0,ללא מערכת סינון,מטעמי בטחון לא מוכן לפתוח 24 שעות., ,182848.95032344,670009.55012268,34.81582013,32.12250287,גזית גלוב,ג'י תל ברוך,כשיר לשימוש,,,"א'-ה' מ 07:00 עד 23:00
ו' מ 7:00 עד 17:00",\\nas01\gis_users\herum\gdb\תיקי חניון ממוחשבים\ג'י תל ברוך,03-6444151,אייל שקל,,052-6177962,כן,592-41,13/03/2026 10:13:17,
10791,715,3.0,מקלט בשטח חניון,45.0,סמטת הגינה,3, ,סמטת הגינה 3 ,LEVONTIN            ,130.0,1.0,מערכת סינון,המקלט נמצא בשטח חניון גן החשמל בסמוך לגינת השרון אך יש לו 2 כניסות עיקריות שאינן תלויות בכניסה לחניון עצמו: 1 - כניסה מרחוב לבונטין 10 בכניסה לחניון משמאל קיים שביל עם שער המוביל לכניסה. 2 - מרחוב החשמל 1 מימין לרמפת יציאה קיים שער כניסה המוביל למקלט.,לא,178902.42172048,663215.0444764,34.77428781,32.06109637,,גן החשמל,כשיר לשימוש,,,פתיחה אוטומטית בשעת חירום,,,,,,כן,592-152,13/03/2026 10:13:17,
10792,815,1.0,מקלט ציבורי,4017.0,התקוה,70, ,התקוה 70 ,HATIKVA             ,800.0,1.0,מערכת סינון,"למקלט 3 כניסות - 1 -  התקוה 70 - נכנסים לתוך השביל המוביל למעון ויצ""ו ולפני הכניסה,משמאל, דלת הכניסה למקלט. 2 -  סמטת כביר 7 - בשטח בין הבית הפרטי למעון. 3 - סמטת כביר מול בית 6.",לא,180287.6396871,661985.63873099,34.78900661,32.05005874,,,כשיר לשימוש,,,פתיחה אוטומטית בשעת חירום,,,,,,כן,592-139,13/03/2026 10:13:17,
10793,432,1.0,מקלט ציבורי,506.0,פרוג,17, ,פרוג 17 ,FRUG,150.0,1.0,"מקלט מוגן אב""כ","המקלט נמצא בתוך רחבת הכניסה מול המרכז הקהילתי ע""ש אריק איינשטיין. הדרך הקצרה למקלט מרחוב פרוג בין בניינים מספר 15 ו-17. גישה נוספת מרחוב דב הוז 16,במדרגות לתוך הרחבה ולמקלט.",לא,178694.99042599,665325.6724729,34.77200164,32.08012209,,,כשיר לשימוש,,,פתיחה אוטומטית בשעת חירום,,,,,,כן,592-188,13/03/2026 10:13:17,
10794,404,1.0,מקלט ציבורי,363.0,שניאור זלמן,4, ,שניאור זלמן 4 ,SCHNEUR ZALMAN,180.0,0.0,ללא מערכת סינון,"המקלט נמצא בשטח הבית המשותף מספר 4. כניסה מדלת ראשית דרך הלובי אז לדלת שעל גביה שלט ""מקלט"". הדלתות נפתחות בעזרת מפתח/קוד, הדלתות יהיו פתוחות בשעת חירום בשיתוף ועד הבניין.", ,178479.47512002,664624.92047803,34.76974889,32.07379505,,,כשיר לשימוש,,,נפתח ידנית בחירום,,,,,,כן,592-268,13/03/2026 10:13:17,
10795,111,1.0,מקלט ציבורי נגיש,909.0,הטית זין,8, ,הטית זין 8 ,HA-TET-ZAYIN        ,75.0,1.0,"מקלט מוגן אב""כ","להיכנס לשביל הקיים המוביל לכניסה המערבית ל""גן סעדיה שושני"" ומימין מתחת לבית הכנסת ""הבנים"" הכניסה למקלט - פתיחה אוטומטית בשעת חירום.",לא,184566.75476224,669213.73999286,34.834052,32.115381,,,כשיר לשימוש,,,פתיחה אוטומטית בשעת חירום,,,,,,כן,592-362,13/03/2026 10:13:17,
10796,60,4.0,חניון מחסה לציבור,96.0,פרישמן,54, ,פרישמן 54 ,FRISHMAN            ,5400.0,0.0,ללא מערכת סינון,, ,178884.42569494,665224.28632896,34.77401235,32.07921464,נתן ניהול ושיווק נכסים,מגדל פרישמן,כשיר לשימוש,,,פתוח 24 שעות,\\nas01\gis_users\herum\gdb\תיקי חניון ממוחשבים\מגדל פרישמן,03-5620222,שלומי,,054-9100505,כן,592-328,13/03/2026 10:13:17,
10797,98,4.0,חניון מחסה לציבור,730.0,השלום,5,,השלום 5,,23794.0,,,ניתן להיכנס גם דרך השומר בלובי,,180863.29250437,664422.83519112,34.79500383,32.07205679,אמות + גב ים,"תוה""א",כשיר לשימוש,,,24/7,,050-7308970,רונן זיתן,,0548145073,כן,592-36,13/03/2026 10:13:17,
10798,26,4.0,חניון מחסה לציבור,690.0,בית עובד,15, ,בית עובד 15 ,BEYT OVED           ,6400.0,0.0,ללא מערכת סינון,ניתן להכנס מהשומר, ,180123.44545399,663505.60588892,34.78720588,32.06375983,חניוני ממן,בית עובד,כשיר לשימוש,,,א'-ה' מ 06:00 עד 24:00,\\nas01\gis_users\herum\gdb\תיקי חניון ממוחשבים\בית עובד,03-5374098,מאיר בינר,mailto:MEYER.MMN1@'WALLA.COM,052-3566014,כן,592-335,13/03/2026 10:13:17,
10799,45,4.0,חניון מחסה לציבור,664.0,הארבעה,21, ,הארבעה 21 ,HA'ARBA'AH          ,11500.0,0.0,ללא מערכת סינון,"קיבל את השילוט, ידאג לשים בכניסה לחניון", ,180061.01936537,664218.35790082,34.78651556,32.07018511,"מיקדן חניון התיכון בע""מ",מגדל המילניום,כשיר לשימוש,,,"א'-ה' 06:00 עד 20:00 
ו' מ 06:00 עד 13:00",\\nas01\gis_users\herum\gdb\תיקי חניון ממוחשבים\התיכון,03-6083555,אלי אברהם,yossii@mekdan.com,052-3581500,כן,592-72,13/03/2026 10:13:17,
10800,34,4.0,חניון מחסה לציבור,6.0,יהודה הלוי,34, ,יהודה הלוי 34 ,YEHUDA HALEVI       ,3200.0,0.0,ללא מערכת סינון,לא קיבלו שילוט!, ,178559.06623302,663220.91748474,34.77065162,32.06113694,בנק לאומי,בנק לאומי,כשיר לשימוש,,,"א'-ה' מ 06:00 עד 21:45 
ו' 06:00 עד 14:00",\\nas01\gis_users\herum\gdb\תיקי חניון ממוחשבים\בנק לאומי,03-5149997,ערן אחלון,ZOHAR.KUPERBERG@BANKLEUMI.CO.IL,052-3469158,כן,592-373,13/03/2026 10:13:17,
10801,136,1.0,מקלט ציבורי,920.0,עולי הגרדום,30, ,עולי הגרדום 30 ,OLEY HAGARDOM       ,100.0,1.0,"מקלט מוגן אב""כ",גישה למקלט בשביל בין בניינים 28 ו-30. המקלט מאחורי בניין מס' 30 בגינה.,לא,184688.38093491,668769.02036148,34.83535686,32.11137437,,,כשיר לשימוש,,,פתיחה אוטומטית בשעת חירום,,,,,,כן,592-298,13/03/2026 10:13:17,
10802,212,2.0,מקלט ציבורי במוסדות חינוך,2116.0,בורלא יהודה,25, ,בורלא יהודה 25 ,BOURLA              ,100.0,0.0,ללא מערכת סינון,"המקלט נמצא בתוך שטח ביה""ס ""ארן"". כניסה משער ראשי ואז שמאלה ישר עד למקלט.",כן,180363.0077941,668330.58273902,34.78954621,32.10727876,,בית ספר ארן,כשיר לשימוש,,,פתיחה אוטומטית בשעת חירום,,,,,,כן,592-13,13/03/2026 10:13:17,
10803,407,1.0,מקלט ציבורי,245.0,מיכה,20, ,מיכה 20 ,MICHA               ,100.0,1.0,"מקלט מוגן אב""כ",המקלט נמצא בין בניינים 18 ו-22 בתוך הגינה. גישה נוספת למקלט מרחוב בן יהודה 248 ימינה לרחוב מיכה וישר עד למקלט.,לא,179028.5848996,666836.33961762,34.7754713,32.09375694,,,כשיר לשימוש,,,פתיחה אוטומטית בשעת חירום,,,,,,כן,592-222,13/03/2026 10:13:17,
10804,323,2.0,מקלט ציבורי במוסדות חינוך,25.0,בן יהודה,227, ,בן יהודה 227 ,BEN-YEHUDA          ,100.0,0.0,ללא מערכת סינון,"המקלט נמצא בשטח ביה""ס ""תיכון עירוני ה"" מימין לשער הכניסה הראשי. קיימת גישה נוספת מרחוב הירקון מימין לבניין מספר 296 קיים שער כניסה לרכבים שבשעות הפעילות ניתן יהיה להיכנס.",כן,178968.24981394,667005.42785768,34.77482502,32.09527957,,בית ספר עירוני ה,כשיר לשימוש,,,פתיחה אוטומטית בשעת חירום,,,,,,כן,592-141,13/03/2026 10:13:17,
10805,319,1.0,מקלט ציבורי נגיש,187.0,דיזנגוף,312, ,דיזנגוף 312 ,MEIR DIZENGOFF      ,50.0,0.0,ללא מערכת סינון,המקלט נמצא במתחם סגור המשמש את המשמר האזרחי. יש להיכנס בין בניינים מספר 312 ו-318. המקלט נמצא לאחר החנייה מול גן הילדים. גישה נוספת משביל ברחוב זכריה 5. המתחם פתוח בחירום והמקלט נפתח אוטומטית בשעת חירום.,לא,179087.01698256,666993.30084046,34.77608368,32.09517448,,,כשיר לשימוש,,,נפתח אוטומטית בשעת חירום,,,,,,כן,592-341,13/03/2026 10:13:17,
10806,314,1.0,מקלט ציבורי,688.0,אריסטובולוס,1, ,אריסטובולוס 1 ,ARISTOBOLUS,100.0,1.0,"מקלט מוגן אב""כ",המקלט נמצא בגינת אריסטובולוס מול בית מספר 1 ומול קופת חולים כללית.,לא,179950.69520874,666722.87045652,34.78524409,32.09276641,,,כשיר לשימוש,,,פתיחה אוטומטית בשעת חירום,,,,,,כן,592-201,13/03/2026 10:13:17,
10807,421,1.0,מקלט ציבורי,27.0,הירקון,140, ,הירקון 140 ,HAYARKON            ,100.0,1.0,"מקלט מוגן אב""כ","המקלט נמצא בכניסה המערבית ל""גן ערן"". בסמוך לבניין מספר 140 (שגרירות הודו) קיים שביל כניסה לגן ולמקלט. גישה נוספת דרך החניון הפתוח בין בניינים 140 ו-144. ניתן להגיע למקלט גם דרך רחוב ארנון 1 בסמוך למקלט 411 במידה והוא מלא,לחצות מערבה את הגן ולהגיע למקלט.",לא,178383.75198412,665609.42287574,34.76869298,32.08266959,,,כשיר לשימוש,,,פתיחה אוטומטית בשעת חירום,,,,,,כן,592-210,13/03/2026 10:13:17,
10808,121,2.0,מקלט ציבורי במוסדות חינוך,821.0,קהילת ורשה,12, ,קהילת ורשה 12 ,KEHILAT WARSHA      ,100.0,0.0,ללא מערכת סינון,"גישה מרכזית למקלט דרך השער הראשי של בי""ס דוד ילין ברחוב קהילת ורשה 30. כניסה נוספת דרך שער הנמצא ברחוב קהילת ורשה 12 פינת רחוב 976 (קהילת רסיסטנסיה).",כן,183165.13777234,668726.14430061,34.81921926,32.11093965,,בית ספר דוד ילין,כשיר לשימוש,,,פתיחה אוטומטית בשעת חירום,,,,,,כן,592-395,13/03/2026 10:13:17,
10809,415,1.0,מקלט ציבורי,78.0,המלך ג'ורג',33, ,המלך ג'ורג' 33 ,GAN MEIR,120.0,1.0,"מקלט מוגן אב""כ","המקלט נמצא בתוך ""גן מאיר"". כניסה ראשית מרחוב המלך ג'ורג' בשביל בין בניינים מספר 33 ו-35. גישות נוספות:רחוב סמטת גן מאיר 5,רחוב משעול יעקב 5 ודרך הכניסה המערבית לגן מרחוב טשרניחובסקי 35.",לא,178780.95454803,664477.70126902,34.77294807,32.07247837,,,כשיר לשימוש,,,פתיחה אוטומטית בשעת חירום,,,,,,כן,592-270,13/03/2026 10:13:17,
10810,85,4.0,חניון מחסה לציבור,798.0,הסוללים,5, ,הסוללים 5 ,HASSOLELIM          ,18900.0,0.0,ללא מערכת סינון,"הכנסיה והיציאה מרח' תובל, הכניסה אינה להולכי רגל אלה רק לרכבים והשער נפתח עם כרטיס עובד הוא חושב שאין צורך בשילוט כי אין אפשרות להיכנס רגלית לחניון", ,180891.38054424,664138.41678733,34.79531272,32.06949292,צ'ק פוינט,צ'ק פוינט,כשיר לשימוש,,,פתוח כל השבוע  24/7 ,\\nas01\gis_users\herum\gdb\תיקי חניון ממוחשבים\צ'ק פוינט,03-6115030,רועי חזות,royha@checkpoint.com,050-6666300,כן,592-31,13/03/2026 10:13:17,
10811,20102,4.0,חניון מחסה לציבור,644.0,יגאל אלון ,98,,יגאל אלון  98,,70000.0,,,,,180707.24028282,664159.50381727,34.79336175,32.06967676,קבוצת אמפא,חניון מגדל אלקטרה,כשיר לשימוש,,,,,050-5749494,,,,כן,592-392,13/03/2026 10:13:17,
10812,78,4.0,חניון מחסה לציבור,3184.0,טולוז ,8, ,טולוז  8 ,TOULOUSE           ,3900.0,0.0,ללא מערכת סינון,יש להיכנס דרך השומר, ,176351.45909884,660829.9230902,34.74738155,32.03949328,נאות התיכון,נאות התיכון מרכז גריאטרי,כשיר לשימוש,,,24 שעות ביממה,\\nas01\gis_users\herum\gdb\תיקי חניון ממוחשבים\נאות התיכון,03-5073450,מיכאל בריל,,050-8818907,כן,592-233,13/03/2026 10:13:17,
10813,68,4.0,חניון מחסה לציבור,712.0,נחלת יצחק ,20, ,נחלת יצחק  20 ,NAHALT YITZHAK   ,16660.0,0.0,ללא מערכת סינון,, ,181096.176835,664599.31244167,34.79746319,32.07365617,מגדלי תל אביב,מגדלי תל אביב,כשיר לשימוש,,,"א'-ה' מ 06:00 עד 23:30
ו'  מ 09:00 עד 16:00",\\nas01\gis_users\herum\gdb\תיקי חניון ממוחשבים\מגדלי תל אביב,03-9070080,אילמה,,0535238899,כן,592-12,13/03/2026 10:13:17,
10814,58,4.0,חניון מחסה לציבור,54.0,מנחם בגין,52, ,מנחם בגין 52 ,BEGIN  MENAHEM         ,21420.0,0.0,ללא מערכת סינון,יש 2 כניסות לחניון- מנחם בגין 52 כניסה רגלית מהשומר ודוד חכמי 1 כניסה מהחניה, ,179505.68257694,663463.46682909,34.78066567,32.06335812,נכסי אריאל,מגדל סונול,כשיר לשימוש,,,פתוח 24/שעות,\\nas01\gis_users\herum\gdb\תיקי חניון ממוחשבים\מגדלי סונול,03-7914471,אוסנת,sonolmng@arielgrup.co.il,050-4949169,כן,592-193,13/03/2026 10:13:17,
10815,517,1.0,מקלט ציבורי,759.0,דם המכבים,26, ,דם המכבים 26 ,DAM HAMAKABIM       ,100.0,1.0,"מקלט מוגן אב""כ","המקלט נמצא בכניסה המערבית ל""גן ריקליס"" בין בניינים 26 ו-22 ומול בית מספר 35.",לא,181293.10911459,664046.35165662,34.79957086,32.06867636,,,כשיר לשימוש,,,פתיחה אוטומטית בשעת חירום,,,,,,כן,592-324,13/03/2026 10:13:17,
10816,101,1.0,מקלט ציבורי,843.0,קהילת קראקוב,3, ,קהילת קראקוב 3 ,KEHILAT KARAKOV     ,100.0,1.0,"מקלט מוגן אב""כ",המקלט נמצא בגינה מול בית מספר 1 וכן מול בתים 20 ו-22 ברחוב קהילת לבוב - פתיחה אוטומטית בשעת חירום.,לא,183301.78996635,668608.85713409,34.82067155,32.10988637,,,כשיר לשימוש,,,פתיחה אוטומטית בשעת חירום,,,,,,כן,592-180,13/03/2026 10:13:17,
10817,910,1.0,מקלט ציבורי,3576.0,בלבן מאיר,3, ,בלבן מאיר 3 ,BALABAN             ,100.0,1.0,מערכת סינון,"המקלט נמצא משמאל לפינת העיקול ימינה, בסמוך לבית מספר 5 ובכניסה לגינת ""סטרנסקי"".",לא,179186.95012443,661883.28158567,34.77735661,32.04909697,,,כשיר לשימוש,,,פתיחה אוטומטית בשעת חירום,,,,,,כן,592-163,13/03/2026 10:13:17,
10818,62,4.0,חניון מחסה לציבור,193.0,רמז דוד,6, ,רמז דוד 6 ,ARLOZOROV          ,6300.0,0.0,ללא מערכת סינון,יפעת אחראית על הכניסה של רמז בלבד פתוח 24/7, ,179959.7522216,665872.88224978,34.78537502,32.08510173,שרותי בריאות כללית,מגדל רמז,כשיר לשימוש,,,א'-ה' מ 05:30 עד 22:00,\\nas01\gis_users\herum\gdb\תיקי חניון ממוחשבים\בית רמז,03-6923374,יפעת,,יפעת	052-8016701,כן,592-326,13/03/2026 10:13:17,
10819,1024,1.0,מקלט ציבורי,3237.0,צהלון הרופא,3, ,צהלון הרופא 3 ,TSAHALIN HAROFEH    ,75.0,1.0,מערכת סינון,המקלט נמצא מול בית מספר 6 סמוך לכיכר פואד איסמעיל דג'אני.,לא,177122.58719362,661287.7597402,34.75552527,32.04365114,,,כשיר לשימוש,,,פתיחה אוטומטית בשעת חירום,,,,,,כן,592-277,13/03/2026 10:13:17,
10820,526,2.0,מקלט ציבורי במוסדות חינוך,1122.0,הצבי,5, ,הצבי 5 ,HATZEVI             ,100.0,0.0,ללא מערכת סינון,"המקלט נמצא במתחם גני ילדים בתוך ביה""ס ""צבי שפירא"". הדרך הקצרה ביותר להגיע היא מגן הילדים - כניסה לחניון ברחוב החבצלת 7 או דרך הגינה מרחוב אשרמן יוסף 8 לשער של הגן. בהמשך ישנם מספר שערי פישפש הנפתחים בחירום. ניתן להיכנס גם דרך שער ביה""ס בצבי 5 ולחצות לקצה.",כן,182175.93836795,662731.60779006,34.80897136,32.05684974,,מתחם  גני צבי שפירא,כשיר לשימוש,,,פתיחה אוטומטית בשעת חירום,,,,,,כן,592-320,13/03/2026 10:13:17,
10821,1018,1.0,מקלט ציבורי,3432.0,"שדרות חב""ד",26, ,"שדרות חב""ד 26 ",,60.0,0.0,ללא מערכת סינון,"פינת הרבי מפשיסחא 4. המקלט נמצא מול רחוב בת עין 18, ברחבה.",לא,176914.75389856,661045.87039679,34.75333555,32.04146202,,,כשיר לשימוש,,,פתיחה אוטומטית בשעת חירום,,,,,,כן,592-89,13/03/2026 10:13:17,
10822,520,2.0,מקלט ציבורי במוסדות חינוך,511.0,איסרליש,5, ,איסרליש 5 ,ISSERLES            ,50.0,0.0,ללא מערכת סינון,"המקלט נמצא בשטח התלמוד תורה ""פיתוחי חותם"".גישה מרחוב איסרליש 5 דרך שער כניסת רכבים בסוף הרחוב ללא מוצא ודרך שער כניסה לת""ת. גישה נוספת מרחוב שפע טל 17.",כן,180538.02104257,664338.93307201,34.79156237,32.071289,בית ספר פיתוח חותם,,כשיר לשימוש,,,פתיחה אוטומטית בשעת חירום,,,,,,כן,592-356,13/03/2026 10:13:17,
10823,533,2.0,מקלט ציבורי במוסדות חינוך,675.0,מודיליאני,19, ,מודיליאני 19 ,MODIGLIANI          ,50.0,0.0,ללא מערכת סינון,"המקלט נמצא בתוך שטח בי""ס ""היובל"". הכניסה דרך השער הראשי ברחוב גליצנשטיין ואז ימינה למקלט.",כן,179839.47405083,665351.35850936,34.78412254,32.08039452,,בית ספר היובל,כשיר לשימוש,,,פתיחה אוטומטית בשעת חירום,,,,,,כן,592-389,13/03/2026 10:13:17,
10824,534,1.0,מקלט ציבורי,1035.0,שביל ארטר יצחק,6, ,שביל ארטר יצחק 6 ,ERTER               ,100.0,1.0,"מקלט מוגן אב""כ",הכניסה למקלט מול בית מספר 7 בצמוד לחנייה.,לא,181046.15376398,664095.75372676,34.79695354,32.06911347,,,כשיר לשימוש,,,פתיחה אוטומטית בשעת חירום,,,,,,כן,592-309,13/03/2026 10:13:17,
10825,401,1.0,מקלט ציבורי,269.0,הפרדס,5, ,הפרדס 5 ,HAPARDES            ,90.0,1.0,"מקלט מוגן אב""כ","הגישה למקלט דרך חניון הרכבים של ביה""ס ""חמד""ע"" הנמצא מול בית מספר 4. בין ביה""ס לחניון קיים שביל גישה ואז שמאלה למקלט, גישה נוספת דרך רחוב שמואל הנגיד לתוך החניון מול המקלט.",לא,179417.86745227,665663.61995269,34.77964399,32.08319553,,,כשיר לשימוש,,,פתיחה אוטומטית בשעת חירום,,,,,,כן,592-157,13/03/2026 10:13:17,
10826,1012,1.0,מקלט ציבורי נגיש,3005.0,יוסי בן יוסי,1, ,יוסי בן יוסי 1 ,OLEY TSIYON         ,600.0,0.0,ללא מערכת סינון,"פינת רחוב נועם 4, הכניסה למקלט נמצאת בסוף הרחוב ללא מוצא, מימין לחנייה של ביה""ס הדמוקרטי הפתוח ובסמוך לגינה הציבורית. ניתן להגיע גם מרחוב עולי ציון 24, רחוב יהודה מרגוזה 11.",לא,177199.24830246,662188.46401895,34.75629733,32.05177638,,,כשיר לשימוש,,,פתיחה אוטומטית בשעת חירום,,,,,,כן,592-385,13/03/2026 10:13:17,
10827,46,4.0,חניון מחסה לציבור,344.0,הוברמן,1, ,הוברמן 1 ,HUBERMAN            ,37200.0,0.0,ללא מערכת סינון,"איש הקשר הנ""ל ,קבלו אתמול שילוט!", ,179401.87942957,664452.81123368,34.77952517,32.07227615,"אחוזת החוף בע""מ",היכל התרבות,כשיר לשימוש,,,פתוח 24 שעות,\\nas01\gis_users\herum\gdb\תיקי חניון ממוחשבים\התרבות,03-7610346,קובי אלקיים,ruby@ahuzot.co.il,053-5900399,כן,592-314,13/03/2026 10:13:17,
10828,705,1.0,מקלט ציבורי נגיש,384.0,"הגר""א",28, ,"הגר""א 28 ",HAGHARA             ,115.0,0.0,ללא מערכת סינון,"המקלט נמצא בתוך תחום המרכז הקהילתי הגר""א והגישה אליו דרך השער הראשי או שער החנייה.",לא,179551.11564145,662972.96913272,34.78116717,32.05893651,,,כשיר לשימוש,,,פתיחה אוטומטית בשעת חירום,,,,,,כן,592-404,13/03/2026 10:13:17,
10829,833,1.0,מקלט ציבורי,637.0,שדרות יד לבנים,4, ,שדרות יד לבנים 4 ,YAD LABANIM         ,75.0,0.0,ללא מערכת סינון,"המקלט נמצא בשדרה מול קבוצת בתים מספר 4, מזרחית לפלאפל יד אליהו.",לא,180638.43418513,663144.86437676,34.79267406,32.06052456,,,כשיר לשימוש,,,פתיחה אוטומטית בשעת חירום,,,,,,כן,592-323,13/03/2026 10:13:17,
10830,1003,1.0,מקלט ציבורי,3008.0,ארליך,3, ,ארליך 3 ,DR. EHRLICH         ,60.0,0.0,ללא מערכת סינון,"המקלט נמצא מול ""גן השניים"". ברחוב ארליך מול בית מספר 2 קיימת חנייה בצמוד לגן השניים, בקצה החנייה נמצא המקלט.",לא,176840.04279249,661622.50121544,34.75251902,32.04665914,,,כשיר לשימוש,,,פתיחה אוטומטית בשעת חירום,,,,,,כן,592-102,13/03/2026 10:13:17,
10831,316,1.0,מקלט ציבורי,240.0,שדרות מוצקין,6, ,שדרות מוצקין 6 ,MOTZKIN             ,200.0,0.0,ללא מערכת סינון,"המקלט נמצא בצמוד למתחם גני הילדים של נעמ""ת ובסמוך לבניין מספר 4 - מרכז סקלאר.",לא,178905.75072521,666359.25094029,34.77419026,32.08945026,,,כשיר לשימוש,,,פתיחה אוטומטית בשעת חירום,,,,,,כן,592-223,13/03/2026 10:13:17,
10832,824,2.0,מקלט ציבורי במוסדות חינוך,622.0,התשעים ושלוש,4, ,התשעים ושלוש 4 ,,100.0,0.0,ללא מערכת סינון,"המקלט נמצא בשטח ביה""ס ""עירוני ח' ראשית"", כניסה מהשער הראשי, ישר וימינה למגרש הכדורסל המקלט ממול.",כן,180112.67943871,662682.6847206,34.78712557,32.0563385,,בית ספר עירוני ח,כשיר לשימוש,,,פתיחה אוטומטית בשעת חירום,,,,,,כן,592-71,13/03/2026 10:13:17,
10833,807,1.0,מקלט ציבורי,4052.0,ורד,9,ב,ורד 9ב,VERED               ,100.0,0.0,ללא מערכת סינון,"בין בניינים 5 ו-7 ימינה לתוך חנייה קטנה, בהמשך מימין נמצא המקלט בשיפולי גן התקווה. ניתן להגיע גם מרחוב גבעתי 10 ולחצות את גן התקווה מערבה.",לא,180689.99225833,662241.76709462,34.79325647,32.05238236,,,כשיר לשימוש,,,פתיחה אוטומטית בשעת חירום,,,,,,כן,592-18,13/03/2026 10:13:17,
10834,110,1.0,מקלט ציבורי,2073.0,פילדלפיה,8, ,פילדלפיה 8 ,PHILADELPHIA        ,150.0,1.0,"מקלט מוגן אב""כ",בין מבנים 6 ו-8 בצמוד לטיפת חלב. קיים שער נפרד בכניסה למתחם המקלט שנפתח ידנית בשעת חירום - המקלט נפתח אוטומטית בשעת חירום.,לא,185093.56751016,669841.92988471,34.83961145,32.12106209,,,כשיר לשימוש,,,נפתח אוטומטית בשעת חירום,,,,,,כן,592-67,13/03/2026 10:13:17,
10835,118,1.0,מקלט ציבורי,821.0,בריג אמיל,5, ,בריג אמיל 5 ,,125.0,0.0,ללא מערכת סינון,מול בניין מספר 8. גישה למקלט גם דרך רחוב קהילת ורשה 81 פנייה לשביל עד למקלט. גישה נוספת מרחוב קיציס יוסף 23 שמאלה דרך מגרש הכדורסל.,לא,183393.54909662,668462.986927,34.82164924,32.10857389,,,כשיר לשימוש,,,פתיחה אוטומטית בשעת חירום,,,,,,כן,592-196,13/03/2026 10:13:17,
10836,52,4.0,חניון מחסה לציבור,8.0,"שד""ל",3, ,"שד""ל 3 ",ROTHSHILD  ,10600.0,0.0,ללא מערכת סינון,טלפון נוסף של הבעלים 03-7147777; רק בשעת אזעקות המקום פתוח להולכי רגל , ,178885.93069707,663432.42778502,34.774104,32.0630561,"אלרוב נדלן מלונאות בע""מ",מגדל אלרוב,כשיר לשימוש,,,רק בשעת אזעקות המקום פתוח להולכי רגל,\\nas01\gis_users\herum\gdb\תיקי חניון ממוחשבים\מגדל אלרוב,03-5609495,אריק גוליגר,arikg@alrov.co.il,054-5630652,כן,592-410,13/03/2026 10:13:17,
10837,135,1.0,מקלט ציבורי,884.0,מרק יעקב,3, ,מרק יעקב 3 ,HARAV MARK          ,50.0,0.0,ללא מערכת סינון,"נמצא בין בניינים 1 ו-3,משמש כבית כנסת, מול גינת המשחקים.",לא,182911.95241289,668698.27826105,34.81653776,32.11068017,,,כשיר לשימוש,,,פתיחה אוטומטית בשעת חירום,,,,,,כן,592-396,13/03/2026 10:13:17,
10838,907,1.0,מקלט ציבורי,3595.0,הקשת,28, ,הקשת 28 ,HAKESHET            ,60.0,0.0,ללא מערכת סינון,"המקלט נמצא מול בית מספר 29, בין בתים 26 ו-30 בסמוך לגינת המשחקים. המקלט משמש את בית הכנסת ""מקדשי השביעי""",לא,178900.44771768,661316.04478036,34.77434703,32.04397147,,,כשיר לשימוש,,,פתיחה אוטומטית בשעת חירום,,,,,,כן,592-73,13/03/2026 10:13:17,
10839,205,2.0,מקלט ציבורי במוסדות חינוך,2081.0,לויטן יצחק,7, ,לויטן יצחק 7 ,LEVITAN             ,120.0,0.0,ללא מערכת סינון,"המקלט נמצא בתוך שטח בי""ס ""ארזים"", מהשער הראשי ישר לתוך מבנה בית הספר, מבואה ועד ליציאה החוצה שממול המקלט.",כן,181110.10885478,669642.29260128,34.7974091,32.11913313,,בית ספר ארזים,כשיר לשימוש,,,פתיחה אוטומטית בשעת חירום,,,,,,כן,592-279,13/03/2026 10:13:17,
10840,38,4.0,חניון מחסה לציבור,44.0,החשמל,9, ,החשמל 9 ,HAHASHMAL           ,7050.0,0.0,ללא מערכת סינון, כניסה מלבונטין 10, ,178915.04773841,663184.41443291,34.7744228,32.06082061,אוריו חניונים ירוקים,גינת השרון,כשיר לשימוש,,,פתוח 24 שעות,\\nas01\gis_users\herum\gdb\תיקי חניון ממוחשבים\גינות שרון,03-6241007,רון,ron@greenparking.co.il,054-9505696,כן,592-390,13/03/2026 10:13:17,
10841,119,1.0,מקלט ציבורי,820.0,קהילת לודג',12, ,קהילת לודג' 12 ,KEHILAT LODZ        ,125.0,0.0,ללא מערכת סינון,"המקלט נמצא מאחורי בית מספר 12, בשולי הפארק הסמוך,גישה למקלט בשביל בין בניינים 10-12 .בזמן חירום ניתן להגיע גם דרך הכביש הראשי מול רחוב בני אפרים 201 ולחצות את הגינה.",לא,182868.67435144,668544.89504329,34.81608508,32.10929559,,,כשיר לשימוש,,,פתיחה אוטומטית בשעת חירום,,,,,,כן,592-46,13/03/2026 10:13:17,
10842,627,1.0,מקלט ציבורי,146.0,התלמי יהושע,16, ,התלמי יהושע 16 ,YEHOSHU'A HATALMI   ,100.0,0.0,ללא מערכת סינון,המקלט נמצא בתוך מתחם אגף השירותים החברתיים. משמאל למבנה הכניסה קיים שער כניסה למתחם שנפתח בשעת חירום. יש ללכת ישר ולפנות שמאלה לכיוון המקלט. המקלט יכול לשרת את מבלי שדרות רוטשילד מערב מספר 2-8. ניתן להגיע גם דרך רחוב לילינבלום 11.,לא,178287.4508474,663336.18264838,34.76777042,32.0621665,,,כשיר לשימוש,,,פתיחה אוטומטית בשעת חירום,,,,,,כן,592-325,13/03/2026 10:13:17,
10843,35,4.0,חניון מחסה לציבור,2355.0,אלוני ניסים,10, ,אלוני ניסים 10 ,NISSIM  ALONI                               ,7200.0,0.0,ללא מערכת סינון,ניתן להיכנס דרך הבניין 24 שעות . לא קיבלו שילוט הכוונה . כניסה ויציאה מרח' דוש. בזמן שהחניון סגור ניתן להכנס אליו דרך הקניון שפתוח כל השבוע ללא הפסקה., ,181008.839711,666236.54276608,34.79647262,32.08841742,גזית גלוב ישראל,ג'י צמרת,כשיר לשימוש,24 שעות,,,\\nas01\gis_users\herum\gdb\תיקי חניון ממוחשבים\ג'י צמרת,03-7778111,אייל שקל,,052-6177962,כן,592-245,13/03/2026 10:13:17,
10844,708,1.0,מקלט ציבורי,1.0,יפו,44, ,יפו 44 ,YAFO                ,800.0,0.0,ללא מערכת סינון,הכניסה הראשית למקלט דרך שביל בין הבניינים 44 ו-46 וימינה לדלת ירוקה. המקלט נמצא תחת שטח הבניין המשותף אך הכניסה אליו אינה תלויה בכניסה למבנה אף שקיימות מספר כניסות למקלט מתוך המבנה שאינן רלוונטיות.,לא,178621.09132107,663109.22632617,34.77131317,32.06013197,,,כשיר לשימוש,,,פתיחה אוטומטית בשעת חירום,,,,,,כן,592-304,13/03/2026 10:13:17,
10845,802,1.0,מקלט ציבורי,1079.0,רחבת הסיירים,1, ,רחבת הסיירים 1 ,HASAYARIM           ,100.0,1.0,"מקלט מוגן אב""כ","המקלט נמצא במרכז הכיכר מול בית מספר 1, ניתן להגיע גם מרחוב המערכה 31. לרחוב שמות נוספים וידוע גם כ- הסיירים או כיכר הסיירים.",לא,181074.71180452,663245.22151924,34.79728997,32.0614445,,,כשיר לשימוש,,,פתיחה אוטומטית בשעת חירום,,,,,,כן,592-369,13/03/2026 10:13:17,
10846,310,2.0,מקלט ציבורי במוסדות חינוך,27.0,הירקון,248, ,הירקון 248 ,HAYARKON            ,100.0,0.0,ללא מערכת סינון,"נמצא בתוך בי""ס ""גורדון"". כניסה מהשער הראשי לתוך מבנה ביה""ס ואז ימינה לחצר הפנימית. קיימות 2 כניסות למקלט.",כן,178777.80854357,666603.71928736,34.77282464,32.0916502,,בית ספר א.ד גורדון,כשיר לשימוש,,,פתיחה אוטומטית בשעת חירום,,,,,,כן,592-57,13/03/2026 10:13:17,
10847,1015,1.0,מקלט ציבורי,3060.0,קדם,125, ,קדם 125 ,KEDEM               ,60.0,0.0,ללא מערכת סינון,המקלט נמצא מול בית מספר 125 והגישה אליו דרך החניון הצמוד אליו. בנוסף המקלט נמצא מול מסעדת כלת הים ברחוב שתי האחיות 2 המוביל לחוף גבעת עלייה. מרחוב שתי האחיות אין גישה ויש לעלות לקדם  דרך החניון.,לא,176193.9358752,660824.72908283,34.7457141,32.03944042,,,כשיר לשימוש,,,פתיחה אוטומטית בשעת חירום,,,,,,כן,592-168,13/03/2026 10:13:17,
10848,411,1.0,מקלט ציבורי,101.0,הכרם,2, ,הכרם 2 ,HAKEREM             ,75.0,0.0,ללא מערכת סינון,"המקלט נמצא בכניסה ל""גן ערן"" בין בנייינים הכרם 4 וארנון 1.",לא,178435.37205741,665627.21990101,34.76923897,32.08283195,,,כשיר לשימוש,,,פתיחה אוטומטית בשעת חירום,,,,,,כן,592-170,13/03/2026 10:13:17,
10849,113,1.0,מקלט ציבורי,835.0,תבואות הארץ,9, ,תבואות הארץ 9 ,TEVUOT HA'ARETS     ,130.0,1.0,"מקלט מוגן אב""כ","המקלט נמצא מול בית מספר 18,בגינה ליד מגרש הכדורסל ובסמוך לביה""ס התיכון י""ד. ניתן להגיע למקלט גם דרך רחוב אבן ספיר 15,ממול קיים שביל לגינה ולמקלט - פתיחה אוטומטית בשעת חירום.",לא,183933.88686374,668794.66439789,34.82736181,32.11158207,,,כשיר לשימוש,,,פתיחה אוטומטית בשעת חירום,,,,,,כן,592-78,13/03/2026 10:13:17,
10850,129,2.0,מקלט ציבורי נגיש,831.0,אלדד הדני,11, ,אלדד הדני 11 ,ELDAD HADANI,75.0,0.0,ללא מערכת סינון,המקלט נמצא בתוך שטח אשכול גני הילדים. שער ראשי + שער פשפש שנפתחים ידנית בחירום.,כן,183981.08693076,668523.40701278,34.82787195,32.10913741,אשכול גנים מטודלה,,כשיר לשימוש,,,פתיחה אוטומטית בשעת חירום,,,,,,כן,592-271,13/03/2026 10:13:17,
10851,100,4.0,חניון מחסה לציבור,1162.0,ברקוביץ,4,,ברקוביץ 4,,17361.0,,,,,180051.59035198,665112.35517005,34.78637902,32.07824667,נכסי אריאל,חניון המוזיאון,כשיר לשימוש,,,פתוח 24 שעות,,03-6935113,מור נעמן (החליף את חיים),mailto:MUSEUMMNG@ARIELGRUP.CO.IL,054-4698267,כן,592-381,13/03/2026 10:13:17,
10852,706,1.0,מקלט ציבורי,3560.0,ויטל חיים,2, ,ויטל חיים 2 ,VITAL               ,475.0,0.0,ללא מערכת סינון,המקלט נמצא בבית המשותף מספר 2 מול מספר 3. למקלט 3 כניסות. הראשית במעבר (מעין פסאג') לכניסה לבניין. 2 הכניסות האחרות מרוחקות יותר ונמצאות בחניון מאחורי הבניין אחת מימין ואחת משמאל.,לא,178221.71975408,662706.4907544,34.76710138,32.05648566,,,כשיר לשימוש,,,פתיחה אוטומטית בשעת חירום,,,,,,כן,592-266,13/03/2026 10:13:17,
10853,66,4.0,חניון מחסה לציבור,644.0,אלון יגאל,65, ,אלון יגאל 65 ,YIG'AL ALLON        ,25620.0,0.0,ללא מערכת סינון,פתוח 24 שעות  דרך השומר, ,180533.84103664,663667.65511898,34.7915453,32.06523539,"ש.ש. חניונים בע""מ",מגדלי טויוטה,כשיר לשימוש,,,פתוח 24 שעות,\\nas01\gis_users\herum\gdb\תיקי חניון ממוחשבים\מגדלי טויטה,03-6251288,מאיר זר,mailto:zer@mekdan.com,052-3400675,כן,592-8,13/03/2026 10:13:17,
10854,134,1.0,מקלט ציבורי,819.0,הדר יוסף,24, ,הדר יוסף 24 ,HADAR YOSEF         ,100.0,0.0,ללא מערכת סינון,מקלט עם דלת נגררת במפלס הרחוב מול בניין 24. בחירום מנעול הדלת ייפתח ונדרש לפתוח ידנית את ידית הבריח הנמצאת בצד הפנימי של הדלת ולדחוף אותה.,לא,183093.34167041,668461.95092553,34.81846859,32.10855489,,,כשיר לשימוש,,,פתיחה אוטומטית בשעת חירום,,,,,,כן,592-337,13/03/2026 10:13:17,
10855,922,1.0,מקלט ציבורי,3667.0,השרביט,4, ,השרביט 4 ,HASHARVIT           ,75.0,1.0,מערכת סינון,"המקלט נמצא מול בית מספר 4, ברחבה הציבורית. ניתן להגיע למקלט גם דרך רחוב שדרות גורי ישראל 7-9 וגם דרך רחוב ורשבסקי 5 שמאלה לחנייה.",לא,179083.98997826,661005.42333936,34.77630332,32.04117692,,,כשיר לשימוש,,,פתיחה אוטומטית בשעת חירום,,,,,,כן,592-339,13/03/2026 10:13:17,
10856,506,1.0,מקלט ציבורי,673.0,סולד הנרייטה,6,,סולד הנרייטה 6,,100.0,0.0,ללא מערכת סינון,"המקלט נמצא בשטח הישיבה הגבוהה ""מעלה אליהו"". הישיבה צמודה לנקודת הפיקוח העירוני של עיריית ת""א ומול חלקו האחורי של ביה""ח ""איכילוב"". בין החניון העירוני לישיבה קיים שביל המוביל לכניסה למתחם הכולל קודן ושער, בשעת חירום באחריות הישיבה לפתיחתו המלאה.",לא,180515.26801027,665216.68431816,34.79128579,32.0792036,,,כשיר לשימוש,,,באחריות הישיבה לפתיחת שער הכניסה בחירום.,,,,,,כן,592-91,13/03/2026 10:13:17,
10857,54,4.0,חניון מחסה לציבור,110.0,הירדן,4, ,הירדן 4 ,HAYARDEN            ,15300.0,0.0,ללא מערכת סינון,, ,178050.83051146,664623.58947614,34.76520922,32.07376739,"אלרוב ישראל בע""מ",מגדל האופרה,כשיר לשימוש,,,פתוח 24 שעות,\\nas01\gis_users\herum\gdb\תיקי חניון ממוחשבים\בית האופרה,03-5175921,,,,כן,592-254,13/03/2026 10:13:17,
10858,930,1.0,מקלט ציבורי,3605.0,שלושת החיצים,6, ,שלושת החיצים 6 ,SHLISHET HACHITSIM  ,120.0,1.0,מערכת סינון,המקלט נמצא בסמוך לבית מספר 6 בשולי חורשת קרית שלום. ניתן להגיע למקלט דרך רחוב הקשת 19 ובנוסף מאזור קאנטרי גורן גולדשטיין שנמצא לא רחוק.,לא,178707.99644446,661281.95373196,34.7723109,32.04365711,,,כשיר לשימוש,,,פתיחה אוטומטית בשעת חירום,,,,,,כן,592-204,13/03/2026 10:13:17,
10859,504,1.0,מקלט ציבורי,545.0,שטרוק,16, ,שטרוק 16 ,,100.0,1.0,"מקלט מוגן אב""כ","המקלט נמצא במתחם אגף מערכות מידע ומחשוב של עיריית ת""א. כניסה ראשית למתחם דרך השער עם השומר ברחוב שטרוק 16, חוצים את החנייה ישר עד לשביל בין הבניינים ואז שמאלה. כניסה נוספת דרך שער ברזל הנפתח ידנית בחירום ברחוב ליליין(ליליאן) 13.",לא,179655.52178967,665720.6820337,34.78215886,32.08371852,,,כשיר לשימוש,,,פתיחה אוטומטית בשעת חירום,,,,,,כן,592-181,13/03/2026 10:13:17,
10860,841,1.0,מקלט ציבורי,758.0,דיין משה,116, ,דיין משה 116 ,MOSHE DAYAN         ,50.0,1.0,מערכת סינון,המקלט נמצא בשטח המגונן מול 116 ומימין לשביל ברחוב יפרח 1. למקלט דלת נגררת הנפתחת בחירום ונדרש רק לדחוף אותה.,לא,181180.49895471,663716.0601877,34.79839144,32.06569403,,,כשיר לשימוש,,,פתיחה אוטומטית בשעת חירום,,,,,,כן,592-359,13/03/2026 10:13:17,
10861,908,1.0,מקלט ציבורי,3604.0,בורמה,9, ,בורמה 9 ,BURMA               ,90.0,0.0,ללא מערכת סינון,"המקלט נמצא מול בית מספר 14 בסמוך לגן הציבורי ""פרלה ולאון מונדלק"". המקלט משמש את בית הכנסת ""אוהל אשר מרדכי"".",לא,178698.2354306,661174.38757924,34.77221212,32.04268675,,,כשיר לשימוש,,,פתיחה אוטומטית בשעת חירום,,,,,,כן,592-360,13/03/2026 10:13:17,
10862,707,1.0,מקלט ציבורי,5.0,העליה,17, ,העליה 17 ,HA'ALIYA            ,230.0,0.0,ללא מערכת סינון,הגישה למקלט בשביל בין בניינים 17 ו-19. המקלט נמצא במתחם סגור בחצר הבניינים המשותפים. הכניסה אליו עצמאית ולא תלויה בכניסה לבניינים הסמוכים. השער למתחם ייפתח בחירום והדלת הראשית תיפתח אוטומטית. שטח המקלט התת קרקעי נמצא ברובו מתחת למבנים.,לא,178804.69558174,662941.45908799,34.77326452,32.05862571,,,כשיר לשימוש,,,פתיחה אוטומטית בשעת חירום,,,,,,כן,592-64,13/03/2026 10:13:17,
10863,128,2.0,מקלט ציבורי במוסדות חינוך,939.0,ראול ולנברג,28, ,ראול ולנברג 28 ,RAUL VALENBERG,50.0,0.0,ללא מערכת סינון,"המקלט נמצא בשטח ביה""ס ""סמי מיכאל"" - כניסה ראשית לבית הספר מרחוב ראול ולנברג 28. קיים שער כניסת רכבי מורים מרחוב ארד מול בניין 13 שלא תמיד פתוח.",כן,185091.58250735,668846.7254718,34.83962612,32.11208748,,בית ספר סמי מיכאל,כשיר לשימוש,,,פתיחה אוטומטית בשעת חירום,,,,,,כן,592-327,13/03/2026 10:13:17,
10864,1001,1.0,מקלט ציבורי,3736.0,פסטלוצי,12,,פסטלוצי 12 ,PESTALIZZI          ,90.0,1.0,מערכת סינון,המקלט נמצא ברחבה מאחורי בית מספר 12. מגיעים מרחוב פסטלוצי ובבית 12 פונים ימינה לשביל 3883 (אנה ונציאנוב) ואז מימין ברחבה בין הבתים נמצא המקלט.,לא,177162.04724964,661589.19116815,34.75592979,32.04637087,,,כשיר לשימוש,,,פתיחה אוטומטית בשעת חירום,,,,,,כן,592-184,13/03/2026 10:13:17,
10865,22,4.0,חניון מחסה לציבור,6.0,יהודה הלוי,37, ,יהודה הלוי 37 ,YEHUDA HALEVI       ,16210.0,0.0,ללא מערכת סינון,, ,178611.38230729,663264.23354623,34.77120377,32.06152945,בנק לאומי,בית לין,כשיר לשימוש,,,"א'-ה' מ 06:00 עד 24:00 
ו' מ 06:00 עד 16:00",\\nas01\gis_users\herum\gdb\תיקי חניון ממוחשבים\בית לין,076-8859997,"זוהר / ערן הקב""ט",, 0545-629933,כן,592-133,13/03/2026 10:13:17,
10866,405,1.0,מקלט ציבורי,363.0,שניאור זלמן,2, ,שניאור זלמן 2 ,SCHNEUR ZALMAN,200.0,0.0,ללא מערכת סינון,"המקלט נמצא בשטח בניין מספר 2. כניסה מדלת ראשית דרך הלובי ואז לדלת זכוכית מצד שמאל שעל גביה יש שלט ""מקלט"". הדלתות נפתחות בעזרת קוד / מפתח, הדלתות יהיו פתוחות בשעת חירום בשיתוף ועד הבניין. מקלט זה + מקלט 402 הם בעצם מקלט אחד ומפריד ביניהם מסדרון.",לא,178468.55010451,664637.08049529,34.76963267,32.07390431,,,כשיר לשימוש,,,פתיחה ידנית בחירום,,,,,,כן,592-68,13/03/2026 10:13:17,
10867,130,1.0,מקלט ציבורי,914.0,הגולן,124, ,הגולן 124 ,HAGOLAN             ,100.0,0.0,ללא מערכת סינון,"המקלט נמצא מאחורי בניין 124, בפארק ראול ולנברג. גישה למקלט דרך השבילים הנגישים הקיימים ברחוב הגולן. גישה רכובה דרך רחוב שביל 1357 שניתן להגיע אליו מרחוב קהילות זגלמביה לתוך הפארק.",לא,185013.82639695,668998.9396879,34.83879679,32.11345774,,,כשיר לשימוש,,,פתיחה אוטומטית בשעת חירום,,,,,,כן,592-156,13/03/2026 10:13:17,
10868,104,4.0,חניון מחסה לציבור,374.0,הרכבת,58, ,הרכבת 58 ,,16165.0,,,"חניון פתוח 24/7 , כניסה לחניון מלובי בלבד",,179582.4286859,663074.91527746,34.78149452,32.05985695,סנטרל פארק/ אביעד שחר,הרכבת 58,כשיר לשימוש,,,24 שעות,,052-5691555 / 03-5170389,יוסי ביטון,,,כן,592-175,13/03/2026 10:13:17,
10869,804,1.0,מקלט ציבורי,640.0,"שדרות החי""ל",33, ,"שדרות החי""ל 33 ",HAHAYIL             ,100.0,1.0,מערכת סינון,המקלט נמצא בשדרה והכניסה אליו נמצאת מול בית מספר 33. המקלט משמש כבית כנסת.,לא,181093.63383139,662648.73967241,34.79751416,32.05606617,,,כשיר לשימוש,,,פתיחה אוטומטית בשעת חירום,,,,,,כן,592-70,13/03/2026 10:13:17,
10870,61,4.0,חניון מחסה לציבור,374.0,הרכבת ,30, ,הרכבת  30 ,HARAKEVET     ,21800.0,0.0,ללא מערכת סינון,, ,179361.28137194,663303.04760134,34.7791432,32.06190636,בנק הפועלים,מגדל רובינשטיין,כשיר לשימוש,,,פתוח 24 שעות,\\nas01\gis_users\herum\gdb\תיקי חניון ממוחשבים\מגדל רובינשטיין,03-7143222,יוסף,,054-9100685,כן,592-47,13/03/2026 10:13:17,
10871,309,1.0,מקלט ציבורי,681.0,"יוצ""ר",6, ,"יוצ""ר 6 ",YOTZER            ,75.0,1.0,"מקלט מוגן אב""כ","נמצא בגינת היוצ""ר מול בית מספר 6. גישה נוספת מרחוב ז'בוטינסקי 63 פינת אשתורי הפרחי",לא,179287.58926731,666283.9608334,34.77823812,32.08878498,,,כשיר לשימוש,,,פתיחה אוטומטית בשעת חירום,,,,,,כן,592-330,13/03/2026 10:13:17,
10872,814,1.0,מקלט ציבורי,4001.0,"אצ""ל",10, ,"אצ""ל 10 ",ETSEL               ,180.0,1.0,מערכת סינון,"מדובר במקלט עם 4 כניסות החולש על 2 צידי הרחוב, 2 כניסות ויציאות בכל צד. הכניסות נמצאות ב- מול 10, מול 6, מול 9, מול 11. כל ארבע הכניסות מתוכננות להיות במפלס המדרכה ולהיפתח אוטומטית כלפי מעלה.",לא,180439.02090202,662287.8891601,34.79059719,32.05278963,,,כשיר לשימוש,,,ייפתח בשעת אזעקה,,,,,,כן,592-290,13/03/2026 10:13:17,
10873,114,1.0,מקלט ציבורי,920.0,עולי הגרדום,15, ,עולי הגרדום 15 ,OLEY HAGARDOM       ,100.0,1.0,"מקלט מוגן אב""כ",המקלט נמצא מאחורי בניין עולי הגרדום 15 ומאחורי בית ברחוב נמירובר 14 בחורשה (גינת טריטש). גם דרך עולי הגרדום וגם דרך נמירובר יש שבילי גישה. ברכב ניתן להגיע דרך השביל הצמוד לעולי הגרדום 19 ואז לפנות שמאלה - פתיחה אוטומטית בשעת חירום.,לא,184504.82767432,668702.87526757,34.83341447,32.1107722,,,כשיר לשימוש,,,נפתח אוטומטית בשעת חירום,,,,,,כן,592-30,13/03/2026 10:13:17,
10874,122,1.0,מקלט ציבורי,914.0,הגולן,110, ,הגולן 110 ,HAGOLAN             ,100.0,1.0,"מקלט מוגן אב""כ","בגינה בין בניינים 108-112. ניתן גם להגיע מהצד השני,דרך רחוב ראול ולנברג,מול בניין 26 לחצות את הכביש לשביל ואז לגינה.",לא,184908.40224728,668838.24245976,34.83768556,32.11200537,,,כשיר לשימוש,,,פתיחה אוטומטית בשעת חירום,,,,,,כן,592-388,13/03/2026 10:13:17,
10875,1040,2.0,מקלט ציבורי במוסדות חינוך,3493.0,נחל שורק,5, ,נחל שורק 5 ,NAHAL SOREK         ,100.0,0.0,ללא מערכת סינון,"שטח המקלט נמצא בתחומם של 2 בתי ספר - ""חב""ד בנות"" ו""יפה נוף"" ובכל בי""ס קיימת כניסה למקלט. הכניסה מהשער הראשי לכיוון המקלט.",כן,177546.7437958,660805.6920558,34.76003699,32.03931977,,"מתחם בתי ספר חב""ד בנות ויפה נוף",כשיר לשימוש,,,פתיחה אוטומטית בשעת חירום,,,,,,כן,592-311,13/03/2026 10:13:17,
10876,117,1.0,מקלט ציבורי,972.0,יוסף האפרתי,2, ,יוסף האפרתי 2 ,HA'EFRATI           ,50.0,1.0,"מקלט מוגן אב""כ","המקלט נמצא מול בית מספר 2, פינת קהילת לודג' 49,ברחבה בסמוך לחנייה.",לא,182994.99053078,668292.27468464,34.81743302,32.10702161,,,כשיר לשימוש,,,פתיחה אוטומטית בשעת חירום,,,,,,כן,592-138,13/03/2026 10:13:17,
10877,10,4.0,חניון מחסה לציבור,788.0,שאול המלך,8, ,שאול המלך 8 ,SAUOL HAMELEKH      ,9260.0,0.0,ללא מערכת סינון,, ,179741.36091154,664751.16265726,34.78310819,32.07497862,אמות השקעות,בית אמות משפט,כשיר לשימוש,,,"א'-ה' 07:00 עד 17:00 יציאה מצד לאונרדו דה-וינצ'י 19 תנועת המושבים
ו' 07:00 עד 15:00  
החניון סגור עם שער גלילה מקושר ל- 3 בנינים 
לאונרדו דה-ויצ'י 19 תנועת המושבים
שאול המלך 8 לאונרדו דה-וינצ'י 21-23 לא מוביל לחניונים הבנין פתוח 24 שעות ורק ממנו מתאפשרת",\\nas01\gis_users\herum\gdb\תיקי חניון ממוחשבים\בית אמות משפט,03-6956275,סיגל גלעד,,052-5615513,כן,592-11,13/03/2026 10:13:17,
10878,1006,1.0,מקלט ציבורי,3074.0,"ציהתל""י",40, ,"ציהתל""י 40 ",TSIHATLI            ,100.0,0.0,ללא מערכת סינון,"המקלט נמצא מול ""גן רפפורט"" פינת רחוב בת עין 5.",לא,177077.58012972,661008.01834305,34.75506109,32.0411268,,,כשיר לשימוש,,,פתיחה אוטומטית בחירום,,,,,,כן,592-49,13/03/2026 10:13:17,
10879,845,1.0,מקלט ציבורי,1225.0,בת ציון,11, ,בת ציון 11 ,KALMAR              ,100.0,1.0,מערכת סינון,המקלט נמצא בצמוד לבית הכנסת הספרדי ומול המרכז הקהילתי בת ציון. בהמשך נמצא מקלט 844.,לא,181001.10570002,663331.46264168,34.79650707,32.0622197,,,כשיר לשימוש,,,פתיחה אוטומטית בשעת חירום,,,,,,כן,592-42,13/03/2026 10:13:17,
10880,1,4.0,חניון מחסה לציבור,35.0,לוינסקי,108, ,לוינסקי 108 ,ELHANAN EIB LEVINSKY,69530.0,0.0,ללא מערכת סינון,"כניסה דרך הרחובות ענתבי, וולפסון, לוינסקי,סלמה", ,179248.70721211,662571.08656216,34.77798172,32.05530167,חב' התחנה המרכזית החדשה,היהלום / תחנה מרכזית חדשה ,כשיר לשימוש,,,פתוח 24 שעות,\\nas01\gis_users\herum\gdb\תיקי חניון ממוחשבים\תחנה מרכזית חדשה,03-6384112, מוקד6384100 ,ofirboko@gmail.com,050-3699888 יוסי לוי מנהל תפעול,כן,592-244,13/03/2026 10:13:17,
10881,321,2.0,מקלט ציבורי במוסדות חינוך,1117.0,כהנשטם,16, ,כהנשטם 16 ,CAHANEMSTEIN        ,50.0,1.0,"מקלט מוגן אב""כ","המקלט נמצא בתוך ביה""ס ""אהבת ציון"". כניסה מהשער הראשי ימינה לכיוון הגן משחקים ואז ישר עד למקלט.",כן,180219.14458986,666338.70091111,34.78810351,32.08931144,,בית ספר אהבת ציון,כשיר לשימוש,,,פתיחה אוטומטית בשעת חירום,,,,,,כן,592-74,13/03/2026 10:13:17,
10882,416,1.0,מקלט ציבורי,366.0,סמטת גור אריה,4, ,סמטת גור אריה 4 ,SIMTAT GUR ARYE     ,100.0,1.0,"מקלט מוגן אב""כ","המקלט נמצא בתוך גן ""דבורה בוארון""מול בניין מספר 4. גישה למקלט משדרות בן גוריון 84 לסמטת גור אריה עד לגן שבתוכו המקלט.",לא,179223.47617629,665440.82263638,34.77759434,32.08117947,,,כשיר לשימוש,,,פתיחה אוטומטית בשעת חירום,,,,,,כן,592-100,13/03/2026 10:13:17,
10883,521,2.0,מקלט ציבורי במוסדות חינוך,653.0,ראם,1, ,ראם 1 ,,50.0,0.0,ללא מערכת סינון,"המקלט נמצא בשטח ביה""ס התיכון ממלכתי דתי ""דעת משה"". הגישה למקלט דרך שער ברזל משותף. ניתן להגיע למקלט מרחוב בן אביגדור 5,9.",כן,180221.51159322,663910.55746383,34.78822783,32.06741502,בית ספר דעת משה,,כשיר לשימוש,,,פתיחה אוטומטית בשעת חירום,,,,,,כן,592-125,13/03/2026 10:13:17,
10884,840,1.0,מקלט ציבורי,4051.0,רשף,18, ,רשף 18 ,RESHEF              ,100.0,0.0,ללא מערכת סינון,המקלט נמצא מול בית מספר 18 בצמוד לחניון הציבורי הסמוך וליד בית ספר תפארת יוסף ולתחנת אגף תברואה. יכול לשמש את התושבים בדרך ההגנה 93-103. למקלט דלת נגררת הנפתחת בחירום ונדרש רק לדחוף אותה קדימה.,לא,180681.90524685,662318.26820323,34.79316775,32.05307196,,,כשיר לשימוש,,,פתיחה אוטומטית בשעת חירום,,,,,,כן,592-212,13/03/2026 10:13:17,
10885,409,1.0,מקלט ציבורי,296.0,זולא אמיל,2, ,זולא אמיל 2 ,ZOLA EMILE          ,120.0,1.0,"מקלט מוגן אב""כ","המקלט נמצא בתוך גן ""אופמן דבורה"". למקלט 2 כניסות - כניסה אחת מול בניין מספר 2 ברחוב אמיל זולא וכניסה 2 מול בניין 18 ברחוב נתן החכם, כאמור 2 הכניסות במתחם הגן שהכניסה אליו בין הבניינים הנ""ל.",לא,178754.34951026,665528.34976064,34.77262176,32.08195193,,,כשיר לשימוש,,,פתיחה אוטומטית בשעת חירום,,,,,,כן,592-169,13/03/2026 10:13:17,
10886,33,4.0,חניון מחסה לציבור,6.0,יהודה הלוי,63, ,יהודה הלוי 63 ,YEHUDA HALEVI   ,9170.0,0.0,ללא מערכת סינון,, ,178954.22679403,663428.26377911,34.7748274,32.063021,בנק הפועלים,בנק הפועלים,כשיר לשימוש,,,"א'-ה' מ 06:00 עד 21:00 
ו' מ 06:00 עד 14:00",\\nas01\gis_users\herum\gdb\תיקי חניון ממוחשבים\בנק הפועלים,03-5674432,איתי שטרית,HASDAY.HERMON@MAILPOALIM.CO.IL,054-4975728,כן,592-136,13/03/2026 10:13:17,
10887,14,4.0,חניון מחסה לציבור,902.0,הברזל,21,א,הברזל 21א,HANCHOSHET          ,29200.0,0.0,ללא מערכת סינון, 24 שעות להולכי רגל דרך השומר רק בשעת חירום , ,184925.3902714,668427.87687715,34.83788034,32.1083053,נכסי אריאל,בית דרור,כשיר לשימוש,,,"א-ה  07:00 עד 20:00
חניון מנויים
כניסה להולכי רגל בחירום תתאפשר עד 23:00


",\\nas01\gis_users\herum\gdb\תיקי חניון ממוחשבים\בית דרור,חברת ניהול נכסי אריאל 03-6153300,דן קרן,,054-8145111,כן,592-52,13/03/2026 10:13:17,
10888,838,1.0,מקלט ציבורי,460.0,ההגנה,110, ,ההגנה 110 ,DERECH HA'HAGANA    ,100.0,0.0,ללא מערכת סינון,המקלט נמצא מול בניין מספר 110 בשולי הכביש. למקלט דלת נגררת הנפתחת בחירום ונדרש רק לדחוף אותה קדימה.,לא,180969.68265541,662304.77818408,34.79621543,32.05296016,,,כשיר לשימוש,,,פתיחה אוטומטית בשעת חירום,,,,,,כן,592-352,13/03/2026 10:13:17,
10889,403,1.0,מקלט ציבורי,363.0,שניאור זלמן,6, ,שניאור זלמן 6 ,SCHNEUR ZALMAN,200.0,0.0,ללא מערכת סינון,"המקלט נמצא בשטח הבית המשותף מספר 6. כניסה מדלת ראשית דרך הלובי אז לדלת עץ שעל גביה שלט ""מקלט"". הדלתות נפתחות בעזרת מפתח/קוד, הדלתות יהיו פתוחות בשעת חירום בשיתוף ועד הבניין.", ,178491.27613677,664611.63745917,34.76987444,32.0736757,,,כשיר לשימוש,,,נפתח ידנית בחירום,,,,,,כן,592-253,13/03/2026 10:13:17,
10890,94,4.0,חניון מחסה לציבור,54.0,מנחם בגין,121,,מנחם בגין 121,BEGIN  MENAHEM ,56910.0,,,,,180229.16860409,664381.36013224,34.78828969,32.07166089,קבוצת עזריאלי,עזריאלי שרונה,כשיר לשימוש,,,24 שעות,,054-5608096 / 03-6081444,,,,כן,592-399,13/03/2026 10:13:17,
10891,412,2.0,מקלט ציבורי במוסדות חינוך,783.0,טשרניחובסקי,33, ,טשרניחובסקי 33 ,TCHERNIKHOVSKY      ,100.0,1.0,"מקלט מוגן אב""כ","המקלט נמצא בתוך מתחם גני הילדים העירוניים. הכניסה לגן בסמוך לטשרניחובסקי 33. שער הגן נפתח ידנית בחירום.המתחם נמצא מול הכניסה המערבית ל""גן מאיר"" ולכן הוא נגיש גם לנמצאים באזור זה של הגן.",כן,178628.98833229,664556.25738055,34.77133529,32.07318128,,מתחם גני ילדים  סט,כשיר לשימוש,,,פתיחה אוטומטית בשעת חירום,,,,,,כן,592-358,13/03/2026 10:13:17,
10892,123,1.0,מקלט ציבורי,914.0,הגולן,19, ,הגולן 19 ,HAGOLAN             ,100.0,1.0,"מקלט מוגן אב""כ","המקלט נמצא מאחורי בניינים 19,21, קיים שביל בין בניינים 19-21 העולה לגינה בה נמצא המקלט. ניתן להגיע גם דרך רחוב גולי אריתראה 1-3,קיימים 2 שבילים המובילים למקלט.",לא,184290.56737013,668334.34174436,34.83115785,32.10744217,,,כשיר לשימוש,,,פתיחה אוטומטית בשעת חירום,,,,,,כן,592-236,13/03/2026 10:13:17,
10893,808,1.0,מקלט ציבורי,1034.0,מושיע,23,,מושיע 23,,100.0,0.0,ללא מערכת סינון,"מימין לאשכול גן הילדים ברחוב מושיע 23 קיים שביל לגן התקווה. הולכים ישר ומגמה שמאלה,מאחורי מבנה גן הילדים נמצא המקלט. ניתן להגיע גם מרחוב גבעתי 2-6 לתוך גן התקווה.",לא,180788.53039823,662105.92990177,34.7943053,32.05116078,,,כשיר לשימוש,,,פתיחה אוטומטית בשעת חירום,,,,,,כן,592-209,13/03/2026 10:13:17,
10894,836,2.0,מקלט ציבורי במוסדות חינוך,1077.0,המערכה,3,,המערכה 3,,70.0,0.0,,"המקלט נמצא בשטח ""קמפוס בוכמן - בי""ס אהלי מנחם - חב""ד"".מדובר במקלט במבנה חדש הצמוד למד""א.מעבר לכביש ברח' יגאל אלון נמצא אולם יד אליהו. יש להיכנס בשער בי""ס, מגמה שמאלה למבנה החדש ואז שמאלה לחדר המוזיקה המשמש כמקלט ציבורי.ע""ג הקיר קיים שלט כתום ""מקלט ציבורי""",כן,180606.58813992,663253.37753082,34.79233245,32.06150202,,קמפוס בוכמן,כשיר לשימוש,,,פתיחה אוטומטית בשעת חירום,,,,,,כן,592-405,13/03/2026 10:13:17,
10895,8001,5.0,רכבת קלה מחסה לציבור,6.0,יהודה הלוי,63,,יהודה הלוי 63,,6000.0,0.0,,,,178967.67781313,663426.81077705,34.77496991,32.06300838,"נת""ע","תחנת אלנבי (ת""א) כניסה A",כשיר לשימוש,בהתאם לשעות הפעילות.,בהתאם לשעות הפעילות.,בהתאם לשעות הפעילות.,,,,,,כן,592-119,13/03/2026 10:13:17,
10896,8003,5.0,רכבת קלה מחסה לציבור,1322.0,מקלף מרדכי,1,,מקלף מרדכי 1,,6000.0,0.0,,קרוב לרחוב הארבעה 23,,180157.07650174,664209.53088829,34.78753322,32.07010886,"נת""ע","תחנת יהודית (ת""א) כניסה A",כשיר לשימוש,בהתאם לשעות הפעילות.,בהתאם לשעות הפעילות.,בהתאם לשעות הפעילות.,,,,,,כן,592-7,13/03/2026 10:13:17,
10897,8004,5.0,רכבת קלה מחסה לציבור,54.0,בגין מנחם ,151,א,בגין מנחם  151א,,6000.0,0.0,,ליד מחנה רבין,,180532.1930343,664969.03296657,34.7914751,32.07697091,"נת""ע","תחנת שאול המלך (ת""א) כניסה A",כשיר לשימוש,בהתאם לשעות הפעילות.,בהתאם לשעות הפעילות.,בהתאם לשעות הפעילות.,,,,,,כן,592-20,13/03/2026 10:13:17,
10898,8005,5.0,רכבת קלה מחסה לציבור,54.0,בגין מנחם ,157,,בגין מנחם  157,,6000.0,0.0,,,,180864.00850538,665413.25359724,34.79497159,32.08098821,"נת""ע","תחנת ארלוזורוב (ת""א) כניסה B",כשיר לשימוש,בהתאם לשעות הפעילות.,בהתאם לשעות הפעילות.,בהתאם לשעות הפעילות.,,,,,,כן,592-118,13/03/2026 10:13:17,
10899,6006,10.0,מתקן מיגון גני ילדים ,4197.0,הרצפלד אברהם,20, ,הרצפלד אברהם 20 ,,12.0,,,גן ילדים הר הגלבוע -ר,כן,182433.71673393,661461.18598642,34.81174991,32.04540174,,גן ילדים,כשיר לשימוש,,,,,,מעיין מואס,,050-3953023,כן,592-265,13/03/2026 10:13:17,
10900,6007,8.0,מתקן מיגון קהילה ,4146.0,ששת הימים,6,,ששת הימים 6,,300.0,,,מרכז קהילתי נווה אליעזר,,182229.84044448,661552.57711617,34.8095878,32.04621919,,מרכז קהילתי נווה אליעזר,כשיר לשימוש,,,,,,רותם מוזדן,,507859595,כן,592-83,13/03/2026 10:13:17,
10901,6013,8.0,מתקן מיגון קהילה ,18.0,מרכז בעלי מלאכה,16,,שינקין מנחם 4,,38.0,,,בית תמי,,178688.83341725,664139.18778842,34.77198681,32.06942241,,בית תמי,כשיר לשימוש,,,,,,,,,כן,592-273,13/03/2026 10:13:17,
10902,6015,8.0,מתקן מיגון קהילה ,197.0,שדרות נורדאו,63,,שדרות נורדאו 63,,66.0,,,"ממ""ד תיקני בכל קומה 5 קומות, וגם בחדרי המדרגות-הכי בטוח שיש",,179310.62330001,666661.02936873,34.77846633,32.09218612,,מרכז קהילתי מגיד,כשיר לשימוש,,,,,,,,,כן,592-112,13/03/2026 10:13:17,
10903,9003,4.0,חניון מחסה לציבור,644.0,אלון יגאל,94, ,אלון יגאל 94 ,,38857.0,,,"חניון אלון, מגדלי אלון 1+2",,180667.30322612,663994.58958313,34.79294546,32.06818823,,חניון אלון,כשיר לשימוש,,,,,,,,,כן,592-86,13/03/2026 10:13:17,
10904,9006,4.0,חניון מחסה לציבור,27.0,הירקון,21, ,הירקון 21 ,,3600.0,,,,,177933.84834538,664208.63288702,34.76398822,32.0700211,ימית חניון,חניון מלון רויאל ביץ,כשיר לשימוש,,,24,,02-5899519,סלמון,,,כן,592-286,13/03/2026 10:13:17,
10905,6026,8.0,מתקן מיגון קהילה ,23.0,ביאליק,27, ,ביאליק 27 ,,25.0,,,"בית העיר - מוזיאון לתולדות ת""א",לא,178526.70318707,664544.19636342,34.77025252,32.07306881,,"בית העיר - מוזיאון לתולדות ת""א",כשיר לשימוש,,,,,,,,,כן,592-48,13/03/2026 10:13:17,
10906,6032,7.0,מקלט פנימי בשטח בית ספר,658.0,שפרינצק,4, ,שפרינצק 4 ,,407.0,,,"בי""ס תיכון עירוני א",כן,179761.45194006,664325.95405358,34.78333855,32.07114489,,"בי""ס תיכון עירוני א",כשיר לשימוש,,,,, ,,,,כן,592-407,13/03/2026 10:13:17,
10907,6034,8.0,מתקן מיגון קהילה ,109.0,אידלסון,29, ,אידלסון 29 ,,25.0,,,בית ליבלינג,לא,178473.37211135,664538.93335595,34.76968793,32.07301942,,בית ליבלינג,כשיר לשימוש,,,,,,,,,כן,592-116,13/03/2026 10:13:17,
10908,6036,8.0,מתקן מיגון קהילה ,384.0,"הגר""א",28, ,"הגר""א 28 ",,20.0,,,"מרכז קהילתי בגר""א",,179563.72765935,662959.75011395,34.78130127,32.05881775,,"מרכז קהילתי הגר""א",כשיר לשימוש,,,,,,,,,כן,592-302,13/03/2026 10:13:17,
10909,9008,4.0,חניון מחסה לציבור,459.0,החרש,20, ,החרש 20 ,,4600.0,,,מגדל ויתניה- אין מענה טלפוני,,179791.4849827,662896.92802477,34.78371563,32.05825926,ויתניה,חניון מגדל מזדה פורד,כשיר לשימוש,,,,,03-6431931,,,,כן,592-1,13/03/2026 10:13:17,
10910,9009,4.0,חניון מחסה לציבור,54.0,בגין מנחם,144, ,בגין מנחם 144 ,,40813.0,,,חניון מידטאון,,180654.14620744,665039.74306696,34.79276388,32.07761277,חברת citihol- חברת ניהול,חניון מידטאון,כשיר לשימוש,פעיל 24 שעות,,,,,ירמי,,054-2267610,כן,592-377,13/03/2026 10:13:17,
10911,9010,4.0,חניון מחסה לציבור,10.0,מונטיפיורי,37, ,מונטיפיורי 37 ,,1700.0,,,חניון לב תל אביב,,178739.11948864,663693.08015508,34.77253827,32.06540132,,חניון לב תל אביב,כשיר לשימוש,,,,,,,,0545557999,כן,592-208,13/03/2026 10:13:17,
10912,6041,6.0,אחר,481.0,דוד המלך,40, ,דוד המלך 40 ,,220.0,,,בית הורים - ויצו,,180127.62445993,665197.65029114,34.78718083,32.0790185,,בית הורים - ויצו,כשיר לשימוש,,,,,,,,,כן,592-17,13/03/2026 10:13:17,
10913,9011,4.0,חניון מחסה לציבור,54.0,בגין מנחם ,23, ,בגין מנחם  23 ,,10300.0,,,חניון מגדל לוינשטיין,,179378.01239569,663474.73684509,34.77931321,32.06345522,,חניון מגדל לוינשטיין,כשיר לשימוש,06:00,22:00,,,03-5600310,ישראל,,052-8701777,כן,592-249,13/03/2026 10:13:17,
10914,9014,4.0,חניון מחסה לציבור,472.0,ויצמן,4, ,ויצמן 4 ,,9460.0,,,חניון בית אסיה,,180211.29057871,665067.1051058,34.78807232,32.07784418,"אלרוב נדל""ן",חניון בית אסיה,כשיר לשימוש,פתוח 24/7,,,,אריק- מנהל תפעול אזורי - 054-5630652,ניר,,054-8111833,כן,592-38,13/03/2026 10:13:17,
10915,9016,4.0,חניון מחסה לציבור,683.0,יד חרוצים,12, ,יד חרוצים 12 ,,4800.0,,,מגדל קרסו -כניסה מהשומר בבניין,,179644.2727737,663242.03951473,34.78214248,32.06136623,,חניון מגדל קרסו,כשיר לשימוש,24/7,,,,,יעקב יעקב,,050-3200167,כן,592-238,13/03/2026 10:13:17,
10916,9017,4.0,חניון מחסה לציבור,141.0,פינס,39, ,פינס 39 ,,1803.0,,,,,178258.67780655,663108.80032557,34.76747548,32.06011496,אחוזות חוף,פינס 39,כשיר לשימוש,24 שעות,24 שעות,,,,,,052-5985535,כן,592-87,13/03/2026 10:13:17,
10917,9018,4.0,חניון מחסה לציבור,8.0,רוטשילד,20, ,רוטשילד 20 ,,2929.0,,,הכניסה מהלובי בשעות הפתיחה,,178557.95123143,663370.81569755,34.77063343,32.06248865,,רוטשילד 20,כשיר לשימוש,8:00,20:00,בימים ראשון עד חמישי 20:00-8:00 בשישי ושבת 24/7,,,ראל- חברה לניהול,,054-4443222,כן,592-105,13/03/2026 10:13:17,
10918,9019,4.0,חניון מחסה לציבור,28.0,צ'לנוב,20, ,צ'לנוב 20 ,,9738.0,,,חניון כיכר עליה,,178890.16470308,662815.55790924,34.77417488,32.05749344,,חניון כיכר עליה,כשיר לשימוש,24 שעות,24 שעות,,,,יובל מלעי,,0527462586,כן,592-336,13/03/2026 10:13:17,
10919,9020,4.0,חניון מחסה לציבור,3920.0,טראב יעקב הרב,2, ,טראב יעקב הרב 2 ,,21970.0,,,"חניון - הרב טראב יעקב 2-4, שתולים 55-63",,180867.72551066,661271.85171762,34.79517732,32.0436419,,חניון - הרב טראב יעקב 2-4,כשיר לשימוש,07:00,19:00,,,,"אביחי-מועד הבניין ( סה""כ יש 5 בנינים)",an160@hp.com,0544268668,כן,592-23,13/03/2026 10:13:17,
10920,9021,4.0,חניון מחסה לציבור,2.0,הרצל,108, ,הרצל 108 ,,1178.0,,,חניוני הדרך,,178500.36314967,662544.18852397,34.77005883,32.0550322,,הרצל 18,כשיר לשימוש,,,24,,03-9221698; 03-6820493,אפי,,054-5579390,כן,592-25,13/03/2026 10:13:17,
10921,9024,4.0,חניון מחסה לציבור,8.0,רוטשילד,38, ,רוטשילד 38 ,,2130.0,,,חניון הבנק הבינלאומי הראשון - בניין U  - הכניסה מהשומר בבניין,,178783.64055185,663426.22177621,34.77302104,32.06299645,הבנק הבינלאומי,חניון הבנק הבינלאומי הראשון ,כשיר לשימוש,"א-ה- 7:00-19:00 , ו' 8:00-13:30 , שבת סגור",,,,03-5645215/03-5134222,איש קשר של הבניין- עדנה,,054-7626274,כן,592-251,13/03/2026 10:13:17,
10922,9025,4.0,חניון מחסה לציבור,3920.0,טראב יעקב הרב,8, ,טראב יעקב הרב 8 ,,4000.0,,,חניוני ארגזים - כניסה מהחניון,,180991.37368621,661294.61274993,34.79648553,32.04385138,פרטיים,ועד הבית -דודו,כשיר לשימוש,24/7,,,,,בניין מגורים רב קומות,,050-6283768,כן,592-275,13/03/2026 10:13:17,
10923,6045,6.0,אחר,3673.0,שתולים,82,,שתולים 82,,10.0,,,ספורטק דרום,,180748.10734084,660979.09430198,34.79392265,32.04099776,,ספורטק דרום,כשיר לשימוש,,,,,,,,,כן,592-334,13/03/2026 10:13:17,
10924,6046,6.0,מתקן מיגון רווחה ,1004.0,דוידקה,18, ,דוידקה 18 ,,24.0,,,טיפת חלב - פתוח 24/7,,180605.13313785,662512.47647895,34.792347,32.05482065,,טיפת חלב,כשיר לשימוש,,,,,,,,,כן,592-319,13/03/2026 10:13:17,
10925,9049,4.0,חניון מחסה לציבור,496.0,אבן גבירול,30, ,אבן גבירול 30 ,,4840.0,,,"חניון לונדון מיניסטור, כניסה לחניון מדובנוב 7",,179583.96068808,664720.14961323,34.78144244,32.0746934,,חניון לונדון מיניסטור,כשיר לשימוש,,,24,,03-6957455;03-6910515,דוד משולמי,,052-8435230,כן,592-173,13/03/2026 10:13:17,
10926,9028,4.0,חניון מחסה לציבור,902.0,הברזל,15, ,הברזל 15 ,,6540.0,,, חניון הברזל 15 - אפשרי להיכנס דרך השומר בלובי,,184824.36112797,668335.51274602,34.83681328,32.10746927,"סנטרל פארק בע""מ",חניון מדיקל סנטר רמת החייל,כשיר לשימוש,,,24 שעות,,,יוסי ביטון,habarzel22prk@arielgroup.co.il,052-5691555,כן,592-177,13/03/2026 10:13:17,
10927,9029,4.0,חניון מחסה לציבור,902.0,הברזל,28, ,הברזל 28 ,,2790.0,,,חניון מדיקה,,185149.45358951,668510.65799468,34.84025132,32.10905865,נכסי אריאל,חניון הברזל 28,כשיר לשימוש,,,24 שעות,,,חני,,054-4040360,כן,592-205,13/03/2026 10:13:17,
10928,9030,4.0,חניון מחסה לציבור,475.0,המסגר,6, ,המסגר 6 ,,4194.0,,,"חניון המסגר 6 - טאורוס בע""מ",,179820.51202391,663082.91728882,34.78401532,32.0599375,"טאורוס בע""מ",חניון המסגר 6 ,כשיר לשימוש,7:00 א-ה,20:00,יום ו' ו-שבת סגור,,04-9111900,מיה כהן,'MAYA@neot-chen.com',0544237562,כן,592-397,13/03/2026 10:13:17,
10929,9031,4.0,חניון מחסה לציבור,194.0,ז'בוטינסקי,62, ,ז'בוטינסקי 62 ,,3000.0,,,חניון אסותא,,179372.50438787,666193.8757055,34.77914136,32.08797564,אחוזות החוף,חניון אסותא,כשיר לשימוש,,,24 שעות,,03-7610300,איברהים אבו שינדי,,052-5985535,כן,592-342,13/03/2026 10:13:17,
10930,9032,4.0,חניון מחסה לציבור,1230.0,מגן קלמן אלוף,3, ,מגן קלמן אלוף 3 ,,8000.0,,,חניון גינדי שרונה,,180097.78541756,664304.69002339,34.7869014,32.07096492,גינדי החזקות,חניון שרונה מרקט,כשיר לשימוש,24 שעות,,,,,יוסף רוזנטל / רועי לביא,,053-3010225/052-3968081 (רועי לביא),כן,592-190,13/03/2026 10:13:17,
10931,9033,4.0,חניון מחסה לציבור,797.0,קרמניצקי,6, ,קרמניצקי 6 ,,1300.0,,,חניון קידמת אילון -סנטרל פארק  המפעיל -הכניסה הרגלית מנוסנבאום 1 מהשומר,,180731.14931676,663785.74728664,34.79363002,32.06630712,"אמות השקעות/מיכלסון/קימוניץ בע""מ - טל אפריון (אחד הבעלים) 0506981031",חניון קידמת אילון,כשיר לשימוש,,,24 שעות,,035601619,גיא שור - אב הבית,,054-8145130 גיא שור- אב הבית,כן,592-107,13/03/2026 10:13:17,
10932,9034,4.0,חניון מחסה לציבור,193.0,ארלוזורוב,17, ,ארלוזורוב 17 ,,11433.0,,,אחוזות חוף ארלוזורוב 17,,178820.81660463,666083.94854943,34.77330224,32.08696459,אחוזות חוף,ארלוזורוב 17,כשיר לשימוש,,,24 שעות,,03-7610300,איברהים אבו שינדי,,052-5985535,כן,592-14,13/03/2026 10:13:17,
10933,9035,4.0,חניון מחסה לציבור,376.0,"ריב""ל",34, ,"ריב""ל 34 ",,1357.0,,,"חניון ריב""ל 34",,179937.47318996,663239.33251088,34.78524743,32.06135212,,"חניון ריב""ל 34",כשיר לשימוש,,,24 שעות,,,הרצי,,0545579390,כן,592-285,13/03/2026 10:13:17,
10934,9036,4.0,חניון מחסה לציבור,187.0,דיזנגוף,61, ,דיזנגוף 61 ,MEIR DIZENGOFF      ,7295.0,,,"חניון דיזנגוף סנטר, ניתן להיכנס מכל הכניסות של המכוניות מדיזנגוף 50, קינג ג'ורג' 75 ומבוגרשוב",,178895.07671006,664793.09571679,34.77414338,32.07532664,ניהול דיזינגוף סנטר,חניוני דיזינגוף סנטר,כשיר לשימוש,א-ה 7:00-22:00,יום ו'  7:00-16:00 /יום שבת סגור,24 שעות,,050-3059250 / 03-6211400 ,שמואל,,"052-2740245- דימה קב""ט החניון",כן,592-197,13/03/2026 10:13:17,
10935,9037,4.0,חניון מחסה לציבור,132.0,מוהליבר,18, ,מוהליבר 18 ,,880.0,,,חניון מוהליבר 18,,178283.45184172,663680.10413666,34.76771334,32.06526776,סנטרל פארק,חניון מוהליבר 18,כשיר לשימוש,,,,,,,,,כן,592-56,13/03/2026 10:13:17,
10936,9038,4.0,חניון מחסה לציבור,4.0,אלנבי,115, ,אלנבי 115 ,,6390.0,,,חניון אלנבי 115,,178779.51254599,663329.46163884,34.77298142,32.06212374,אבי לוי,חניון אלנבי 115,כשיר לשימוש,,,24 שעות,,,אבי לוי,,0507653025,כן,592-94,13/03/2026 10:13:17,
10937,536,1.0,מקלט ציבורי,1120.0,החבצלת,4, ,החבצלת 4 ,,120.0,,,"המקלט נמצא מול החבצלת 4 ומול דרך הטייסים מספר 52 (נמצא מעבר לכביש התחום בגדר), בין גשר הטייסים לקיוסק הטוטו.מגיעים דרך רחוב החבצלת 4 ובשביל היוצא מרחוב אשרמן יוסף 1 עד לקיוסק ומשם שמאלה למקלט.",לא,182078.58522974,662606.64161264,34.80794535,32.05571959,,,כשיר לשימוש,,,פתיחה אוטומטית בשעת חירום,,,,,,כן,592-19,13/03/2026 10:13:17,
10938,9039,4.0,חניון מחסה לציבור,902.0,הברזל,22, ,הברזל 22 ,,17500.0,,,חניון הברזל,,185033.08242429,668417.0628618,34.83902173,32.10821108,קבוצת נכסי אריאל,חניון הברזל,כשיר לשימוש,פתוח 24 שעות,,,,,חני יוסף,,0544040630,כן,592-394,13/03/2026 10:13:17,
10939,9040,4.0,חניון מחסה לציבור,445.0,קפלן אליעזר,19, ,קפלן אליעזר 19 ,,35408.0,,,חניון דה וינצ'י,,179868.2620917,664567.96139716,34.78445976,32.07333102,,חניון דה וינצ'י,כשיר לשימוש,,,,,,,,,כן,592-400,13/03/2026 10:13:17,
10940,20380,4.0,חניון מחסה לציבור,2229.0,2229,3, ,2229 3 ,,25589.0,,,חניון מגדל כלל בניין 8 פארק עתידים,,185340.65386096,669225.64100975,34.84225164,32.11551204,,בנין מס' 8 - עתידים - כלל,כשיר לשימוש,,,פתוח 24/7,,,,,0536720802,כן,592-198,13/03/2026 10:13:17,
10941,9043,4.0,חניון מחסה לציבור,472.0,ויצמן,14, ,ויצמן 14 ,,22000.0,,,חניון ויצמן,,180280.45967691,665407.63458926,34.78879102,32.08091741,ורד,חניון ויצמן 14,כשיר לשימוש,,,פתוח 24 שעות,,,,,036095257,כן,592-374,13/03/2026 10:13:17,
10942,9048,4.0,חניון מחסה לציבור,870.0,דבורה הנביאה,122, ,דבורה הנביאה 122 ,,4000.0,,,,,185156.2105991,669028.34572965,34.84030438,32.11372727,,רונימור מגדל ויתניה,כשיר לשימוש,,,,,,,,,כן,592-224,13/03/2026 10:13:17,
10943,9026,4.0,חניון מחסה לציבור,472.0,ויצמן,30, ,ויצמן 30 ,,5400.0,,,כניסה נוספת מזיכרון יעקב 1,,180307.20371488,665774.36810992,34.78905932,32.08422547,,חניון מגדל בית לסין,כשיר לשימוש,,,,,,,,,כן,592-351,13/03/2026 10:13:17,
10944,9027,4.0,חניון מחסה לציבור,50.0,יבנה,38, ,יבנה 38 ,,7350.0,,,,,178802.56857872,663402.42574243,34.77322249,32.06278254,,יבנה 38,כשיר לשימוש,,,,,,,,,כן,592-300,13/03/2026 10:13:17,
10945,9050,4.0,חניון מחסה לציבור,2379.0,2379,2, ,2379 2 ,,20387.0,,,ניתן להכנס מ-2 כניסות לחניון צפוני ודרומי,,181383.82524338,672244.021295,34.80020597,32.14260412,קנדה ישראל,חניון וויקס,כשיר לשימוש,,,24/7,,,אסף,asafal@wix.com,0549955620,כן,592-371,13/03/2026 10:13:17,
10946,9051,4.0,חניון מחסה לציבור,3306.0,הרבי מבכרך,4, ,הרבי מבכרך 4 ,,2504.0,,,בנין מגורים- יפתחו באזעקות את הכניסה משער החניון,,178078.79355116,662854.4779645,34.76558158,32.05781495," אורלי אלטשולר סמנכ""לית מטעם היזם -רובין גרופ-מטרופולין",חניון מטרופולין,כשיר לשימוש,,,24/7,,גל לין- ועד הבית- 054-5858334,דניאל/יובל מחברת הניהול,,0532504661/0503100009,כן,592-179,13/03/2026 10:13:17,
10947,20105,8.0,מתקן מיגון קהילה ,460.0,ההגנה,135, ,ההגנה 135 ,,120.0,,,,,181471.88136839,662346.40624318,34.80153134,32.05335257,,מרכז קהילתי בית ברבור,כשיר לשימוש,,,,,,,,,כן,592-1322,13/03/2026 10:13:17,
10948,20107,7.0,מקלט פנימי בשטח בית ספר,4176.0,מעפילי אגוז,74, ,מעפילי אגוז 74 ,,380.0,,,בית ספר תל חי,,182238.34545655,662327.74721669,34.80964783,32.05320984,,בית ספר תל חי,כשיר לשימוש,,,,, ,,,,כן,592-1324,13/03/2026 10:13:17,
10949,20108,10.0,מתקן מיגון גני ילדים ,4150.0,בושם,4, ,בושם 4 ,,68.0,,,,,182144.46432327,661346.26482326,34.80869186,32.04435587,,גן ילדים אייר - יבח,כשיר לשימוש,,,,,,שהם ווילסון 		,,054-9214131,כן,592-1325,13/03/2026 10:13:17,
10950,20109,4.0,חניון מחסה לציבור,2141.0,בן יוסף שלמה,22, ,בן יוסף שלמה 22 ,,1568.0,,,הכניסה מהבניין,,181138.11289454,670328.84457599,34.79767836,32.12532523,אחוזות החוף,חניון אחימאיר,כשיר לשימוש,,,24/7,,037610300,איברהים אבו שינדי- אחוזות החוף,,052-5985535,כן,592-1329,13/03/2026 10:13:17,
10951,20110,4.0,חניון מחסה לציבור,320.0,בילינסון,1, ,בילינסון 1 ,,1636.0,,,,,178733.95548131,664967.67996465,34.77242953,32.0768952,בנין מגורים פרטי,בילינסון 1,כשיר לשימוש,,,24/7,,עודד אב הבית - 054-2111405,אבנר מלכה - מספרה מתחת לבניין,,054-4990828/ ועד דר נעם הרטוק- 050-9750195,כן,592-1331,13/03/2026 10:13:17,
10952,9052,4.0,חניון מחסה לציבור,543.0,בן סרוק,11,,בן סרוק 11,,11047.0,,,,,179690.90783991,665961.82837606,34.78252368,32.08589437,"עת""א-יפו",חניון בניין סמל,כשיר לשימוש,,,24/7,,,מירון פלד,,053-2504090,כן,592-1332,13/03/2026 10:13:17,
10953,20112,8.0,מתקן מיגון קהילה ,506.0,הוז דב,18, ,הוז דב 18 ,,66.0,,,"ממד בקומות2,3, הכי מוגן שיש-מדרגות יציאת חירום חברותא, מדרגות בניין מרכזי ",,178692.58242257,665354.65151404,34.77197491,32.08038333,,מרכז קהילתי אריק איינשטיין,כשיר לשימוש,,,,,,,,,כן,592-1355,13/03/2026 10:13:17,
10954,20113,8.0,מתקן מיגון קהילה ,3933.0,רובנשטיין יצחק,14, ,3933 2 ,,150.0,,,"רק""ע",,177157.1572427,660299.90733773,34.75593472,32.03474417,,"בית רק""ע",כשיר לשימוש,,,,,,אורלי יוסף,,053-2505509,כן,592-1371,13/03/2026 10:13:17,
10955,20114,10.0,מתקן מיגון גני ילדים ,676.0,פומבדיתא,9, ,פומבדיתא 9 ,,46.0,,,אשכול גנים פומבדיתא 9,,180127.12745922,665409.24359155,34.7871669,32.08092658,,נחט אשכול פומפדיתא,כשיר לשימוש,,,,,,איריס מייסטר,,052-3748008,כן,592-2027,13/03/2026 10:13:17,
10956,20115,10.0,מתקן מיגון גני ילדים ,25.0,בן יהודה,193, ,בן יהודה 193 ,,44.0,,,אשכול גנים רמד בן יהודה,,178844.1846378,666553.67121631,34.77352988,32.09120128,,אשכול גנים בן יהודה,כשיר לשימוש,,,,,,מירית כהן,,050-7218966,כן,592-2045,13/03/2026 10:13:17,
10957,20116,10.0,מתקן מיגון גני ילדים ,556.0,צירלסון,6, ,צירלסון 6 ,,12.0,,,,,180711.49728886,666700.90542534,34.79330423,32.09259475,,גן ילדים כט,כשיר לשימוש,,,,,,יעל הלפרין,,0548112240,כן,592-2059,13/03/2026 10:13:17,
10958,20117,10.0,מתקן מיגון גני ילדים ,646.0,נגבה,3,,נגבה 3 ,,12.0,,,,,180673.15623443,662451.31439212,34.79306974,32.05427144,,גן ילדים הודיה - רא,כשיר לשימוש,,,,,,אפרת לוי,,050-4113641,כן,592-2080,13/03/2026 10:13:17,
10959,20118,10.0,מתקן מיגון גני ילדים ,4148.0,צוקרמן אנטק יצחק,28, ,צוקרמן אנטק יצחק 28 ,,12.0,,,,,182140.80331807,661539.16009712,34.80864561,32.04609526,,גן ילדים נמש - מו,כשיר לשימוש,,,,,,רבקה לוי,,055-6698114,כן,592-2091,13/03/2026 10:13:17,
10960,20122,10.0,מתקן מיגון גני ילדים ,3546.0,פלקירה,10, ,פלקירה 10 ,,12.0,,,,,179030.84490281,662157.55997507,34.77569222,32.05156478,,גן ילדים פלקירה 10,כשיר לשימוש,,,,,,אנגלה אברמוב,,054-5441724,כן,592-2225,13/03/2026 10:13:17,
10961,20123,4.0,חניון מחסה לציבור,644.0,אלון יגאל,57, ,אלון יגאל 57 ,,6200.0,,,לתושבים לרדת לקומה מינוס 3,,180500.52798934,663409.60875263,34.79120299,32.06290723,אשדר,הלויל סלע (אשדר 2000),כשיר לשימוש,,,24 שעות-לתושבים לרדת לקומה -3,,איתן יהודה אב הבית- משרד: 03-636640,שי כהן - מנהל החניון,,050-2568984/משרד: 03-658289,כן,592-2357,13/03/2026 10:13:17,
10962,79,4.0,חניון מחסה לציבור,3808.0,שנקר אריה,3, ,שנקר אריה 3 ,,2340.0,,,קומה (-2) כשירה לשימוש,,177733.49606094,663360.83768339,34.76190323,32.06236848,,בית שרבט / היכל סיטי,כשיר לשימוש,,,,,,,,,כן,592-2357,13/03/2026 10:13:17,
10963,20381,8.0,מתקן מיגון קהילה ,,הותיקים,11, ,הותיקים 11,,90.0,,,מקלט לא נגיש,,178953.51679302,661082.99344949,34.77491871,32.04187176,,מועדון קשישים בית עמיעז,כשיר לשימוש,,,,,,איילה נפוסי,,052-3862474,כן,592-2357,13/03/2026 10:13:17,
10964,20382,8.0,מתקן מיגון קהילה ,,בורלא יהודה,31, ,בורלא יהודה 31 ,,50.0,,,קאנטרי קהילתי ל',,180372.63380777,668504.87398647,34.78964109,32.10885081,,קאנטרי קהילתי ל',כשיר לשימוש,,,,,,,,,כן,592-2357,13/03/2026 10:13:17,
10965,20383,8.0,מתקן מיגון קהילה ,,הגולן,34, ,הגולן 34 ,,60.0,,,מ.ק. קוסאר,,184299.18438236,668265.51064664,34.83125167,32.10682173,,מרכז קהילתי קוסאר,כשיר לשימוש,,,,,,,,,כן,592-2357,13/03/2026 10:13:17,
10966,20418,8.0,מתקן מיגון קהילה ,,אברבנאל,74,א,אברבנאל 74א,,30.0,,,מרחבים מוגנים,,178123.43561454,662523.9184952,34.76606852,32.05483567,,מרכז קהילתי  פלורנטין,כשיר לשימוש,,,,,,מאיה אלקובי,,053-2507765,כן,592-2357,13/03/2026 10:13:17,
10967,20631,6.0,אחר,,סהרון,16,,סהרון 16 ,,10.0,,,מיגונית אחת,,176524.47034446,660231.16824014,34.74923993,32.03410042,,מיגונית פיקוד העורף,כשיר לשימוש,,,,,,,,,כן,592-2604,13/03/2026 10:13:17,
10968,20633,6.0,אחר,,ארליך,2,,ארליך 2 ,,20.0,,,שתי מיגוניות,,176791.5177236,661567.93113796,34.75200767,32.04616521,,מיגונית פיקוד העורף,כשיר לשימוש,,,,,,,,,כן,592-2612,13/03/2026 10:13:17,
10969,20126,8.0,מתקן מיגון קהילה ,3717.0,חריף אייזיק,23, ,חריף אייזיק 23 ,,100.0,,,,,176315.26804746,660007.31092232,34.74703529,32.03207375,,מרכז עירוני בני ברית,כשיר לשימוש,,,,,,יעל לוי,,052-9101977,כן,592-1369,13/03/2026 10:13:17,
10970,20129,10.0,מתקן מיגון גני ילדים ,3724.0,צונץ,7, ,צונץ 7 ,,12.0,,,גן ילדים  אוריין-לח,,177863.02924484,661152.82854864,34.76337047,32.04246187,,גן ילדים,כשיר לשימוש,,,,,,ורד חכים,,050-2274431,כן,592-2099,13/03/2026 10:13:17,
10971,20130,7.0,מקלט פנימי בשטח בית ספר,3641.0,הותיקים,2, ,הותיקים 2 ,,220.0,,,,,179196.62413817,661323.12379041,34.77748249,32.04404591,,בית ספר דיזנגוף,כשיר לשימוש,,,,, ,,,,כן,592-2141,13/03/2026 10:13:17,
10972,20131,7.0,מקלט פנימי בשטח בית ספר,1117.0,כהנשטם,16, ,כהנשטם 16 ,,340.0,,,,,180186.20454309,666362.77494529,34.7877536,32.08952738,,בית ספר אהבת ציון,כשיר לשימוש,,,,, ,,,,כן,592-2150,13/03/2026 10:13:17,
10973,20132,7.0,מקלט פנימי בשטח בית ספר,987.0,גרונימן,11, ,גרונימן 11 ,,70.0,,,,,181183.34995876,668191.57954168,34.79824311,32.10605344,,בית ספר אילנות,כשיר לשימוש,,,,, ,,,,כן,592-2159,13/03/2026 10:13:17,
10974,20133,7.0,מקלט פנימי בשטח בית ספר,3060.0,קדם,40, ,קדם 40 ,,122.0,,,,,176407.15517791,661592.85117334,34.74793705,32.04637534,,בית ספר חסן ערפה,כשיר לשימוש,,,,, ,,,,כן,592-2184,13/03/2026 10:13:17,
10975,20134,10.0,מתקן מיגון גני ילדים ,477.0,בני דן,6, ,בני דן 6 ,,12.0,,,גן ילדים שלום-אד,,179822.66502697,666966.19980198,34.7838778,32.0949562,,גן ילדים,כשיר לשימוש,,,,,,יעלה חברים,,054-8469003,כן,592-2220,13/03/2026 10:13:17,
10976,20137,8.0,מתקן מיגון קהילה ,646.0,מונש ג'ון סר,1, ,מונש ג'ון סר 1 ,,60.0,,,הבית לאומנויות,,180624.41716523,662468.18441607,34.79255298,32.0544219,,הבית לאומנויות,כשיר לשימוש,,,,,,דפנה בוטנר,,054-6634203,כן,592-1352,13/03/2026 10:13:17,
10977,20141,10.0,מתקן מיגון גני ילדים ,527.0,ליסין,22, ,ליסין 22 ,,45.0,,, ,,180700.1872728,665830.33118937,34.79321959,32.08474371,,אשכול גנים רפז,כשיר לשימוש,,,,,,יהודית יוסוב,,054-4696569,כן,592-2030,13/03/2026 10:13:17,
10978,20143,10.0,מתקן מיגון גני ילדים ,26.0,בוגרשוב,14, ,בוגרשוב 14 ,,12.0,,, ,,178317.50689007,664928.72490934,34.76802049,32.07652879,,גן ילדים,כשיר לשימוש,,,,,,,,,כן,592-2068,13/03/2026 10:13:17,
10979,20147,7.0,מקלט פנימי בשטח בית ספר,653.0,בן אביגדור,5, ,בן אביגדור 5 ,,170.0,,,,,180166.21751472,663877.75441726,34.7876436,32.06711728,,בית ספר עירוני ו- רוגוזין,כשיר לשימוש,,,,, ,,,,כן,592-2146,13/03/2026 10:13:17,
10980,20148,7.0,מקלט פנימי בשטח בית ספר,3117.0,מנדס פרנס,15, ,מנדס פרנס 15 ,,129.0,,,,,176439.0552232,661051.06340416,34.74829903,32.04149082,,בית ספר אחוה,כשיר לשימוש,,,,, ,,,,כן,592-2182,13/03/2026 10:13:17,
10981,20149,10.0,מתקן מיגון גני ילדים ,2124.0,למדן יצחק,7, ,למדן יצחק 7 ,,12.0,,,גן ילדים דקלה-כג,,183317.24198828,669542.9194602,34.82080003,32.11831004,,גן ילדים,כשיר לשימוש,,,,,,מירב חן חיון,,054-4572345,כן,592-2219,13/03/2026 10:13:17,
10982,20151,10.0,מתקן מיגון גני ילדים ,3430.0,מעפילי סלואדור,11, ,מעפילי סלואדור 11 ,,12.0,,,גן ילדים פרפר-קלט,,176809.08074853,661386.57288049,34.75220167,32.04453042,,גן ילדים,כשיר לשימוש,,,,,,נרגס מדוך,,054-4456138,כן,592-2228,13/03/2026 10:13:17,
10983,20155,10.0,מתקן מיגון גני ילדים ,783.0,טשרניחובסקי,22, ,טשרניחובסקי 22 ,,56.0,,,אשכול טשרניחובסקי,,178619.12631828,664493.6052916,34.77123351,32.07261594,,אשכול טשרניחובסקי,כשיר לשימוש,,,,,,מירב כהן,,052-4822758,כן,592-1353,13/03/2026 10:13:17,
10984,20156,10.0,מתקן מיגון גני ילדים ,69.0,החשמונאים,92, ,החשמונאים 92 ,,77.0,,,קאנטרי חשמונאים - אשכול יזח,,179789.44797981,664065.92768442,34.78364578,32.06880101,,יזח אשכול החשמונאים,כשיר לשימוש,,,,,,שירה אצלן,,052-5454402,כן,592-1357,13/03/2026 10:13:17,
10985,20158,10.0,מתקן מיגון גני ילדים ,3527.0,בעל העקידה,34, ,בעל העקידה 34 ,,66.0,,,אשכול שפירא,,179264.59223466,662203.65604051,34.77816529,32.05198882,,אשכול שפירא - נגט,כשיר לשימוש,,,,,,שקד דרורי,,054-6361276,כן,592-2028,13/03/2026 10:13:17,
10986,20159,10.0,מתקן מיגון גני ילדים ,187.0,דיזנגוף,221, ,דיזנגוף 221 ,,12.0,,,,,178959.65480174,666355.87093549,34.77476139,32.08942172,,אשכול  דיזינגוף,כשיר לשימוש,,,,,,שירה שמר,,052-8893130,כן,592-2041,13/03/2026 10:13:17,
10987,20161,10.0,מתקן מיגון גני ילדים ,3411.0,אריסטו,16, ,אריסטו 16 ,,12.0,,,גנים,,176079.06171211,660078.36002319,34.74453159,32.03270541,,גן ילדים קלג,כשיר לשימוש,,,,,,נגלא גפאלי,,052-8883028,כן,592-2077,13/03/2026 10:13:17,
10988,20162,10.0,מתקן מיגון גני ילדים ,3704.0,"שז""ר זלמן",46, ,"שז""ר זלמן 46 ",,12.0,,,גן ילדים - אשכול שורשים,,177783.29013163,660813.94206751,34.76254093,32.03940292,,גן ילדים,כשיר לשימוש,,,,,,לילך מגל,,052-3555107,כן,592-2105,13/03/2026 10:13:17,
10989,20163,7.0,מקלט פנימי בשטח בית ספר,733.0,עמישב,50, ,עמישב 50 ,,329.0,,,,,182000.68411914,663073.890276,34.80710225,32.05993058,,בית ספר שושנה דמארי,כשיר לשימוש,,,,, ,,,,כן,592-2148,13/03/2026 10:13:17,
10990,20165,10.0,מתקן מיגון גני ילדים ,3224.0,חסידי האומות,10, ,חסידי האומות 10 ,,12.0,,,מרחב מוגן בגן ילדים,,177336.23849695,661256.2776955,34.75778866,32.04337523,,גן ילדים בת הים-נג,כשיר לשימוש,,,,,,נאילה מזלבט,,050-7491875,כן,592-2218,13/03/2026 10:13:17,
10991,20167,8.0,מתקן מיגון קהילה ,4025.0,סמטת כביר,21, ,סמטת כביר 21 ,,12.0,,,,,180155.82149996,661900.74861047,34.78761437,32.04928864,,מרכז קהילתי בית דני,כשיר לשימוש,,,,,,,,,כן,592-1351,13/03/2026 10:13:17,
10992,20169,8.0,מתקן מיגון קהילה ,3060.0,קדם,109, ,קדם 109 ,,100.0,,,,,176322.56205781,660968.51528696,34.74706941,32.04074198,,מרכז ערבי יהודי יפו,כשיר לשימוש,,,,,,,,,כן,592-1370,13/03/2026 10:13:17,
10993,20171,7.0,מקלט פנימי בשטח בית ספר,984.0,רדינג,35, ,רדינג 35 ,,302.0,,,בית ספר אלומות,,180663.85422122,668377.17580517,34.79273173,32.10770933,,בית ספר אלומות,כשיר לשימוש,,,,, ,,,,כן,592-1833,13/03/2026 10:13:17,
10994,20173,7.0,מקלט פנימי בשטח בית ספר,2039.0,אנדרסן,22, ,אנדרסן 22 ,,318.0,,,,,181081.61681433,669095.53882504,34.79712909,32.11420167,,בית ספר ניצנים,כשיר לשימוש,,,,, ,,,,כן,592-1857,13/03/2026 10:13:17,
10995,20174,10.0,מתקן מיגון גני ילדים ,4207.0,מקראי קדש,4, ,מקראי קדש 4 ,,21.0,,,גן ילדים,,181331.34316887,661773.77843021,34.80006595,32.04818396,,גן ילדים קרן אור - סי,כשיר לשימוש,,,,, ,מירה סבג,,058-7405479,כן,592-1863,13/03/2026 10:13:17,
10996,928,1.0,מקלט ציבורי,3612.0,הותיקים,6, ,הותיקים 6 ,,100.0,,,,,179157.11008207,661270.13771518,34.77706636,32.04356668,,,כשיר לשימוש,,,,,,,,,כן,592-1887,13/03/2026 10:13:17,
10997,20177,7.0,מקלט פנימי בשטח בית ספר,3007.0,שבטי ישראל,77, ,שבטי ישראל 77 ,,330.0,,,,,176896.6818729,661283.51873418,34.75313371,32.0436044,,כולנא יחד,כשיר לשימוש,,,,, ,,,,כן,592-1905,13/03/2026 10:13:17,
10998,20178,7.0,מקלט פנימי בשטח בית ספר,3050.0,נועם,8, ,נועם 8 ,,105.0,,,,,177204.32230966,662138.61594818,34.75635324,32.05132705,,בית ספר הפתוח הדמוקרטי,כשיר לשימוש,,,,, ,,,,כן,592-1917,13/03/2026 10:13:17,
10999,20179,7.0,מקלט פנימי בשטח בית ספר,610.0,הרצוג,11, ,הרצוג 11,,200.0,,, בית ספר בבלי-ירושלמי,,181004.33670461,666978.93282006,34.79639516,32.09511197,, בית ספר בבלי-ירושלמי,כשיר לשימוש,,,,, ,,,,כן,592-1941,13/03/2026 10:13:17,
11000,20180,7.0,מקלט פנימי בשטח בית ספר,2076.0,יהודה הנשיא,6, ,יהודה הנשיא 6 ,,177.0,,,,,180809.72442832,669181.64794729,34.79424476,32.11496888,,בית ספר יחדיו,כשיר לשימוש,,,,, ,,,,כן,592-1965,13/03/2026 10:13:17,
11001,20181,10.0,מתקן מיגון גני ילדים ,1109.0,נשרי צבי,5, ,נשרי צבי 5 ,,12.0,,,גן ילדים כפתור-נהט,,181437.7233199,662473.61342378,34.80116462,32.05449855,,גן ילדים,כשיר לשימוש,,,,,,נועה רובל,,052-8384329,כן,592-2084,13/03/2026 10:13:17,
11002,20185,6.0,אחר,477.0,בני דן,62, ,בני דן 62 ,,40.0,,,בית דניאל,,180499.21198748,667050.67692192,34.79104127,32.09574159,,בית דניאל,כשיר לשימוש,9:00,17:00,,,,,,,כן,592-2153,13/03/2026 10:13:17,
11003,20385,8.0,מתקן מיגון קהילה ,,קיציס יוסף,23, ,קיציס יוסף 23 ,,50.0,,,,,183374.63406976,668355.35377419,34.82145289,32.10760267,,מרכז קהילתי בית פרנקפורט,כשיר לשימוש,,,,,,,,,כן,592-2357,13/03/2026 10:13:17,
11004,20634,6.0,אחר,,אנקאווא רפאל הרב,2,,אנקאווא רפאל הרב 2 ,,10.0,,,מיגונית אחת,,181389.01325074,661592.06717223,34.80068376,32.04654726,,מיגונית פיקוד העורף,כשיר לשימוש,,,,,,,,,כן,592-2614,13/03/2026 10:13:17,
11005,20640,8.0,מתקן מיגון קהילה ,,עוזרי אהובה,4,,עוזרי אהובה 4,,,,,ממדים במבנה המרכז הקהילתי ,,178760.14251849,661381.77787368,34.77285877,32.04455919,,קאנטרי גורן גולדשטיין,כשיר לשימוש,,,,,,,,,כן,592-2626,13/03/2026 10:13:17,
11006,20187,8.0,מתקן מיגון קהילה ,3704.0,"שז""ר זלמן",12, ,"שז""ר זלמן 12 ",,120.0,,,מרחבים מוגנים במרכז קהילתי ובחדר כושר,,178197.88872025,660763.97499657,34.7669324,32.03896755,,מרכז קהילתי נווה עופר,כשיר לשימוש,,,,,,ניקול דוקולסקי ,,053-3246789,כן,592-1350,13/03/2026 10:13:17,
11007,20188,8.0,מתקן מיגון קהילה ,890.0,אבנר,1, ,אבנר 1 ,,86.0,,,,,184296.38737839,670224.80542828,34.83115012,32.12449015,,מרכז קהילתי צהלה,כשיר לשימוש,,,,,,,,,כן,592-1365,13/03/2026 10:13:17,
11008,20189,7.0,מקלט פנימי בשטח בית ספר,744.0,הטייסים,28, ,הטייסים 28 ,,425.0,,,,,181592.6865399,662652.51067776,34.80279843,32.05611703,,אורט סינגלובסקי,כשיר לשימוש,,,,, ,,,,כן,592-1814,13/03/2026 10:13:17,
11009,20190,7.0,מקלט פנימי בשטח בית ספר,662.0,לויד ג'ורג',2, ,לויד ג'ורג' 2 ,,200.0,,,,,179495.69656277,663710.43217971,34.78054965,32.06558485,,בית ספר לאומנויות,כשיר לשימוש,,,,, ,,,,כן,592-1820,13/03/2026 10:13:17,
11010,20192,7.0,מקלט פנימי בשטח בית ספר,800.0,נמיר מרדכי,81, ,נמיר מרדכי 81 ,,586.0,,,"תיכון חדש - חט""ב",,180801.88441719,666347.36392341,34.79427596,32.0894097,,בית ספר תיכון חדש,כשיר לשימוש,,,,, ,,,,כן,592-1856,13/03/2026 10:13:17,
11011,20193,7.0,מקלט פנימי בשטח בית ספר,3007.0,שבטי ישראל,53, ,שבטי ישראל 53 ,,70.0,,,,,177013.91303933,661466.85099446,34.75436679,32.04526207,בית ספר קהילה עירוני,בית ספר יסודי קהילה,כשיר לשימוש,,,,, ,,,,כן,592-1880,13/03/2026 10:13:17,
11012,20194,7.0,מקלט פנימי בשטח בית ספר,640.0,"החי""ל",8, ,"החי""ל 8 ",,44.0,,,בית ספר,,180564.1720797,662641.82466259,34.79190803,32.05598568,,בית ספר יחד בנות,כשיר לשימוש,,,,, ,,,,כן,592-1886,13/03/2026 10:13:17,
11013,20196,7.0,מקלט פנימי בשטח בית ספר,3173.0,טולוז,6, ,טולוז 6 ,,147.0,,,דונולו הרופא 12,,176363.80411636,660871.23414885,34.7475104,32.03986629,,"בית ספר עירוני י""ב - חט""ב",כשיר לשימוש,,,,, ,,,,כן,592-1898,13/03/2026 10:13:17,
11014,20197,7.0,מקלט פנימי בשטח בית ספר,984.0,רדינג,47, ,רדינג 47 ,,290.0,,,בית ספר אלונים,,180856.23649435,668562.84606877,34.79476251,32.10939027,,בית ספר אלונים,כשיר לשימוש,,,,, ,,,,כן,592-1904,13/03/2026 10:13:17,
11015,20199,7.0,מקלט פנימי בשטח בית ספר,633.0,התשעים ושלוש,4, ,התשעים ושלוש 4 ,,187.0,,,,,180154.76049845,662700.36974571,34.78757044,32.05649945,,בית ספר עירוני ח,כשיר לשימוש,,,,, ,,,,כן,592-1922,13/03/2026 10:13:17,
11016,20200,7.0,מקלט פנימי בשטח בית ספר,3187.0,3756 (רחוב (181,2, ,3756 (רחוב (181 2 ,,163.0,,,"שני ממ""מים בק. קרקע וממ""מ בק. א",,176495.37930316,660616.69578748,34.74891474,32.03757593,,"בית ספר אג'יאל חט""ב",כשיר לשימוש,,,,, ,,,,כן,592-1934,13/03/2026 10:13:17,
11017,20201,7.0,מקלט פנימי בשטח בית ספר,2191.0,בית צורי אליהו,20, ,בית צורי אליהו 20 ,,415.0,,,,,181350.01519538,669928.50100761,34.7999398,32.12172223,,בית ספר בית צורי,כשיר לשימוש,,,,, ,,,,כן,592-1940,13/03/2026 10:13:17,
11018,20204,7.0,מקלט פנימי בשטח בית ספר,460.0,ההגנה,106, ,ההגנה 106 ,,70.0,,,בתי ספר לבנים אמרי דוד ובית ספר לבנות תפארת יוסף ,,180778.63138417,662298.39517502,34.79419274,32.05289606,,בית ספר,כשיר לשימוש,,,,, ,,,,כן,592-1958,13/03/2026 10:13:17,
11019,20210,7.0,מקלט פנימי בשטח בית ספר,463.0,דון-יחייא שבתי,1, ,דון-יחייא שבתי 1 ,,120.0,,,בית ספר יסודי נווה צדק,,177971.57839895,663594.08301453,34.76441434,32.06448062,,בית ספר יסודי נווה צדק,כשיר לשימוש,,,,, ,,,,כן,592-2024,13/03/2026 10:13:17,
11020,20211,10.0,מתקן מיגון גני ילדים ,3676.0,אורים,11,,אורים 11,,24.0,,,,,180422.71287887,661610.04319775,34.79045204,32.04667636,,גן ילדים יח עא,כשיר לשימוש,,,,,,נעמה ששון ,,0506566613,כן,592-2038,13/03/2026 10:13:17,
11021,20212,10.0,מתקן מיגון גני ילדים ,493.0,בובליק,10, ,בובליק 10 ,,44.0,,,אשכול בובליק,,180218.69858923,666910.05172227,34.78807542,32.09446373,,אשכול בובליק,כשיר לשימוש,,,,,,מוריה קופיץ,,0528951298,כן,592-2064,13/03/2026 10:13:17,
11022,20213,10.0,מתקן מיגון גני ילדים ,1269.0,פעמוני יוסף,15,,פעמוני יוסף 15,,56.0,,,אשכול פעמוני,,181094.95283326,666688.52040776,34.79736671,32.09249619,,אשכול פעמוני,כשיר לשימוש,,,,,,גלית לוי,,052-2717638,כן,592-2066,13/03/2026 10:13:17,
11023,20214,10.0,מתקן מיגון גני ילדים ,3513.0,"רלב""ג",18, ,"רלב""ג 18 ",,12.0,,,גן ילדים נפטון-סד,,179265.50923597,662107.27890369,34.77817903,32.05111974,,גן ילדים,כשיר לשימוש,,,,,,מיטל ערמי,,050-7670878,כן,592-2073,13/03/2026 10:13:17,
11024,20215,10.0,מתקן מיגון גני ילדים ,3826.0,מייזל זלמן,3, ,מייזל זלמן 3 ,,12.0,,,גנים,,176377.25813546,659872.15273044,34.74769757,32.03085728,,גן ילדים מ,כשיר לשימוש,,,,,,רינת שני כהן,,054-7609328,כן,592-2078,13/03/2026 10:13:17,
11025,20216,10.0,מתקן מיגון גני ילדים ,4146.0,ששת הימים,31, ,ששת הימים 31 ,,12.0,,,גן ילדים מנגו-רפה,,182137.71431369,661751.4403985,34.80860467,32.04800947,,גן ילדים,כשיר לשימוש,,,,,,נעמה דנה,,054-9737967,כן,592-2090,13/03/2026 10:13:17,
11026,20384,8.0,מתקן מיגון קהילה ,,עולי הגרדום,50, ,עולי הגרדום 50 ,,35.0,,,,,184779.49206427,668898.62854549,34.83631752,32.11254596,,מרכז קהילתי בית קמחי,כשיר לשימוש,,,,,,,,,כן,592-2357,13/03/2026 10:13:17,
11027,20220,7.0,מקלט פנימי בשטח בית ספר,572.0,חדרה,2, ,חדרה 2 ,,92.0,,,,,180051.65135207,665869.18724453,34.78634859,32.08507162,,בית ספר יסודי התורה ב,כשיר לשימוש,,,,, ,,,,כן,592-1855,13/03/2026 10:13:17,
11028,20223,7.0,מקלט פנימי בשטח בית ספר,3223.0,נחמן מברסלב,17, ,נחמן מברסלב 17 ,,183.0,,,,,176916.63790123,660875.68115517,34.75336303,32.03992735,,בית ספר שובו,כשיר לשימוש,,,,, ,,,,כן,592-1897,13/03/2026 10:13:17,
11029,20226,7.0,מקלט פנימי בשטח בית ספר,472.0,ויצמן,74, ,ויצמן 74 ,,243.0,,,,,180438.49590128,666710.85243946,34.7904119,32.09267503,,בית ספר תיכון עירוני ד,כשיר לשימוש,,,,, ,,,,כן,592-1927,13/03/2026 10:13:17,
11030,20227,7.0,מקלט פנימי בשטח בית ספר,2074.0,הצנחנים,16, ,הצנחנים 16 ,,115.0,,,,,185028.0184171,669312.91813366,34.83893588,32.11628957,,בית ספר שמחת תורה,כשיר לשימוש,,,,, ,,,,כן,592-1933,13/03/2026 10:13:17,
11031,20228,7.0,מקלט פנימי בשטח בית ספר,2355.0,אלוני ניסים,8, ,אלוני ניסים 8א,,354.0,,,,,181066.74979322,666221.74674507,34.79708663,32.08828596,,בית ספר יפה ירקוני,כשיר לשימוש,,,,, ,,,,כן,592-1951,13/03/2026 10:13:17,
11032,20230,7.0,מקלט פנימי בשטח בית ספר,194.0,ז'בוטינסקי,106, ,ז'בוטינסקי 106 ,,339.0,,,"חט""ב+תיכון",,179901.75613926,666068.45952745,34.78475265,32.08686336,,גימנסיה הרצליה,כשיר לשימוש,,,,, ,,,,כן,592-1963,13/03/2026 10:13:17,
11033,20231,7.0,מקלט פנימי בשטח בית ספר,899.0,עשהאל,3, ,עשהאל 3 ,,210.0,,,,,184926.91227356,670075.89221687,34.83783706,32.12316681,,בית ספר צהלה,כשיר לשימוש,,,,, ,,,,כן,592-1969,13/03/2026 10:13:17,
11034,20232,7.0,מקלט פנימי בשטח בית ספר,4176.0,מעפילי אגוז,76, ,מעפילי אגוז 76 ,,70.0,,,רוז מצקין,,182195.38739557,662371.36727862,34.80919128,32.05360178,,בית ספר רוז מצקין,כשיר לשימוש,,,,, ,,,,כן,592-1993,13/03/2026 10:13:17,
11035,20233,7.0,מקלט פנימי בשטח בית ספר,3382.0,בנטוב מרדכי,8, ,בנטוב מרדכי 8 ,,620.0,,,,,178241.47578213,661131.16051787,34.76737811,32.04228035,,"בית ספר שמעון פרס חט""ב+תיכון(שבח)",כשיר לשימוש,,,,, ,,,,כן,592-2011,13/03/2026 10:13:17,
11036,20235,10.0,מתקן מיגון גני ילדים ,3229.0,מאור עינים,7, ,מאור עינים 7 ,,24.0,,,גן ילדים,,176783.79971264,661035.44038198,34.75194959,32.04136302,,גן ילדים רץ,כשיר לשימוש,,,,,,,,,כן,592-2023,13/03/2026 10:13:17,
11037,20236,10.0,מתקן מיגון גני ילדים ,1256.0,טירת צבי,5, ,טירת צבי 5 ,,34.0,,,אשכול טירת צבי,,181057.90978067,664980.31798259,34.79704267,32.07709071,,אשכול טירת צבי,כשיר לשימוש,,,,,,שיר חגבי,,0525040112,כן,592-2029,13/03/2026 10:13:17,
11038,20239,10.0,מתקן מיגון גני ילדים ,3719.0,עירית,3, ,עירית 3 ,,12.0,,,גנים,,176533.92035788,660278.99330804,34.74933783,32.03453206,,גן ילדים שני,כשיר לשימוש,,,,,,סיוון שמש		,,052-5222660,כן,592-2076,13/03/2026 10:13:17,
11039,20244,7.0,מקלט פנימי בשטח בית ספר,16.0,בלפור,12, ,בלפור 12 ,,239.0,,,בית ספר בלפור,,178744.39649613,663908.21546051,34.77258503,32.06734155,,בית ספר בלפור,כשיר לשימוש,,,,, ,,,,כן,592-2165,13/03/2026 10:13:17,
11040,20245,7.0,מקלט פנימי בשטח בית ספר,675.0,מודיליאני,19, ,מודיליאני 19 ,,300.0,,,,,179838.99505015,665367.87553281,34.78411678,32.08054345,,בית ספר היובל,כשיר לשימוש,,,,, ,,,,כן,592-2166,13/03/2026 10:13:17,
11041,20246,7.0,מקלט פנימי בשטח בית ספר,3736.0,פסטלוצי,34, ,פסטלוצי 34 ,,86.0,,,,,177246.60036969,661562.59213039,34.75682618,32.04613417,,בית ספר אג'יאל,כשיר לשימוש,,,,, ,,,,כן,592-2175,13/03/2026 10:13:17,
11042,20247,6.0,מתקן מיגון רווחה ,3120.0,הערמון,8, ,הערמון 8 ,,50.0,,,"מרכז  הירש - מרכז הורים וילדים(כ 33 מ""ר) + טיפת חלב - עג'מי כ 20 מ""ר",,176595.10244474,661403.93090513,34.7499354,32.04467885,,מרכז הירש לגיל הרך,כשיר לשימוש,,,,,,אמאל טאטור,,054-6869940,כן,592-2176,13/03/2026 10:13:17,
11043,20253,10.0,מתקן מיגון גני ילדים ,943.0,המתנדב,23, ,המתנדב 23 ,,12.0,,,מרחב מוגן בגן ילדים,,181843.13089546,669901.11196873,34.80516616,32.12149183,,גן ילדים רש,כשיר לשימוש,,,,,,אפרת פודוליאנו,,050-4138692,כן,592-2217,13/03/2026 10:13:17,
11044,20256,7.0,מקלט פנימי בשטח בית ספר,746.0,ברנפלד שמעון,15, ,ברנפלד שמעון 15 ,,110.0,,,,,181593.30954079,663188.93443933,34.80278389,32.06095443,,בית ספר עציון,כשיר לשימוש,,,,, ,,,,כן,592-1848,13/03/2026 10:13:17,
11045,20258,7.0,מקלט פנימי בשטח בית ספר,2249.0,אקסלרוד נתן,5, ,אקסלרוד נתן 5 ,,371.0,,,בית ספר אביב + אשכול גנים אביב,,180499.07898729,669402.71926115,34.79094427,32.11695174,,בית ספר אביב,כשיר לשימוש,,,,, ,,,,כן,592-1890,13/03/2026 10:13:17,
11046,20262,7.0,מקלט פנימי בשטח בית ספר,3184.0,טולוז,3, ,טולוז 3 ,,255.0,,,,,176414.4051882,660957.67427157,34.74804224,32.04064772,," בית ספר עירוני ל""ג אלמוסתקבל",כשיר לשימוש,,,,, ,,,,כן,592-1974,13/03/2026 10:13:17,
11047,20269,10.0,מתקן מיגון גני ילדים ,2075.0,נהריים,8, ,נהריים 8 ,,12.0,,,,,184885.77621516,669705.9816917,34.83741451,32.11982977,,גן ילדים אט,כשיר לשימוש,,,,,,חני כץ,,053-4676350,כן,592-2056,13/03/2026 10:13:17,
11048,20270,10.0,מתקן מיגון גני ילדים ,361.0,מלצ'ט,29, ,מלצ'ט 29 ,,25.0,,,אשכול מלצ'ט,,178994.38985105,664122.88976528,34.77522346,32.06928644,,אשכול מלצ'ט,כשיר לשימוש,,,,,,שרון הרשקוביץ,,050-7781800,כן,592-2075,13/03/2026 10:13:17,
11049,20273,7.0,מקלט פנימי בשטח בית ספר,637.0,יד לבנים,18, ,יד לבנים 18 ,,320.0,,,,,180967.40565218,663109.08132596,34.79615911,32.06021315,,בית ספר גיבורי ישראל,כשיר לשימוש,,,,, ,,,,כן,592-2138,13/03/2026 10:13:17,
11050,20275,7.0,מקלט פנימי בשטח בית ספר,554.0,ועידת קטוביץ,47, ,ועידת קטוביץ 47 ,,100.0,,,,,180516.6250122,666956.10978766,34.79122957,32.09488941,,"בית ספר עירוני ד' חט""ב",כשיר לשימוש,,,,, ,,,,כן,592-2155,13/03/2026 10:13:17,
11051,20276,7.0,מקלט פנימי בשטח בית ספר,279.0,"אד""ם הכהן",5, ,"אד""ם הכהן 5 ",,229.0,,,"מקלט מבנה ישן +ממ""קים במבנה חדש",,179095.27599428,665829.49418818,34.77622013,32.08467984,,בית ספר גרץ,כשיר לשימוש,,,,, ,,,,כן,592-2164,13/03/2026 10:13:17,
11052,20277,7.0,מקלט פנימי בשטח בית ספר,2355.0,אלוני ניסים,8, ,אלוני ניסים 8 ,,339.0,,,"חט""ב+תיכון",,181016.06772127,666182.14668885,34.79655136,32.08792713,,בית ספר צמרות,כשיר לשימוש,,,,, ,,,,כן,592-2173,13/03/2026 10:13:17,
11053,20278,7.0,מקלט פנימי בשטח בית ספר,3433.0,"חידושי הרי""ם",12,,"חידושי הרי""ם 12",,35.0,,,מבנה ישן,,176999.64201907,661179.92558711,34.75422836,32.04267409,,תיכון ז',כשיר לשימוש,,,,, ,,,,כן,592-2190,13/03/2026 10:13:17,
11054,20282,10.0,מתקן מיגון גני ילדים ,3114.0,נבטים,1, ,נבטים 1 ,,12.0,,,מרחב מוגן בגן ילדים,,176547.96137781,661142.4475339,34.74944796,32.04231905,,גן ילדים קג,כשיר לשימוש,,,,,,סמאח באלחה,,054-4426001,כן,592-2215,13/03/2026 10:13:17,
11055,20283,10.0,מתקן מיגון גני ילדים ,260.0,"חת""ם סופר",6, ,"חת""ם סופר 6 ",,51.0,,,אשכול גנים,,179096.25299567,666184.7906926,34.77621554,32.08788386,,אשכול גנים לוי יצחק,כשיר לשימוש,,,,,,דלית כרייף,,054-4256725,כן,592-2222,13/03/2026 10:13:17,
11056,20287,7.0,מקלט פנימי בשטח בית ספר,228.0,הר נבו,4, ,הר נבו 4 ,,200.0,,,,,179552.09164283,666254.7317919,34.78104111,32.0885308,,בית ספר הר נבו,כשיר לשימוש,,,,, ,,,,כן,592-1835,13/03/2026 10:13:17,
11057,20289,7.0,מקלט פנימי בשטח בית ספר,25.0,בן יהודה,86, ,בן יהודה 86 ,,200.0,,,,,178522.54018116,665410.92459393,34.77017148,32.08088462,,"תיכון טכנולוגי אגו""י",כשיר לשימוש,,,,, ,,,,כן,592-1853,13/03/2026 10:13:17,
11058,20293,7.0,מקלט פנימי בשטח בית ספר,1009.0,יגור,2, ,יגור 2,,254.0,,,"160 מ""ר במבנה החדש",,180966.32165064,662716.63976881,34.79616335,32.05667414,,בית ספר רוקח,כשיר לשימוש,,,,, ,,,,כן,592-1883,13/03/2026 10:13:17,
11059,20294,7.0,מקלט פנימי בשטח בית ספר,610.0,אונקלוס,8, ,אונקלוס 8 ,,525.0,,, בית ספר בבלי-ירושלמי,,180955.8676358,666995.63084377,34.79588104,32.0952609,, בית ספר בבלי-ירושלמי,כשיר לשימוש,,,,, ,,,,כן,592-1889,13/03/2026 10:13:17,
11060,20296,7.0,מקלט פנימי בשטח בית ספר,778.0,ההשכלה,18, ,ההשכלה 18 ,,214.0,,,,,180992.19068737,663858.33038969,34.79639156,32.06697059,,בית ספר דוד בלוך,כשיר לשימוש,,,,, ,,,,כן,592-1913,13/03/2026 10:13:17,
11061,20297,7.0,מקלט פנימי בשטח בית ספר,1005.0,אלטמן אריה,2, ,אלטמן אריה 2 ,,185.0,,,נגבה 19 -כניסה לחניון,,180943.45161817,662487.66244372,34.79593036,32.05460848,,בית ספר מעלה,כשיר לשימוש,,,,, ,,,,כן,592-1919,13/03/2026 10:13:17,
11062,20299,7.0,מקלט פנימי בשטח בית ספר,3675.0,"לח""י",8, ,"לח""י 8א",,116.0,,,בית ספר,,180236.851615,661617.54820841,34.78848388,32.0467376,,בית יעקב ד' שערי ציון,כשיר לשימוש,,,,, ,,,,כן,592-1955,13/03/2026 10:13:17,
11063,20302,10.0,מתקן מיגון גני ילדים ,2165.0,קיציס יוסף,6, ,קיציס יוסף 6 ,,12.0,,,,,183116.63470348,668182.69152906,34.81872597,32.10603734,,גן ילדים פד,כשיר לשימוש,,,,,,רונית ירחי,,0585322204,כן,592-2053,13/03/2026 10:13:17,
11064,20303,10.0,מתקן מיגון גני ילדים ,672.0,נהרדעא,4, ,נהרדעא 4 ,,56.0,,,,,179924.38817139,665559.7358052,34.78501334,32.0822766,,אשכול גנים נהרדעא,כשיר לשימוש,,,,,,לאה כהן,,055-9975005,כן,592-2062,13/03/2026 10:13:17,
11065,20307,7.0,מקלט פנימי בשטח בית ספר,1034.0,גבעתי,4, ,גבעתי 4 ,,108.0,,,,,180943.5456183,662061.02283802,34.79594845,32.05076112,,בית ספר הגליל,כשיר לשימוש,,,,, ,,,,כן,592-2125,13/03/2026 10:13:17,
11066,20308,7.0,מקלט פנימי בשטח בית ספר,4080.0,לובטקין צביה,35, ,לובטקין צביה 35 ,,280.0,,,,,181900.80497734,661811.08548317,34.80609395,32.04853948,,"בית ספר בעש""ט",כשיר לשימוש,,,,, ,,,,כן,592-2129,13/03/2026 10:13:17,
11067,20309,7.0,מקלט פנימי בשטח בית ספר,1122.0,הצבי,5, ,הצבי 5 ,,150.0,,,,,182228.7254429,662673.3167073,34.80953258,32.05632582,,בית ספר צבי שפירא,כשיר לשימוש,,,,, ,,,,כן,592-2144,13/03/2026 10:13:17,
11068,20310,7.0,מקלט פנימי בשטח בית ספר,27.0,הירקון,248, ,הירקון 248 ,,100.0,,,מקלט,,178762.11352129,666608.8142946,34.77265817,32.09169558,,בית ספר א.ד גורדון,כשיר לשימוש,,,,, ,,,,כן,592-2151,13/03/2026 10:13:17,
11069,20311,7.0,מקלט פנימי בשטח בית ספר,2116.0,בורלא יהודה,25, ,בורלא יהודה 25 ,,61.0,,,,,180452.98092184,668760.44934931,34.79048196,32.11115831,,בית ספר ארן,כשיר לשימוש,,,,, ,,,,כן,592-2156,13/03/2026 10:13:17,
11070,20318,10.0,מתקן מיגון גני ילדים ,3010.0,רבי פנחס,4,ו,רבי פנחס 4ו,,12.0,,,מרחב מוגן בגן ילדים,,176980.75999227,662217.42006006,34.75398262,32.0520293,,גן ילדים הרובע -נ,כשיר לשימוש,,,,,,סיגל מונרוב,,0528838354,כן,592-2213,13/03/2026 10:13:17,
11071,20322,10.0,מתקן מיגון גני ילדים ,2355.0,דוש (קריאל גרדוש),6, ,דוש (קריאל גרדוש) 6 ,,36.0,,,אשכול גנים ריג (צמרות) ,,181078.31480964,666247.5477817,34.7972081,32.08851902,,אשכול גנים צמרות,כשיר לשימוש,,,,,,רותם דברת,,054-7650559,כן,592-1834,13/03/2026 10:13:17,
11072,20323,7.0,מקלט פנימי בשטח בית ספר,210.0,שמעון התרסי,31, ,שמעון התרסי 31 ,,199.0,,,,,179533.93461705,666914.18572814,34.78082134,32.09447696,,בית ספר אוסישקין,כשיר לשימוש,,,,, ,,,,כן,592-1852,13/03/2026 10:13:17,
11073,20324,7.0,מקלט פנימי בשטח בית ספר,3535.0,ישראל מסלנט,42, ,ישראל מסלנט 42 ,,227.0,,,,,179554.67964651,662161.14298016,34.78123861,32.05161573,,בית ספר בית יעקב ה,כשיר לשימוש,,,,, ,,,,כן,592-1870,13/03/2026 10:13:17,
11074,20325,7.0,מקלט פנימי בשטח בית ספר,4150.0,בושם,76, ,בושם 76 ,,140.0,,,,,181282.80009995,661450.26197091,34.79956482,32.04526489,,בית ספר חורב,כשיר לשימוש,,,,, ,,,,כן,592-1876,13/03/2026 10:13:17,
11075,20327,7.0,מקלט פנימי בשטח בית ספר,580.0,אנטיגונוס,6, ,אנטיגונוס 6 ,,356.0,,,,,179831.85704002,666653.29135774,34.7839881,32.09213479,,בית ספר יהודה מכבי,כשיר לשימוש,,,,, ,,,,כן,592-1900,13/03/2026 10:13:17,
11076,20328,7.0,מקלט פנימי בשטח בית ספר,1300.0,בקר אהרון,10, ,בקר אהרון 10 ,,236.0,,,,,182788.10523706,669939.63802343,34.81517806,32.12187044,,בית ספר נעמי שמר,כשיר לשימוש,,,,, ,,,,כן,592-1948,13/03/2026 10:13:17,
11077,20329,7.0,מקלט פנימי בשטח בית ספר,25.0,בן יהודה,227, ,בן יהודה 227 ,,120.0,,,,,178931.60476192,667001.52585214,34.77443699,32.09524307,,בית ספר עירוני ה,כשיר לשימוש,,,,, ,,,,כן,592-1960,13/03/2026 10:13:17,
11078,20330,7.0,מקלט פנימי בשטח בית ספר,870.0,דבורה הנביאה,85, ,דבורה הנביאה 85 ,,80.0,,,,,185008.0793888,669276.28808166,34.83872592,32.11595864,,בית יעקב הרים לוין (יסודי התורה א),כשיר לשימוש,,,,, ,,,,כן,592-1966,13/03/2026 10:13:17,
11079,20331,7.0,מקלט פנימי בשטח בית ספר,758.0,דיין משה,45, ,דיין משה 45 ,,132.0,,,,,181181.36895595,662230.45007855,34.79845984,32.05229708,,בית ספר נתיב,כשיר לשימוש,,,,, ,,,,כן,592-1978,13/03/2026 10:13:17,
11080,20332,7.0,מקלט פנימי בשטח בית ספר,4150.0,בושם,76, ,בושם 76 ,,350.0,,,,,181341.82118374,661476.50600817,34.80018868,32.04550355,,בית ספר עפרה חזה,כשיר לשימוש,,,,, ,,,,כן,592-1984,13/03/2026 10:13:17,
11081,131,2.0,מקלט ציבורי במוסדות חינוך,817.0,קדש ברנע,4, ,קדש ברנע 4 ,,100.0,,,,,182621.61500069,668895.48454102,34.813454,32.11244907,,בית ספר מגן,כשיר לשימוש,,,,,,,,,כן,592-2014,13/03/2026 10:13:17,
11082,20336,10.0,מתקן מיגון גני ילדים ,819.0,הדר יוסף,7, ,הדר יוסף 7 ,,12.0,,,,,183066.52163233,668563.0770691,34.81818059,32.10946596,,גן ילדים רפב,כשיר לשימוש,,,,,,שרית שרעבי,,053-2414921,כן,592-2054,13/03/2026 10:13:17,
11083,20337,10.0,מתקן מיגון גני ילדים ,193.0,ארלוזורוב,95, ,ארלוזורוב 95 ,,46.0,,,אשכול ארלוזורוב,,179856.54907508,665825.52818255,34.78428382,32.08467108,,אשכול ארלוזורוב,כשיר לשימוש,,,,,,ורד דניאלי,,052-3459258,כן,592-2069,13/03/2026 10:13:17,
11084,20340,10.0,מתקן מיגון גני ילדים ,3059.0,מיכלאנג'לו,20, ,מיכלאנג'לו 20 ,,12.0,,,,,177146.22422718,661827.78050688,34.75575176,32.04852182,,גן ילדים אנדרומדה- נט,כשיר לשימוש,,,,,,עביר אלקטראוי,,050-7334803,כן,592-2101,13/03/2026 10:13:17,
11085,20342,7.0,מקלט פנימי בשטח בית ספר,4147.0,אנקאווא רפאל הרב,13, ,אנקאווא רפאל הרב 13 ,,281.0,,,,,181336.02517551,661700.54332624,34.80011843,32.04752369,,בית ספר כפיר,כשיר לשימוש,,,,, ,,,,כן,592-2126,13/03/2026 10:13:17,
11086,20343,7.0,מקלט פנימי בשטח בית ספר,1077.0,המערכה,9, ,המערכה 9 ,,46.0,,,,,180661.99421858,663241.69851424,34.79291964,32.06139861,,בית ספר אנוך,כשיר לשימוש,,,,, ,,,,כן,592-2139,13/03/2026 10:13:17,
11087,20344,7.0,מקלט פנימי בשטח בית ספר,3368.0,הנגרים,23, ,הנגרים 23 ,,308.0,,,,,177969.9233966,662677.53471329,34.76443639,32.05621531,,בית ספר דוריאנוב,כשיר לשימוש,,,,, ,,,,כן,592-2143,13/03/2026 10:13:17,
11088,20345,7.0,מקלט פנימי בשטח בית ספר,488.0,ילין דוד,11, ,ילין דוד 11 ,,220.0,,,,,179846.43306071,666210.23072872,34.78416079,32.08813988,,בית ספר ארנון,כשיר לשימוש,,,,, ,,,,כן,592-2158,13/03/2026 10:13:17,
11089,20350,10.0,מתקן מיגון גני ילדים ,263.0,קורדובה,10, ,קורדובה 10 ,,38.0,,,מרחב מוגן בגן ילדים,,179291.06227224,666137.39362531,34.77828104,32.0874634,,אשכול גנים קורדובה,כשיר לשימוש,,,,,,כרמית לוריא,,054-7588011,כן,592-2211,13/03/2026 10:13:17,
11090,20351,10.0,מתקן מיגון גני ילדים ,986.0,הרטגלס,13, ,הרטגלס 13 ,,12.0,,,מרחב מוגן בגן ילדים,,181000.50569917,667989.05725415,34.79631407,32.10422092,,גן ילדים צד,כשיר לשימוש,,,,,,שרון זלצמן,,054-4255126,כן,592-2214,13/03/2026 10:13:17,
11091,20352,9.0,מתקן מיגון רווחה ,124.0,"האר""י",10, ,"האר""י 10 ",,18.0,,,,,178259.58480784,664205.801883,34.76743804,32.07000752,,מועדון הכרם,כשיר לשימוש,,,,,,,,,כן,592-2223,13/03/2026 10:13:17,
11092,20219,7.0,מקלט פנימי בשטח בית ספר,462.0,צייטלין,22, ,צייטלין 22 ,,535.0,,,,,179882.58411204,665150.19722377,34.78458744,32.078582,,בית ספר תיכון  צייטלין ב-ג,כשיר לשימוש,,,,, ,,,,כן,592-2037,13/03/2026 10:13:17,
11093,20357,7.0,מקלט פנימי בשטח בית ספר,4064.0,מושיע,21, ,מושיע 21 ,,150.0,,,,,180702.37727591,662063.27184121,34.7933948,32.05077314,,בית ספר גוונים- הירדן,כשיר לשימוש,,,,, ,,,,כן,592-2124,13/03/2026 10:13:17,
11094,20360,7.0,מקלט פנימי בשטח בית ספר,5.0,העליה,49, ,העליה 49 ,,350.0,,,,,178695.62342689,662590.26458939,34.77212443,32.05545477,,בית ספר ביאליק,כשיר לשימוש,,,,, ,,,,כן,592-2137,13/03/2026 10:13:17,
11095,20362,7.0,מקלט פנימי בשטח בית ספר,2081.0,לויטן יצחק,7, ,לויטן יצחק 7 ,,23.0,,,,,181104.43384672,669596.77453666,34.79735078,32.11872247,,בית ספר ארזים,כשיר לשימוש,,,,, ,,,,כן,592-2161,13/03/2026 10:13:17,
11096,20363,7.0,מקלט פנימי בשטח בית ספר,347.0,שפירא צבי הרמן,21, ,שפירא צבי הרמן 21 ,,153.0,,,,,179199.45314218,664767.76568083,34.77736812,32.07510913,,בית ספר גבריאלי,כשיר לשימוש,,,,, ,,,,כן,592-2169,13/03/2026 10:13:17,
11097,20366,10.0,מתקן מיגון גני ילדים ,1254.0,לישנסקי יוסף,5, ,לישנסקי יוסף 5 ,,80.0,,,,,179280.11825671,662793.1318774,34.77830504,32.05730515,,אשכול  גנים כבח,כשיר לשימוש,,,,,,מרים אליאסוב,,0548452632,כן,592-2187,13/03/2026 10:13:17,
11098,20369,6.0,אחר,496.0,אבן גבירול,124, ,אבן גבירול 124 ,,200.0,,,מגדל המאה,,179600.24071119,666030.3214733,34.78156046,32.08650882,,מגדל המאה,כשיר לשימוש,,,24,,,,,,כן,592-2203,13/03/2026 10:13:17,
11099,20374,10.0,מתקן מיגון גני ילדים ,3658.0,קמינסקה,9, ,קמינסקה 9 ,,12.0,,,,,179053.02093429,660884.96516835,34.7759805,32.04008954,,גן ילדים קמד,כשיר לשימוש,,,,,,סיגי סלומון,,052-6881826,כן,592-2098,13/03/2026 10:13:17,
11100,20386,8.0,מתקן מיגון קהילה ,,ארלוזורוב,97, ,ארלוזורוב 97 ,,150.0,,,,,179900.03313681,665819.79617441,34.78474465,32.08462091,,קאנטרי ארלוזרוב,כשיר לשימוש,,,,,,,,,כן,592-2357,13/03/2026 10:13:17,
11101,20388,8.0,מתקן מיגון קהילה ,,שאול המלך,25, ,שאול המלך 25 ,,200.0,,,,,179978.32224796,664901.6458709,34.78561167,32.07634397,,בית אריאלה,כשיר לשימוש,,,,,,אורי אליס,,054-6798003,כן,592-2357,13/03/2026 10:13:17,
11102,20391,8.0,מתקן מיגון קהילה ,,"הבעש""ט",8,,"הבעש""ט 8",,20.0,,,מרכז הספורט נוה גולן משתמשים במקלט של הבריכה ,,176743.58165554,660531.61666669,34.75154616,32.03681811,,בריכת נווה גולן,כשיר לשימוש,,,,,,יניב יחזקאל,,053-2507708,כן,592-2357,13/03/2026 10:13:17,
11103,20387,8.0,מתקן מיגון קהילה ,,המלך ג'ורג',33,א,המלך ג'ורג' 33א,,30.0,,,,,178671.42539253,664452.22923286,34.77178915,32.07224472,,המרכז הגאה,כשיר לשימוש,,,,,,,,,כן,592-2357,13/03/2026 10:13:17,
11104,20393,9.0,מתקן מיגון רווחה ,,עירית,17, ,עירית 17 ,,100.0,,,מרכז הורים ילדים גפן (מקלט80 מטר)+ טיפת חלב(20מטר),,176494.04730127,660345.64240266,34.74891275,32.03513157,,מרכז הורים ילדים גפן + טיפת חלב -יפו ג',כשיר לשימוש,,,,,,מיכל,,054-4555586,כן,592-2357,13/03/2026 10:13:17,
11105,20389,8.0,מתקן מיגון קהילה ,,נחלת יצחק,18, ,נחלת יצחק 18 ,,250.0,,,,,181071.92280056,664610.14945706,34.79720588,32.07375307,,מגדלי תל אביב,כשיר לשימוש,,,,,,בני רזניק,,050-5432131,כן,592-2357,13/03/2026 10:13:17,
11106,20475,10.0,מתקן מיגון גני ילדים ,,בורמה,11,,בורמה 11 ,,,,,,,178694.31642503,661134.78352302,34.7721723,32.04232946,,ברקת,כשיר לשימוש,,,,,,אירנה מועלם,,0542447297,כן,592-2416,13/03/2026 10:13:17,
11107,20635,6.0,אחר,,"חב""ד",26,,"חב""ד 26 ",,20.0,,,מיגונית שתיים,,176920.28790641,661008.87734427,34.75339578,32.04112863,,מיגונית פיקוד העורף,כשיר לשימוש,,,,,,,,,כן,592-2615,13/03/2026 10:13:17,
11108,20630,6.0,אחר,,הכרמל,4,,הכרמל 4 ,,20.0,,,2 מיגוניות,,177997.99443645,663717.47118971,34.76468876,32.06559428,,מיגונית פיקוד העורף,כשיר לשימוש,,,,,,,,,כן,592-2603,13/03/2026 10:13:17,
11109,20632,6.0,אחר,,בכורי ציון,1,,בכורי ציון 1 ,,10.0,,,מיגונית אחת,,177445.10465151,661503.99104719,34.75893045,32.04561312,,מיגונית פיקוד העורף,כשיר לשימוש,,,,,,,,,כן,592-2611,13/03/2026 10:13:17,
11110,20636,6.0,אחר,,שלמה,16,,שלמה 16 ,,20.0,,,מיגונית שתיים,,177698.88801181,662447.63138689,34.76157642,32.0541321,,מיגונית פיקוד העורף,כשיר לשימוש,,,,,,,,,כן,592-2616,13/03/2026 10:13:17,
11111,20638,8.0,מתקן מיגון קהילה ,,גולומב,29,,גולומב 29 ,,,,,,,179605.56671875,662156.11697302,34.78177763,32.05157221,,מרכז קהילתי דרור,כשיר לשימוש,,,,,,,,,כן,592-2624,13/03/2026 10:13:17,
11112,20665,,אחר,,יהודה הלוי,60,,יהודה הלוי 60 ,,10.0,,,,,,,,,,מיגונית פיקוד העורף,כשיר לשימוש,,,,,,,,,כן,592-2658,13/03/2026 10:13:17,
11113,20662,6.0,אחר,,"מזא""ה",34,,"מזא""ה 34",,40.0,,,מינהל החינוך - איכפ''ת,,178952.66079181,663752.22023904,34.77479716,32.06594232,,משרדי יחידת איכפ''ת,כשיר לשימוש,,,,,,דורית הינדי,,,כן,592-2655,13/03/2026 10:13:17,
11114,20664,,אחר,,אסא קדמוני,2,,אסא קדמוני 2 ,,10.0,,,,,,,,,,מיגונית פיקוד העורף,כשיר לשימוש,,,,,,,,,כן,592-2657,13/03/2026 10:13:17,
